   Compiling zstd-sys v2.0.16+zstd.1.5.7
   Compiling warning: unused variable: `status`
   --> /Users/rickglenn/Desktop/dytallix/blockchain-core/src/api/mod.rs:718:9
    |
718 |     let status = warp::path("status")
    |         ^^^^^^ help: if this is intentional, prefix it with an underscore: `_status`
    |
    = note: `#[warn(unused_variables)]` on by default

warning: `dytallix-node` (lib) generated 1 warning
warning: unused import: `basic_validate`
  --> node/src/rpc/mod.rs:20:15
   |
20 |     mempool::{basic_validate, Mempool},
   |               ^^^^^^^^^^^^^^
   |
   = note: `#[warn(unused_imports)]` on by default

warning: unused variable: `ctx`
    --> node/src/rpc/mod.rs:1757:15
     |
1757 |     Extension(ctx): Extension<RpcContext>,
     |               ^^^ help: if this is intentional, prefix it with an underscore: `_ctx`
     |
     = note: `#[warn(unused_variables)]` on by default

warning: unused variable: `e`
  --> node/src/rpc/contracts.rs:32:19
   |
32 |         .map_err(|e| ApiError::Internal)?;
   |                   ^ help: if this is intentional, prefix it with an underscore: `_e`

warning: unused variable: `e`
  --> node/src/rpc/contracts.rs:70:19
   |
70 |         .map_err(|e| ApiError::Internal)?;
   |                   ^ help: if this is intentional, prefix it with an underscore: `_e`

warning: unused variable: `ctx`
  --> node/src/rpc/contracts.rs:81:15
   |
81 |     Extension(ctx): Extension<RpcContext>,
   |               ^^^ help: if this is intentional, prefix it with an underscore: `_ctx`

warning: unused variable: `address`
  --> node/src/rpc/contracts.rs:82:11
   |
82 |     Path((address, key)): Path<(String, String)>,
   |           ^^^^^^^ help: if this is intentional, prefix it with an underscore: `_address`

warning: unused variable: `key`
  --> node/src/rpc/contracts.rs:82:20
   |
82 |     Path((address, key)): Path<(String, String)>,
   |                    ^^^ help: if this is intentional, prefix it with an underscore: `_key`

warning: unused import: `base64::Engine`
  --> node/src/rpc/mod.rs:31:5
   |
31 | use base64::Engine;
   |     ^^^^^^^^^^^^^^

warning: `dytallix-fast-node` (lib) generated 8 warnings (run `cargo fix --lib -p dytallix-fast-node` to apply 1 suggestion)
    Finished `release` profile [optimized] target(s) in 9m 09s
     Running `target/release/dytallix-fast-node`
Prefunded testkey account dytallix125074e67f966c5c9a0538381c2398a8966cda568 with 1000000000 udgt and udrt
GovernanceConfig:min_deposit=1000000000 deposit_period=5 voting_period=10 quorum_bps=6700 threshold_bps=5000 veto_bps=3333 
Secrets mode: Plain Keystore (dev) path=/Users/rickglenn/.dytallix/keystore — no passphrase required
Validator key loaded (64 bytes) via secure provider
Node listening on 0.0.0.0:3003
INFO  [Storage] Committing block #23844 with 0 transaction(s) (hash: 0x18f49bd7a47cfb)
INFO  [Storage] Block #23844 serialized (257 bytes)
produced block height=23844 tx_total=0 successes=0
INFO  [Storage] Committing block #23845 with 0 transaction(s) (hash: 0xf8e000e8c875dd)
INFO  [Storage] Block #23845 serialized (257 bytes)
produced block height=23845 tx_total=0 successes=0
INFO  [Storage] Committing block #23846 with 0 transaction(s) (hash: 0x1cf97c2593f8d0)
INFO  [Storage] Block #23846 serialized (257 bytes)
produced block height=23846 tx_total=0 successes=0
INFO  [Storage] Committing block #23847 with 0 transaction(s) (hash: 0x3564f273b2a28c)
INFO  [Storage] Block #23847 serialized (257 bytes)
produced block height=23847 tx_total=0 successes=0
INFO  [Storage] Committing block #23848 with 0 transaction(s) (hash: 0x0e960eb47e1a9a)
INFO  [Storage] Block #23848 serialized (257 bytes)
produced block height=23848 tx_total=0 successes=0
INFO  [Storage] Committing block #23849 with 0 transaction(s) (hash: 0x61556c865b3218)
INFO  [Storage] Block #23849 serialized (257 bytes)
produced block height=23849 tx_total=0 successes=0
INFO  [Storage] Committing block #23850 with 0 transaction(s) (hash: 0x5a68829f53a254)
INFO  [Storage] Block #23850 serialized (257 bytes)
produced block height=23850 tx_total=0 successes=0
INFO  [Storage] Committing block #23851 with 0 transaction(s) (hash: 0x5bee1ba9d9853a)
INFO  [Storage] Block #23851 serialized (257 bytes)
produced block height=23851 tx_total=0 successes=0
INFO  [Storage] Committing block #23852 with 0 transaction(s) (hash: 0x920ed519294cb2)
INFO  [Storage] Block #23852 serialized (257 bytes)
produced block height=23852 tx_total=0 successes=0
INFO  [Storage] Committing block #23853 with 0 transaction(s) (hash: 0x710a486e2b8ce1)
INFO  [Storage] Block #23853 serialized (257 bytes)
produced block height=23853 tx_total=0 successes=0
INFO  [Storage] Committing block #23854 with 0 transaction(s) (hash: 0xd4bdeeaceebe95)
INFO  [Storage] Block #23854 serialized (257 bytes)
produced block height=23854 tx_total=0 successes=0
INFO  [Storage] Committing block #23855 with 0 transaction(s) (hash: 0x37f5e9e12e2f44)
INFO  [Storage] Block #23855 serialized (257 bytes)
produced block height=23855 tx_total=0 successes=0
INFO  [Storage] Committing block #23856 with 0 transaction(s) (hash: 0x6166be4fbe9a2a)
INFO  [Storage] Block #23856 serialized (257 bytes)
produced block height=23856 tx_total=0 successes=0
INFO  [Storage] Committing block #23857 with 0 transaction(s) (hash: 0x3431f0614b1062)
INFO  [Storage] Block #23857 serialized (257 bytes)
produced block height=23857 tx_total=0 successes=0
INFO  [Storage] Committing block #23858 with 0 transaction(s) (hash: 0x83f1bfd822d1fc)
INFO  [Storage] Block #23858 serialized (257 bytes)
produced block height=23858 tx_total=0 successes=0
INFO  [Storage] Committing block #23859 with 0 transaction(s) (hash: 0x27ed1a428f98ac)
INFO  [Storage] Block #23859 serialized (257 bytes)
produced block height=23859 tx_total=0 successes=0
INFO  [Storage] Committing block #23860 with 0 transaction(s) (hash: 0x08ffd678b6dadf)
INFO  [Storage] Block #23860 serialized (257 bytes)
produced block height=23860 tx_total=0 successes=0
INFO  [Storage] Committing block #23861 with 0 transaction(s) (hash: 0x6fb1b7897737ae)
INFO  [Storage] Block #23861 serialized (257 bytes)
produced block height=23861 tx_total=0 successes=0
INFO  [Storage] Committing block #23862 with 0 transaction(s) (hash: 0x5ee8fa9a48d2a1)
INFO  [Storage] Block #23862 serialized (257 bytes)
produced block height=23862 tx_total=0 successes=0
INFO  [Storage] Committing block #23863 with 0 transaction(s) (hash: 0x6ab263e289d826)
INFO  [Storage] Block #23863 serialized (257 bytes)
produced block height=23863 tx_total=0 successes=0
INFO  [Storage] Committing block #23864 with 0 transaction(s) (hash: 0x2218e519f11aa3)
INFO  [Storage] Block #23864 serialized (257 bytes)
produced block height=23864 tx_total=0 successes=0
INFO  [Storage] Committing block #23865 with 0 transaction(s) (hash: 0x01147c1e565546)
INFO  [Storage] Block #23865 serialized (257 bytes)
produced block height=23865 tx_total=0 successes=0
INFO  [Storage] Committing block #23866 with 0 transaction(s) (hash: 0x9af52818fc9a75)
INFO  [Storage] Block #23866 serialized (257 bytes)
produced block height=23866 tx_total=0 successes=0
INFO  [Storage] Committing block #23867 with 0 transaction(s) (hash: 0x9408ed7db009dc)
INFO  [Storage] Block #23867 serialized (257 bytes)
produced block height=23867 tx_total=0 successes=0
INFO  [Storage] Committing block #23868 with 0 transaction(s) (hash: 0xf9ad2329063fb8)
INFO  [Storage] Block #23868 serialized (257 bytes)
produced block height=23868 tx_total=0 successes=0
INFO  [Storage] Committing block #23869 with 0 transaction(s) (hash: 0x6607f9ddecb691)
INFO  [Storage] Block #23869 serialized (257 bytes)
produced block height=23869 tx_total=0 successes=0
INFO  [Storage] Committing block #23870 with 0 transaction(s) (hash: 0x84a1da6434c407)
INFO  [Storage] Block #23870 serialized (257 bytes)
produced block height=23870 tx_total=0 successes=0
INFO  [Storage] Committing block #23871 with 0 transaction(s) (hash: 0xd7024e078457af)
INFO  [Storage] Block #23871 serialized (257 bytes)
produced block height=23871 tx_total=0 successes=0
INFO  [Storage] Committing block #23872 with 0 transaction(s) (hash: 0x2dae57434cbc4f)
INFO  [Storage] Block #23872 serialized (257 bytes)
produced block height=23872 tx_total=0 successes=0
INFO  [Storage] Committing block #23873 with 0 transaction(s) (hash: 0x0304edd2ddd11b)
INFO  [Storage] Block #23873 serialized (257 bytes)
produced block height=23873 tx_total=0 successes=0
INFO  [Storage] Committing block #23874 with 0 transaction(s) (hash: 0x8ad715699d40f4)
INFO  [Storage] Block #23874 serialized (257 bytes)
produced block height=23874 tx_total=0 successes=0
INFO  [Storage] Committing block #23875 with 0 transaction(s) (hash: 0x94a773a19c8e06)
INFO  [Storage] Block #23875 serialized (257 bytes)
produced block height=23875 tx_total=0 successes=0
INFO  [Storage] Committing block #23876 with 0 transaction(s) (hash: 0x65b5c12219661c)
INFO  [Storage] Block #23876 serialized (257 bytes)
produced block height=23876 tx_total=0 successes=0
INFO  [Storage] Committing block #23877 with 0 transaction(s) (hash: 0x8c5de998e00560)
INFO  [Storage] Block #23877 serialized (257 bytes)
produced block height=23877 tx_total=0 successes=0
INFO  [Storage] Committing block #23878 with 0 transaction(s) (hash: 0x71dd983ed5d78b)
INFO  [Storage] Block #23878 serialized (257 bytes)
produced block height=23878 tx_total=0 successes=0
INFO  [Storage] Committing block #23879 with 0 transaction(s) (hash: 0x2c2efac772f6bc)
INFO  [Storage] Block #23879 serialized (257 bytes)
produced block height=23879 tx_total=0 successes=0
INFO  [Storage] Committing block #23880 with 0 transaction(s) (hash: 0x668c0a20f6e6c6)
INFO  [Storage] Block #23880 serialized (257 bytes)
produced block height=23880 tx_total=0 successes=0
INFO  [Storage] Committing block #23881 with 0 transaction(s) (hash: 0x5dc65073f92914)
INFO  [Storage] Block #23881 serialized (257 bytes)
produced block height=23881 tx_total=0 successes=0
INFO  [Storage] Committing block #23882 with 0 transaction(s) (hash: 0x6ddb47018a32c8)
INFO  [Storage] Block #23882 serialized (257 bytes)
produced block height=23882 tx_total=0 successes=0
INFO  [Storage] Committing block #23883 with 0 transaction(s) (hash: 0x72a7cd43363df4)
INFO  [Storage] Block #23883 serialized (257 bytes)
produced block height=23883 tx_total=0 successes=0
INFO  [Storage] Committing block #23884 with 0 transaction(s) (hash: 0xdb8523d0783287)
INFO  [Storage] Block #23884 serialized (257 bytes)
produced block height=23884 tx_total=0 successes=0
INFO  [Storage] Committing block #23885 with 0 transaction(s) (hash: 0xbb56516bca1089)
INFO  [Storage] Block #23885 serialized (257 bytes)
produced block height=23885 tx_total=0 successes=0
INFO  [Storage] Committing block #23886 with 0 transaction(s) (hash: 0x2601c881eb8cdb)
INFO  [Storage] Block #23886 serialized (257 bytes)
produced block height=23886 tx_total=0 successes=0
INFO  [Storage] Committing block #23887 with 0 transaction(s) (hash: 0x82b54ce00aa5d3)
INFO  [Storage] Block #23887 serialized (257 bytes)
produced block height=23887 tx_total=0 successes=0
INFO  [Storage] Committing block #23888 with 0 transaction(s) (hash: 0xefb8d7cc6bd01d)
INFO  [Storage] Block #23888 serialized (257 bytes)
produced block height=23888 tx_total=0 successes=0
INFO  [Storage] Committing block #23889 with 0 transaction(s) (hash: 0x7b6a2e2389ab98)
INFO  [Storage] Block #23889 serialized (257 bytes)
produced block height=23889 tx_total=0 successes=0
INFO  [Storage] Committing block #23890 with 0 transaction(s) (hash: 0xdcdf0ca4afe86a)
INFO  [Storage] Block #23890 serialized (257 bytes)
produced block height=23890 tx_total=0 successes=0
INFO  [Storage] Committing block #23891 with 0 transaction(s) (hash: 0xfd10031d3f3788)
INFO  [Storage] Block #23891 serialized (257 bytes)
produced block height=23891 tx_total=0 successes=0
INFO  [Storage] Committing block #23892 with 0 transaction(s) (hash: 0x93d6b7e50d3b16)
INFO  [Storage] Block #23892 serialized (257 bytes)
produced block height=23892 tx_total=0 successes=0
INFO  [Storage] Committing block #23893 with 0 transaction(s) (hash: 0x5658155947cfd3)
INFO  [Storage] Block #23893 serialized (257 bytes)
produced block height=23893 tx_total=0 successes=0
INFO  [Storage] Committing block #23894 with 0 transaction(s) (hash: 0x3f41f2ffe5937e)
INFO  [Storage] Block #23894 serialized (257 bytes)
produced block height=23894 tx_total=0 successes=0
INFO  [Storage] Committing block #23895 with 0 transaction(s) (hash: 0xeb8eb24c8f9bbf)
INFO  [Storage] Block #23895 serialized (257 bytes)
produced block height=23895 tx_total=0 successes=0
INFO  [Storage] Committing block #23896 with 0 transaction(s) (hash: 0x90bbad8d0bb769)
INFO  [Storage] Block #23896 serialized (257 bytes)
produced block height=23896 tx_total=0 successes=0
INFO  [Storage] Committing block #23897 with 0 transaction(s) (hash: 0x475bbd29120555)
INFO  [Storage] Block #23897 serialized (257 bytes)
produced block height=23897 tx_total=0 successes=0
INFO  [Storage] Committing block #23898 with 0 transaction(s) (hash: 0x3abecd7f0c6d0d)
INFO  [Storage] Block #23898 serialized (257 bytes)
produced block height=23898 tx_total=0 successes=0
INFO  [Storage] Committing block #23899 with 0 transaction(s) (hash: 0x81114fc6b001e2)
INFO  [Storage] Block #23899 serialized (257 bytes)
produced block height=23899 tx_total=0 successes=0
INFO  [Storage] Committing block #23900 with 0 transaction(s) (hash: 0x1ce444f7caa5a9)
INFO  [Storage] Block #23900 serialized (257 bytes)
produced block height=23900 tx_total=0 successes=0
INFO  [Storage] Committing block #23901 with 0 transaction(s) (hash: 0x7632c53f682ae3)
INFO  [Storage] Block #23901 serialized (257 bytes)
produced block height=23901 tx_total=0 successes=0
INFO  [Storage] Committing block #23902 with 0 transaction(s) (hash: 0x7b0e3f61677bfa)
INFO  [Storage] Block #23902 serialized (257 bytes)
produced block height=23902 tx_total=0 successes=0
INFO  [Storage] Committing block #23903 with 0 transaction(s) (hash: 0x494561112f5caa)
INFO  [Storage] Block #23903 serialized (257 bytes)
produced block height=23903 tx_total=0 successes=0
INFO  [Storage] Committing block #23904 with 0 transaction(s) (hash: 0x9bbdd46fcacdde)
INFO  [Storage] Block #23904 serialized (257 bytes)
produced block height=23904 tx_total=0 successes=0
INFO  [Storage] Committing block #23905 with 0 transaction(s) (hash: 0x46555dc3f62461)
INFO  [Storage] Block #23905 serialized (257 bytes)
produced block height=23905 tx_total=0 successes=0
INFO  [Storage] Committing block #23906 with 0 transaction(s) (hash: 0x4332ccc95b5b7c)
INFO  [Storage] Block #23906 serialized (257 bytes)
produced block height=23906 tx_total=0 successes=0
INFO  [Storage] Committing block #23907 with 0 transaction(s) (hash: 0xf0060c482f4d79)
INFO  [Storage] Block #23907 serialized (257 bytes)
produced block height=23907 tx_total=0 successes=0
INFO  [Storage] Committing block #23908 with 0 transaction(s) (hash: 0x456e8c860f701f)
INFO  [Storage] Block #23908 serialized (257 bytes)
produced block height=23908 tx_total=0 successes=0
INFO  [Storage] Committing block #23909 with 0 transaction(s) (hash: 0x060f764dfb8749)
INFO  [Storage] Block #23909 serialized (257 bytes)
produced block height=23909 tx_total=0 successes=0
INFO  [Storage] Committing block #23910 with 0 transaction(s) (hash: 0xe7edd7cb2454e3)
INFO  [Storage] Block #23910 serialized (257 bytes)
produced block height=23910 tx_total=0 successes=0
INFO  [Storage] Committing block #23911 with 0 transaction(s) (hash: 0x7e9ceb82fedece)
INFO  [Storage] Block #23911 serialized (257 bytes)
produced block height=23911 tx_total=0 successes=0
INFO  [Storage] Committing block #23912 with 0 transaction(s) (hash: 0x1e0223b3aea853)
INFO  [Storage] Block #23912 serialized (257 bytes)
produced block height=23912 tx_total=0 successes=0
INFO  [Storage] Committing block #23913 with 0 transaction(s) (hash: 0x23f9e9f657fb7c)
INFO  [Storage] Block #23913 serialized (257 bytes)
produced block height=23913 tx_total=0 successes=0
INFO  [Storage] Committing block #23914 with 0 transaction(s) (hash: 0xe2dc65ac5fe522)
INFO  [Storage] Block #23914 serialized (257 bytes)
produced block height=23914 tx_total=0 successes=0
INFO  [Storage] Committing block #23915 with 0 transaction(s) (hash: 0x79e21595393271)
INFO  [Storage] Block #23915 serialized (257 bytes)
produced block height=23915 tx_total=0 successes=0
INFO  [Storage] Committing block #23916 with 0 transaction(s) (hash: 0x2bcd6ba8d2c006)
INFO  [Storage] Block #23916 serialized (257 bytes)
produced block height=23916 tx_total=0 successes=0
INFO  [Storage] Committing block #23917 with 0 transaction(s) (hash: 0xc44d43f42a259b)
INFO  [Storage] Block #23917 serialized (257 bytes)
produced block height=23917 tx_total=0 successes=0
INFO  [Storage] Committing block #23918 with 0 transaction(s) (hash: 0x3b9ed44e36e134)
INFO  [Storage] Block #23918 serialized (257 bytes)
produced block height=23918 tx_total=0 successes=0
INFO  [Storage] Committing block #23919 with 0 transaction(s) (hash: 0x3095a946b6dd20)
INFO  [Storage] Block #23919 serialized (257 bytes)
produced block height=23919 tx_total=0 successes=0
INFO  [Storage] Committing block #23920 with 0 transaction(s) (hash: 0x84d621b8d937b3)
INFO  [Storage] Block #23920 serialized (257 bytes)
produced block height=23920 tx_total=0 successes=0
INFO  [Storage] Committing block #23921 with 0 transaction(s) (hash: 0x843bd7d495ef02)
INFO  [Storage] Block #23921 serialized (257 bytes)
produced block height=23921 tx_total=0 successes=0
INFO  [Storage] Committing block #23922 with 0 transaction(s) (hash: 0x66078a3d304ee5)
INFO  [Storage] Block #23922 serialized (257 bytes)
produced block height=23922 tx_total=0 successes=0
INFO  [Storage] Committing block #23923 with 0 transaction(s) (hash: 0x7af1880e446be1)
INFO  [Storage] Block #23923 serialized (257 bytes)
produced block height=23923 tx_total=0 successes=0
INFO  [Storage] Committing block #23924 with 0 transaction(s) (hash: 0x8108db97d447cc)
INFO  [Storage] Block #23924 serialized (257 bytes)
produced block height=23924 tx_total=0 successes=0
INFO  [Storage] Committing block #23925 with 0 transaction(s) (hash: 0x5e644c19376719)
INFO  [Storage] Block #23925 serialized (257 bytes)
produced block height=23925 tx_total=0 successes=0
INFO  [Storage] Committing block #23926 with 0 transaction(s) (hash: 0x5261bbe6c99f31)
INFO  [Storage] Block #23926 serialized (257 bytes)
produced block height=23926 tx_total=0 successes=0
INFO  [Storage] Committing block #23927 with 0 transaction(s) (hash: 0xb6a20e1518c34d)
INFO  [Storage] Block #23927 serialized (257 bytes)
produced block height=23927 tx_total=0 successes=0
INFO  [Storage] Committing block #23928 with 0 transaction(s) (hash: 0xf6fecd7f815805)
INFO  [Storage] Block #23928 serialized (257 bytes)
produced block height=23928 tx_total=0 successes=0
INFO  [Storage] Committing block #23929 with 0 transaction(s) (hash: 0xd407442479b22f)
INFO  [Storage] Block #23929 serialized (257 bytes)
produced block height=23929 tx_total=0 successes=0
INFO  [Storage] Committing block #23930 with 0 transaction(s) (hash: 0xbcf3e365f33432)
INFO  [Storage] Block #23930 serialized (257 bytes)
produced block height=23930 tx_total=0 successes=0
INFO  [Storage] Committing block #23931 with 0 transaction(s) (hash: 0xe376d83837c456)
INFO  [Storage] Block #23931 serialized (257 bytes)
produced block height=23931 tx_total=0 successes=0
INFO  [Storage] Committing block #23932 with 0 transaction(s) (hash: 0x1d4fc70affe50d)
INFO  [Storage] Block #23932 serialized (257 bytes)
produced block height=23932 tx_total=0 successes=0
INFO  [Storage] Committing block #23933 with 0 transaction(s) (hash: 0x83ec727cf61297)
INFO  [Storage] Block #23933 serialized (257 bytes)
produced block height=23933 tx_total=0 successes=0
INFO  [Storage] Committing block #23934 with 0 transaction(s) (hash: 0x68984dff8ca2bd)
INFO  [Storage] Block #23934 serialized (257 bytes)
produced block height=23934 tx_total=0 successes=0
INFO  [Storage] Committing block #23935 with 0 transaction(s) (hash: 0xd96e3f8cf1bcf7)
INFO  [Storage] Block #23935 serialized (257 bytes)
produced block height=23935 tx_total=0 successes=0
INFO  [Storage] Committing block #23936 with 0 transaction(s) (hash: 0x08d1f4c5b3a249)
INFO  [Storage] Block #23936 serialized (257 bytes)
produced block height=23936 tx_total=0 successes=0
INFO  [Storage] Committing block #23937 with 0 transaction(s) (hash: 0x25738feeabfd8b)
INFO  [Storage] Block #23937 serialized (257 bytes)
produced block height=23937 tx_total=0 successes=0
INFO  [Storage] Committing block #23938 with 0 transaction(s) (hash: 0x31ff133fa022ca)
INFO  [Storage] Block #23938 serialized (257 bytes)
produced block height=23938 tx_total=0 successes=0
INFO  [Storage] Committing block #23939 with 0 transaction(s) (hash: 0xfd1cef2d58f8ac)
INFO  [Storage] Block #23939 serialized (257 bytes)
produced block height=23939 tx_total=0 successes=0
INFO  [Storage] Committing block #23940 with 0 transaction(s) (hash: 0x900c14a030a223)
INFO  [Storage] Block #23940 serialized (257 bytes)
produced block height=23940 tx_total=0 successes=0
INFO  [Storage] Committing block #23941 with 0 transaction(s) (hash: 0x98046c7ccc8bd2)
INFO  [Storage] Block #23941 serialized (257 bytes)
produced block height=23941 tx_total=0 successes=0
INFO  [Storage] Committing block #23942 with 0 transaction(s) (hash: 0x8e8efeb4899715)
INFO  [Storage] Block #23942 serialized (257 bytes)
produced block height=23942 tx_total=0 successes=0
INFO  [Storage] Committing block #23943 with 0 transaction(s) (hash: 0x56f466ed58ab0e)
INFO  [Storage] Block #23943 serialized (257 bytes)
produced block height=23943 tx_total=0 successes=0
INFO  [Storage] Committing block #23944 with 0 transaction(s) (hash: 0xc3aaefe899ef1d)
INFO  [Storage] Block #23944 serialized (257 bytes)
produced block height=23944 tx_total=0 successes=0
INFO  [Storage] Committing block #23945 with 0 transaction(s) (hash: 0x2a46267a9f01e3)
INFO  [Storage] Block #23945 serialized (257 bytes)
produced block height=23945 tx_total=0 successes=0
INFO  [Storage] Committing block #23946 with 0 transaction(s) (hash: 0x51941ff21a49fd)
INFO  [Storage] Block #23946 serialized (257 bytes)
produced block height=23946 tx_total=0 successes=0
INFO  [Storage] Committing block #23947 with 0 transaction(s) (hash: 0x31d3fa4a3c222d)
INFO  [Storage] Block #23947 serialized (257 bytes)
produced block height=23947 tx_total=0 successes=0
INFO  [Storage] Committing block #23948 with 0 transaction(s) (hash: 0x2c61ed000559cb)
INFO  [Storage] Block #23948 serialized (257 bytes)
produced block height=23948 tx_total=0 successes=0
INFO  [Storage] Committing block #23949 with 0 transaction(s) (hash: 0x648250535010a0)
INFO  [Storage] Block #23949 serialized (257 bytes)
produced block height=23949 tx_total=0 successes=0
INFO  [Storage] Committing block #23950 with 0 transaction(s) (hash: 0x0cd47cc1d0cd6a)
INFO  [Storage] Block #23950 serialized (257 bytes)
produced block height=23950 tx_total=0 successes=0
INFO  [Storage] Committing block #23951 with 0 transaction(s) (hash: 0xde6e138c2b6979)
INFO  [Storage] Block #23951 serialized (257 bytes)
produced block height=23951 tx_total=0 successes=0
INFO  [Storage] Committing block #23952 with 0 transaction(s) (hash: 0x7b94ba3af873ed)
INFO  [Storage] Block #23952 serialized (257 bytes)
produced block height=23952 tx_total=0 successes=0
INFO  [Storage] Committing block #23953 with 0 transaction(s) (hash: 0xfc170c8c20c0ad)
INFO  [Storage] Block #23953 serialized (257 bytes)
produced block height=23953 tx_total=0 successes=0
INFO  [Storage] Committing block #23954 with 0 transaction(s) (hash: 0x9f1956ae7a6857)
INFO  [Storage] Block #23954 serialized (257 bytes)
produced block height=23954 tx_total=0 successes=0
INFO  [Storage] Committing block #23955 with 0 transaction(s) (hash: 0x6093f08583d8fb)
INFO  [Storage] Block #23955 serialized (257 bytes)
produced block height=23955 tx_total=0 successes=0
INFO  [Storage] Committing block #23956 with 0 transaction(s) (hash: 0x8c35a562732fc2)
INFO  [Storage] Block #23956 serialized (257 bytes)
produced block height=23956 tx_total=0 successes=0
INFO  [Storage] Committing block #23957 with 0 transaction(s) (hash: 0x04d727bd47ec26)
INFO  [Storage] Block #23957 serialized (257 bytes)
produced block height=23957 tx_total=0 successes=0
INFO  [Storage] Committing block #23958 with 0 transaction(s) (hash: 0x5f983c39dd71fa)
INFO  [Storage] Block #23958 serialized (257 bytes)
produced block height=23958 tx_total=0 successes=0
INFO  [Storage] Committing block #23959 with 0 transaction(s) (hash: 0x9fca580d4d0ed6)
INFO  [Storage] Block #23959 serialized (257 bytes)
produced block height=23959 tx_total=0 successes=0
INFO  [Storage] Committing block #23960 with 0 transaction(s) (hash: 0xfe55bfb18bcc4b)
INFO  [Storage] Block #23960 serialized (257 bytes)
produced block height=23960 tx_total=0 successes=0
INFO  [Storage] Committing block #23961 with 0 transaction(s) (hash: 0x54e1fadf303dc8)
INFO  [Storage] Block #23961 serialized (257 bytes)
produced block height=23961 tx_total=0 successes=0
INFO  [Storage] Committing block #23962 with 0 transaction(s) (hash: 0x98a781f53d75b2)
INFO  [Storage] Block #23962 serialized (257 bytes)
produced block height=23962 tx_total=0 successes=0
INFO  [Storage] Committing block #23963 with 0 transaction(s) (hash: 0x82e7f5eeccb78a)
INFO  [Storage] Block #23963 serialized (257 bytes)
produced block height=23963 tx_total=0 successes=0
INFO  [Storage] Committing block #23964 with 0 transaction(s) (hash: 0xa31e013e83dee5)
INFO  [Storage] Block #23964 serialized (257 bytes)
produced block height=23964 tx_total=0 successes=0
INFO  [Storage] Committing block #23965 with 0 transaction(s) (hash: 0x5d3f6f4e6bedd6)
INFO  [Storage] Block #23965 serialized (257 bytes)
produced block height=23965 tx_total=0 successes=0
INFO  [Storage] Committing block #23966 with 0 transaction(s) (hash: 0xba8327091915c7)
INFO  [Storage] Block #23966 serialized (257 bytes)
produced block height=23966 tx_total=0 successes=0
INFO  [Storage] Committing block #23967 with 0 transaction(s) (hash: 0xa292fe1636e365)
INFO  [Storage] Block #23967 serialized (257 bytes)
produced block height=23967 tx_total=0 successes=0
INFO  [Storage] Committing block #23968 with 0 transaction(s) (hash: 0xb2c3d7a03a5fd6)
INFO  [Storage] Block #23968 serialized (257 bytes)
produced block height=23968 tx_total=0 successes=0
INFO  [Storage] Committing block #23969 with 0 transaction(s) (hash: 0x95f55e93582869)
INFO  [Storage] Block #23969 serialized (257 bytes)
produced block height=23969 tx_total=0 successes=0
INFO  [Storage] Committing block #23970 with 0 transaction(s) (hash: 0xb1f363b457fbc7)
INFO  [Storage] Block #23970 serialized (257 bytes)
produced block height=23970 tx_total=0 successes=0
INFO  [Storage] Committing block #23971 with 0 transaction(s) (hash: 0x55d9a4ec18c65c)
INFO  [Storage] Block #23971 serialized (257 bytes)
produced block height=23971 tx_total=0 successes=0
INFO  [Storage] Committing block #23972 with 0 transaction(s) (hash: 0x92c537f2caa523)
INFO  [Storage] Block #23972 serialized (257 bytes)
produced block height=23972 tx_total=0 successes=0
INFO  [Storage] Committing block #23973 with 0 transaction(s) (hash: 0x4dae463498f758)
INFO  [Storage] Block #23973 serialized (257 bytes)
produced block height=23973 tx_total=0 successes=0
INFO  [Storage] Committing block #23974 with 0 transaction(s) (hash: 0x82778c76931ece)
INFO  [Storage] Block #23974 serialized (257 bytes)
produced block height=23974 tx_total=0 successes=0
INFO  [Storage] Committing block #23975 with 0 transaction(s) (hash: 0x6dbeeda5467991)
INFO  [Storage] Block #23975 serialized (257 bytes)
produced block height=23975 tx_total=0 successes=0
INFO  [Storage] Committing block #23976 with 0 transaction(s) (hash: 0xbaf717a4217117)
INFO  [Storage] Block #23976 serialized (257 bytes)
produced block height=23976 tx_total=0 successes=0
INFO  [Storage] Committing block #23977 with 0 transaction(s) (hash: 0x3091c16b017730)
INFO  [Storage] Block #23977 serialized (257 bytes)
produced block height=23977 tx_total=0 successes=0
INFO  [Storage] Committing block #23978 with 0 transaction(s) (hash: 0x824d621bb9964e)
INFO  [Storage] Block #23978 serialized (257 bytes)
produced block height=23978 tx_total=0 successes=0
INFO  [Storage] Committing block #23979 with 0 transaction(s) (hash: 0x49c29d7c1de97b)
INFO  [Storage] Block #23979 serialized (257 bytes)
produced block height=23979 tx_total=0 successes=0
INFO  [Storage] Committing block #23980 with 0 transaction(s) (hash: 0xb2b4e8400d75ec)
INFO  [Storage] Block #23980 serialized (257 bytes)
produced block height=23980 tx_total=0 successes=0
INFO  [Storage] Committing block #23981 with 0 transaction(s) (hash: 0x04136950f5477c)
INFO  [Storage] Block #23981 serialized (257 bytes)
produced block height=23981 tx_total=0 successes=0
INFO  [Storage] Committing block #23982 with 0 transaction(s) (hash: 0x12f44c17a80d4b)
INFO  [Storage] Block #23982 serialized (257 bytes)
produced block height=23982 tx_total=0 successes=0
INFO  [Storage] Committing block #23983 with 0 transaction(s) (hash: 0xc15654b1f515b1)
INFO  [Storage] Block #23983 serialized (257 bytes)
produced block height=23983 tx_total=0 successes=0
INFO  [Storage] Committing block #23984 with 0 transaction(s) (hash: 0x8b1c920700eb7b)
INFO  [Storage] Block #23984 serialized (257 bytes)
produced block height=23984 tx_total=0 successes=0
INFO  [Storage] Committing block #23985 with 0 transaction(s) (hash: 0xe76dd63876c18f)
INFO  [Storage] Block #23985 serialized (257 bytes)
produced block height=23985 tx_total=0 successes=0
INFO  [Storage] Committing block #23986 with 0 transaction(s) (hash: 0x5dc18b37196983)
INFO  [Storage] Block #23986 serialized (257 bytes)
produced block height=23986 tx_total=0 successes=0
INFO  [Storage] Committing block #23987 with 0 transaction(s) (hash: 0x4ab9dd01d86b7e)
INFO  [Storage] Block #23987 serialized (257 bytes)
produced block height=23987 tx_total=0 successes=0
INFO  [Storage] Committing block #23988 with 0 transaction(s) (hash: 0xbaa627dfde1e7e)
INFO  [Storage] Block #23988 serialized (257 bytes)
produced block height=23988 tx_total=0 successes=0
INFO  [Storage] Committing block #23989 with 0 transaction(s) (hash: 0x74a72dd888a2d0)
INFO  [Storage] Block #23989 serialized (257 bytes)
produced block height=23989 tx_total=0 successes=0
INFO  [Storage] Committing block #23990 with 0 transaction(s) (hash: 0x5d4735988460c6)
INFO  [Storage] Block #23990 serialized (257 bytes)
produced block height=23990 tx_total=0 successes=0
INFO  [Storage] Committing block #23991 with 0 transaction(s) (hash: 0x87e0b174088945)
INFO  [Storage] Block #23991 serialized (257 bytes)
produced block height=23991 tx_total=0 successes=0
INFO  [Storage] Committing block #23992 with 0 transaction(s) (hash: 0x881537203ef657)
INFO  [Storage] Block #23992 serialized (257 bytes)
produced block height=23992 tx_total=0 successes=0
INFO  [Storage] Committing block #23993 with 0 transaction(s) (hash: 0x3265ab1add4a1e)
INFO  [Storage] Block #23993 serialized (257 bytes)
produced block height=23993 tx_total=0 successes=0
INFO  [Storage] Committing block #23994 with 0 transaction(s) (hash: 0xbaa9009f689b97)
INFO  [Storage] Block #23994 serialized (257 bytes)
produced block height=23994 tx_total=0 successes=0
INFO  [Storage] Committing block #23995 with 0 transaction(s) (hash: 0x7707ce6ffb36ea)
INFO  [Storage] Block #23995 serialized (257 bytes)
produced block height=23995 tx_total=0 successes=0
INFO  [Storage] Committing block #23996 with 0 transaction(s) (hash: 0x4a6692b9f16742)
INFO  [Storage] Block #23996 serialized (257 bytes)
produced block height=23996 tx_total=0 successes=0
INFO  [Storage] Committing block #23997 with 0 transaction(s) (hash: 0x9cf3b438e09879)
INFO  [Storage] Block #23997 serialized (257 bytes)
produced block height=23997 tx_total=0 successes=0
INFO  [Storage] Committing block #23998 with 0 transaction(s) (hash: 0x126bc6279efecf)
INFO  [Storage] Block #23998 serialized (257 bytes)
produced block height=23998 tx_total=0 successes=0
INFO  [Storage] Committing block #23999 with 0 transaction(s) (hash: 0x3a2e0945b8b4c6)
INFO  [Storage] Block #23999 serialized (257 bytes)
produced block height=23999 tx_total=0 successes=0
INFO  [Storage] Committing block #24000 with 0 transaction(s) (hash: 0x2ac70c1a4615be)
INFO  [Storage] Block #24000 serialized (257 bytes)
produced block height=24000 tx_total=0 successes=0
INFO  [Storage] Committing block #24001 with 0 transaction(s) (hash: 0x4b80779b8d4f1c)
INFO  [Storage] Block #24001 serialized (257 bytes)
produced block height=24001 tx_total=0 successes=0
INFO  [Storage] Committing block #24002 with 0 transaction(s) (hash: 0x1705d423c3cd56)
INFO  [Storage] Block #24002 serialized (257 bytes)
produced block height=24002 tx_total=0 successes=0
INFO  [Storage] Committing block #24003 with 0 transaction(s) (hash: 0x8bf9faf6873bc8)
INFO  [Storage] Block #24003 serialized (257 bytes)
produced block height=24003 tx_total=0 successes=0
INFO  [Storage] Committing block #24004 with 0 transaction(s) (hash: 0xbedec0d84d8842)
INFO  [Storage] Block #24004 serialized (257 bytes)
produced block height=24004 tx_total=0 successes=0
INFO  [Storage] Committing block #24005 with 0 transaction(s) (hash: 0xfeea33ef1d6b3e)
INFO  [Storage] Block #24005 serialized (257 bytes)
produced block height=24005 tx_total=0 successes=0
INFO  [Storage] Committing block #24006 with 0 transaction(s) (hash: 0x0f6c3edce57aac)
INFO  [Storage] Block #24006 serialized (257 bytes)
produced block height=24006 tx_total=0 successes=0
INFO  [Storage] Committing block #24007 with 0 transaction(s) (hash: 0xf4b855aef4fde6)
INFO  [Storage] Block #24007 serialized (257 bytes)
produced block height=24007 tx_total=0 successes=0
INFO  [Storage] Committing block #24008 with 0 transaction(s) (hash: 0x56cf00749d259f)
INFO  [Storage] Block #24008 serialized (257 bytes)
produced block height=24008 tx_total=0 successes=0
INFO  [Storage] Committing block #24009 with 0 transaction(s) (hash: 0x15fe465246d639)
INFO  [Storage] Block #24009 serialized (257 bytes)
produced block height=24009 tx_total=0 successes=0
INFO  [Storage] Committing block #24010 with 0 transaction(s) (hash: 0xa48feea0780044)
INFO  [Storage] Block #24010 serialized (257 bytes)
produced block height=24010 tx_total=0 successes=0
INFO  [Storage] Committing block #24011 with 0 transaction(s) (hash: 0xc63d0659556fdb)
INFO  [Storage] Block #24011 serialized (257 bytes)
produced block height=24011 tx_total=0 successes=0
INFO  [Storage] Committing block #24012 with 0 transaction(s) (hash: 0x28b7768f6da314)
INFO  [Storage] Block #24012 serialized (257 bytes)
produced block height=24012 tx_total=0 successes=0
INFO  [Storage] Committing block #24013 with 0 transaction(s) (hash: 0x4c906c0fc5adf1)
INFO  [Storage] Block #24013 serialized (257 bytes)
produced block height=24013 tx_total=0 successes=0
INFO  [Storage] Committing block #24014 with 0 transaction(s) (hash: 0x84c6aa5c4bd9d7)
INFO  [Storage] Block #24014 serialized (257 bytes)
produced block height=24014 tx_total=0 successes=0
INFO  [Storage] Committing block #24015 with 0 transaction(s) (hash: 0xa28978a5584331)
INFO  [Storage] Block #24015 serialized (257 bytes)
produced block height=24015 tx_total=0 successes=0
INFO  [Storage] Committing block #24016 with 0 transaction(s) (hash: 0x0f467e2529325d)
INFO  [Storage] Block #24016 serialized (257 bytes)
produced block height=24016 tx_total=0 successes=0
INFO  [Storage] Committing block #24017 with 0 transaction(s) (hash: 0xf78241f0b3ec92)
INFO  [Storage] Block #24017 serialized (257 bytes)
produced block height=24017 tx_total=0 successes=0
INFO  [Storage] Committing block #24018 with 0 transaction(s) (hash: 0xea3f84caae0d1a)
INFO  [Storage] Block #24018 serialized (257 bytes)
produced block height=24018 tx_total=0 successes=0
INFO  [Storage] Committing block #24019 with 0 transaction(s) (hash: 0x89ba1bb45f0678)
INFO  [Storage] Block #24019 serialized (257 bytes)
produced block height=24019 tx_total=0 successes=0
INFO  [Storage] Committing block #24020 with 0 transaction(s) (hash: 0x31fa98e236e3eb)
INFO  [Storage] Block #24020 serialized (257 bytes)
produced block height=24020 tx_total=0 successes=0
INFO  [Storage] Committing block #24021 with 0 transaction(s) (hash: 0x1dc4a62126cc64)
INFO  [Storage] Block #24021 serialized (257 bytes)
produced block height=24021 tx_total=0 successes=0
INFO  [Storage] Committing block #24022 with 0 transaction(s) (hash: 0x14d73e06364b45)
INFO  [Storage] Block #24022 serialized (257 bytes)
produced block height=24022 tx_total=0 successes=0
INFO  [Storage] Committing block #24023 with 0 transaction(s) (hash: 0xf2cb5a9ed27147)
INFO  [Storage] Block #24023 serialized (257 bytes)
produced block height=24023 tx_total=0 successes=0
INFO  [Storage] Committing block #24024 with 0 transaction(s) (hash: 0x44f7ff92575c73)
INFO  [Storage] Block #24024 serialized (257 bytes)
produced block height=24024 tx_total=0 successes=0
INFO  [Storage] Committing block #24025 with 0 transaction(s) (hash: 0x2c2657b1b295a9)
INFO  [Storage] Block #24025 serialized (257 bytes)
produced block height=24025 tx_total=0 successes=0
INFO  [Storage] Committing block #24026 with 0 transaction(s) (hash: 0x45964572c4da50)
INFO  [Storage] Block #24026 serialized (257 bytes)
produced block height=24026 tx_total=0 successes=0
INFO  [Storage] Committing block #24027 with 0 transaction(s) (hash: 0x0988e1cc628e85)
INFO  [Storage] Block #24027 serialized (257 bytes)
produced block height=24027 tx_total=0 successes=0
INFO  [Storage] Committing block #24028 with 0 transaction(s) (hash: 0x0a1d039cc14e7d)
INFO  [Storage] Block #24028 serialized (257 bytes)
produced block height=24028 tx_total=0 successes=0
INFO  [Storage] Committing block #24029 with 0 transaction(s) (hash: 0x6983ccebc03185)
INFO  [Storage] Block #24029 serialized (257 bytes)
produced block height=24029 tx_total=0 successes=0
INFO  [Storage] Committing block #24030 with 0 transaction(s) (hash: 0x44b0e9091a2745)
INFO  [Storage] Block #24030 serialized (257 bytes)
produced block height=24030 tx_total=0 successes=0
INFO  [Storage] Committing block #24031 with 0 transaction(s) (hash: 0x5a2bcf371a7270)
INFO  [Storage] Block #24031 serialized (257 bytes)
produced block height=24031 tx_total=0 successes=0
INFO  [Storage] Committing block #24032 with 0 transaction(s) (hash: 0x6010cc53ae81d8)
INFO  [Storage] Block #24032 serialized (257 bytes)
produced block height=24032 tx_total=0 successes=0
INFO  [Storage] Committing block #24033 with 0 transaction(s) (hash: 0xb5129c87b3deb8)
INFO  [Storage] Block #24033 serialized (257 bytes)
produced block height=24033 tx_total=0 successes=0
INFO  [Storage] Committing block #24034 with 0 transaction(s) (hash: 0x73023a36f70393)
INFO  [Storage] Block #24034 serialized (257 bytes)
produced block height=24034 tx_total=0 successes=0
INFO  [Storage] Committing block #24035 with 0 transaction(s) (hash: 0xa5196c974e7071)
INFO  [Storage] Block #24035 serialized (257 bytes)
produced block height=24035 tx_total=0 successes=0
INFO  [Storage] Committing block #24036 with 0 transaction(s) (hash: 0xdfd3b808e7d221)
INFO  [Storage] Block #24036 serialized (257 bytes)
produced block height=24036 tx_total=0 successes=0
INFO  [Storage] Committing block #24037 with 0 transaction(s) (hash: 0xc21ad87c5827d1)
INFO  [Storage] Block #24037 serialized (257 bytes)
produced block height=24037 tx_total=0 successes=0
INFO  [Storage] Committing block #24038 with 0 transaction(s) (hash: 0xa5b4cbd991d7c9)
INFO  [Storage] Block #24038 serialized (257 bytes)
produced block height=24038 tx_total=0 successes=0
INFO  [Storage] Committing block #24039 with 0 transaction(s) (hash: 0x72e5b668feba0c)
INFO  [Storage] Block #24039 serialized (257 bytes)
produced block height=24039 tx_total=0 successes=0
INFO  [Storage] Committing block #24040 with 0 transaction(s) (hash: 0xa0b44a73dacb6b)
INFO  [Storage] Block #24040 serialized (257 bytes)
produced block height=24040 tx_total=0 successes=0
INFO  [Storage] Committing block #24041 with 0 transaction(s) (hash: 0x229909818e6f11)
INFO  [Storage] Block #24041 serialized (257 bytes)
produced block height=24041 tx_total=0 successes=0
INFO  [Storage] Committing block #24042 with 0 transaction(s) (hash: 0xa06fec7a34a21f)
INFO  [Storage] Block #24042 serialized (257 bytes)
produced block height=24042 tx_total=0 successes=0
INFO  [Storage] Committing block #24043 with 0 transaction(s) (hash: 0x71074886e1d811)
INFO  [Storage] Block #24043 serialized (257 bytes)
produced block height=24043 tx_total=0 successes=0
INFO  [Storage] Committing block #24044 with 0 transaction(s) (hash: 0x0267f7c97927ee)
INFO  [Storage] Block #24044 serialized (257 bytes)
produced block height=24044 tx_total=0 successes=0
INFO  [Storage] Committing block #24045 with 0 transaction(s) (hash: 0x2174aea45d7c95)
INFO  [Storage] Block #24045 serialized (257 bytes)
produced block height=24045 tx_total=0 successes=0
INFO  [Storage] Committing block #24046 with 0 transaction(s) (hash: 0x513608552a7d01)
INFO  [Storage] Block #24046 serialized (257 bytes)
produced block height=24046 tx_total=0 successes=0
INFO  [Storage] Committing block #24047 with 0 transaction(s) (hash: 0x1e1ea532eea644)
INFO  [Storage] Block #24047 serialized (257 bytes)
produced block height=24047 tx_total=0 successes=0
INFO  [Storage] Committing block #24048 with 0 transaction(s) (hash: 0x991795d9c34bde)
INFO  [Storage] Block #24048 serialized (257 bytes)
produced block height=24048 tx_total=0 successes=0
INFO  [Storage] Committing block #24049 with 0 transaction(s) (hash: 0x9edebd724bc184)
INFO  [Storage] Block #24049 serialized (257 bytes)
produced block height=24049 tx_total=0 successes=0
INFO  [Storage] Committing block #24050 with 0 transaction(s) (hash: 0x84624caa466911)
INFO  [Storage] Block #24050 serialized (257 bytes)
produced block height=24050 tx_total=0 successes=0
INFO  [Storage] Committing block #24051 with 0 transaction(s) (hash: 0x8b13fd9e045a36)
INFO  [Storage] Block #24051 serialized (257 bytes)
produced block height=24051 tx_total=0 successes=0
INFO  [Storage] Committing block #24052 with 0 transaction(s) (hash: 0x54b66e8f39bfee)
INFO  [Storage] Block #24052 serialized (257 bytes)
produced block height=24052 tx_total=0 successes=0
INFO  [Storage] Committing block #24053 with 0 transaction(s) (hash: 0x8e8e71c0491c70)
INFO  [Storage] Block #24053 serialized (257 bytes)
produced block height=24053 tx_total=0 successes=0
INFO  [Storage] Committing block #24054 with 0 transaction(s) (hash: 0xe22e507124d80e)
INFO  [Storage] Block #24054 serialized (257 bytes)
produced block height=24054 tx_total=0 successes=0
INFO  [Storage] Committing block #24055 with 0 transaction(s) (hash: 0x1091e6e1511a28)
INFO  [Storage] Block #24055 serialized (257 bytes)
produced block height=24055 tx_total=0 successes=0
INFO  [Storage] Committing block #24056 with 0 transaction(s) (hash: 0xb836d9f2657ec9)
INFO  [Storage] Block #24056 serialized (257 bytes)
produced block height=24056 tx_total=0 successes=0
INFO  [Storage] Committing block #24057 with 0 transaction(s) (hash: 0x9c7a2f332813e8)
INFO  [Storage] Block #24057 serialized (257 bytes)
produced block height=24057 tx_total=0 successes=0
INFO  [Storage] Committing block #24058 with 0 transaction(s) (hash: 0xa835c87e29b09b)
INFO  [Storage] Block #24058 serialized (257 bytes)
produced block height=24058 tx_total=0 successes=0
INFO  [Storage] Committing block #24059 with 0 transaction(s) (hash: 0x75f0f34438ccd5)
INFO  [Storage] Block #24059 serialized (257 bytes)
produced block height=24059 tx_total=0 successes=0
INFO  [Storage] Committing block #24060 with 0 transaction(s) (hash: 0x6615fa8bcad362)
INFO  [Storage] Block #24060 serialized (257 bytes)
produced block height=24060 tx_total=0 successes=0
INFO  [Storage] Committing block #24061 with 0 transaction(s) (hash: 0x2b9caace996f40)
INFO  [Storage] Block #24061 serialized (257 bytes)
produced block height=24061 tx_total=0 successes=0
INFO  [Storage] Committing block #24062 with 0 transaction(s) (hash: 0xa1a38342d2b43a)
INFO  [Storage] Block #24062 serialized (257 bytes)
produced block height=24062 tx_total=0 successes=0
INFO  [Storage] Committing block #24063 with 0 transaction(s) (hash: 0xdf75f56fc78ce0)
INFO  [Storage] Block #24063 serialized (257 bytes)
produced block height=24063 tx_total=0 successes=0
INFO  [Storage] Committing block #24064 with 0 transaction(s) (hash: 0xcc83008ae6626f)
INFO  [Storage] Block #24064 serialized (257 bytes)
produced block height=24064 tx_total=0 successes=0
INFO  [Storage] Committing block #24065 with 0 transaction(s) (hash: 0xd01a78d7c5e2d1)
INFO  [Storage] Block #24065 serialized (257 bytes)
produced block height=24065 tx_total=0 successes=0
INFO  [Storage] Committing block #24066 with 0 transaction(s) (hash: 0xb8a06764bdc1d0)
INFO  [Storage] Block #24066 serialized (257 bytes)
produced block height=24066 tx_total=0 successes=0
INFO  [Storage] Committing block #24067 with 0 transaction(s) (hash: 0x0f7fca8a4e2173)
INFO  [Storage] Block #24067 serialized (257 bytes)
produced block height=24067 tx_total=0 successes=0
INFO  [Storage] Committing block #24068 with 0 transaction(s) (hash: 0xb01bb4047ffd5c)
INFO  [Storage] Block #24068 serialized (257 bytes)
produced block height=24068 tx_total=0 successes=0
INFO  [Storage] Committing block #24069 with 0 transaction(s) (hash: 0x9e9aa63f13803a)
INFO  [Storage] Block #24069 serialized (257 bytes)
produced block height=24069 tx_total=0 successes=0
INFO  [Storage] Committing block #24070 with 0 transaction(s) (hash: 0xc78fe83b0f06bf)
INFO  [Storage] Block #24070 serialized (257 bytes)
produced block height=24070 tx_total=0 successes=0
INFO  [Storage] Committing block #24071 with 0 transaction(s) (hash: 0x069bcc5a582557)
INFO  [Storage] Block #24071 serialized (257 bytes)
produced block height=24071 tx_total=0 successes=0
INFO  [Storage] Committing block #24072 with 0 transaction(s) (hash: 0xf53828524a8d63)
INFO  [Storage] Block #24072 serialized (257 bytes)
produced block height=24072 tx_total=0 successes=0
INFO  [Storage] Committing block #24073 with 0 transaction(s) (hash: 0xedf8fcd71d3009)
INFO  [Storage] Block #24073 serialized (257 bytes)
produced block height=24073 tx_total=0 successes=0
INFO  [Storage] Committing block #24074 with 0 transaction(s) (hash: 0x22520456b283f0)
INFO  [Storage] Block #24074 serialized (257 bytes)
produced block height=24074 tx_total=0 successes=0
INFO  [Storage] Committing block #24075 with 0 transaction(s) (hash: 0x086f584625e235)
INFO  [Storage] Block #24075 serialized (257 bytes)
produced block height=24075 tx_total=0 successes=0
INFO  [Storage] Committing block #24076 with 0 transaction(s) (hash: 0x6bfbb1e7891bf2)
INFO  [Storage] Block #24076 serialized (257 bytes)
produced block height=24076 tx_total=0 successes=0
INFO  [Storage] Committing block #24077 with 0 transaction(s) (hash: 0xed64d2a09cb7e0)
INFO  [Storage] Block #24077 serialized (257 bytes)
produced block height=24077 tx_total=0 successes=0
INFO  [Storage] Committing block #24078 with 0 transaction(s) (hash: 0x72927c2aebc230)
INFO  [Storage] Block #24078 serialized (257 bytes)
produced block height=24078 tx_total=0 successes=0
INFO  [Storage] Committing block #24079 with 0 transaction(s) (hash: 0x66d179fc048e73)
INFO  [Storage] Block #24079 serialized (257 bytes)
produced block height=24079 tx_total=0 successes=0
INFO  [Storage] Committing block #24080 with 0 transaction(s) (hash: 0x257dfae124c82e)
INFO  [Storage] Block #24080 serialized (257 bytes)
produced block height=24080 tx_total=0 successes=0
INFO  [Storage] Committing block #24081 with 0 transaction(s) (hash: 0xcace1f13f9b2ca)
INFO  [Storage] Block #24081 serialized (257 bytes)
produced block height=24081 tx_total=0 successes=0
INFO  [Storage] Committing block #24082 with 0 transaction(s) (hash: 0x0df069aeb13723)
INFO  [Storage] Block #24082 serialized (257 bytes)
produced block height=24082 tx_total=0 successes=0
INFO  [Storage] Committing block #24083 with 0 transaction(s) (hash: 0x782b13aa35e1e9)
INFO  [Storage] Block #24083 serialized (257 bytes)
produced block height=24083 tx_total=0 successes=0
INFO  [Storage] Committing block #24084 with 0 transaction(s) (hash: 0x7c152620aa1548)
INFO  [Storage] Block #24084 serialized (257 bytes)
produced block height=24084 tx_total=0 successes=0
INFO  [Storage] Committing block #24085 with 0 transaction(s) (hash: 0xafbc8aff501686)
INFO  [Storage] Block #24085 serialized (257 bytes)
produced block height=24085 tx_total=0 successes=0
INFO  [Storage] Committing block #24086 with 0 transaction(s) (hash: 0xd8b0a3db0963ef)
INFO  [Storage] Block #24086 serialized (257 bytes)
produced block height=24086 tx_total=0 successes=0
INFO  [Storage] Committing block #24087 with 0 transaction(s) (hash: 0x66fce63e2ea921)
INFO  [Storage] Block #24087 serialized (257 bytes)
produced block height=24087 tx_total=0 successes=0
INFO  [Storage] Committing block #24088 with 0 transaction(s) (hash: 0xab2458237d517c)
INFO  [Storage] Block #24088 serialized (257 bytes)
produced block height=24088 tx_total=0 successes=0
INFO  [Storage] Committing block #24089 with 0 transaction(s) (hash: 0x7e69f89f0fcc19)
INFO  [Storage] Block #24089 serialized (257 bytes)
produced block height=24089 tx_total=0 successes=0
INFO  [Storage] Committing block #24090 with 0 transaction(s) (hash: 0x0ee0b41c0950bc)
INFO  [Storage] Block #24090 serialized (257 bytes)
produced block height=24090 tx_total=0 successes=0
INFO  [Storage] Committing block #24091 with 0 transaction(s) (hash: 0x3d5d02f3ae1088)
INFO  [Storage] Block #24091 serialized (257 bytes)
produced block height=24091 tx_total=0 successes=0
INFO  [Storage] Committing block #24092 with 0 transaction(s) (hash: 0x98f34a69311223)
INFO  [Storage] Block #24092 serialized (257 bytes)
produced block height=24092 tx_total=0 successes=0
INFO  [Storage] Committing block #24093 with 0 transaction(s) (hash: 0x853d0f289e8fd5)
INFO  [Storage] Block #24093 serialized (257 bytes)
produced block height=24093 tx_total=0 successes=0
INFO  [Storage] Committing block #24094 with 0 transaction(s) (hash: 0x9a7fe959b01784)
INFO  [Storage] Block #24094 serialized (257 bytes)
produced block height=24094 tx_total=0 successes=0
INFO  [Storage] Committing block #24095 with 0 transaction(s) (hash: 0xfb077351f13a1d)
INFO  [Storage] Block #24095 serialized (257 bytes)
produced block height=24095 tx_total=0 successes=0
INFO  [Storage] Committing block #24096 with 0 transaction(s) (hash: 0x1c468b7cc5ca80)
INFO  [Storage] Block #24096 serialized (257 bytes)
produced block height=24096 tx_total=0 successes=0
INFO  [Storage] Committing block #24097 with 0 transaction(s) (hash: 0x65ef4502b7f9ed)
INFO  [Storage] Block #24097 serialized (257 bytes)
produced block height=24097 tx_total=0 successes=0
INFO  [Storage] Committing block #24098 with 0 transaction(s) (hash: 0x254b49d1f7a752)
INFO  [Storage] Block #24098 serialized (257 bytes)
produced block height=24098 tx_total=0 successes=0
INFO  [Storage] Committing block #24099 with 0 transaction(s) (hash: 0xaa943c786c4169)
INFO  [Storage] Block #24099 serialized (257 bytes)
produced block height=24099 tx_total=0 successes=0
INFO  [Storage] Committing block #24100 with 0 transaction(s) (hash: 0xcc047031faeea7)
INFO  [Storage] Block #24100 serialized (257 bytes)
produced block height=24100 tx_total=0 successes=0
INFO  [Storage] Committing block #24101 with 0 transaction(s) (hash: 0x78514a4ffef76d)
INFO  [Storage] Block #24101 serialized (257 bytes)
produced block height=24101 tx_total=0 successes=0
INFO  [Storage] Committing block #24102 with 0 transaction(s) (hash: 0xb8b79100ff7e9c)
INFO  [Storage] Block #24102 serialized (257 bytes)
produced block height=24102 tx_total=0 successes=0
INFO  [Storage] Committing block #24103 with 0 transaction(s) (hash: 0xa5048aec55e521)
INFO  [Storage] Block #24103 serialized (257 bytes)
produced block height=24103 tx_total=0 successes=0
INFO  [Storage] Committing block #24104 with 0 transaction(s) (hash: 0xda3724874acab3)
INFO  [Storage] Block #24104 serialized (257 bytes)
produced block height=24104 tx_total=0 successes=0
INFO  [Storage] Committing block #24105 with 0 transaction(s) (hash: 0x81678127063e5c)
INFO  [Storage] Block #24105 serialized (257 bytes)
produced block height=24105 tx_total=0 successes=0
INFO  [Storage] Committing block #24106 with 0 transaction(s) (hash: 0xbb4c9556039b7e)
INFO  [Storage] Block #24106 serialized (257 bytes)
produced block height=24106 tx_total=0 successes=0
INFO  [Storage] Committing block #24107 with 0 transaction(s) (hash: 0x524d1a834677da)
INFO  [Storage] Block #24107 serialized (257 bytes)
produced block height=24107 tx_total=0 successes=0
INFO  [Storage] Committing block #24108 with 0 transaction(s) (hash: 0xe36325c13764c2)
INFO  [Storage] Block #24108 serialized (257 bytes)
produced block height=24108 tx_total=0 successes=0
INFO  [Storage] Committing block #24109 with 0 transaction(s) (hash: 0xc6be2c80c6f4d9)
INFO  [Storage] Block #24109 serialized (257 bytes)
produced block height=24109 tx_total=0 successes=0
INFO  [Storage] Committing block #24110 with 0 transaction(s) (hash: 0xf5ddef3ed93099)
INFO  [Storage] Block #24110 serialized (257 bytes)
produced block height=24110 tx_total=0 successes=0
INFO  [Storage] Committing block #24111 with 0 transaction(s) (hash: 0xa53886f5c973cc)
INFO  [Storage] Block #24111 serialized (257 bytes)
produced block height=24111 tx_total=0 successes=0
INFO  [Storage] Committing block #24112 with 0 transaction(s) (hash: 0x68ddb8a350e37d)
INFO  [Storage] Block #24112 serialized (257 bytes)
produced block height=24112 tx_total=0 successes=0
INFO  [Storage] Committing block #24113 with 0 transaction(s) (hash: 0x7b0190e0560cc5)
INFO  [Storage] Block #24113 serialized (257 bytes)
produced block height=24113 tx_total=0 successes=0
INFO  [Storage] Committing block #24114 with 0 transaction(s) (hash: 0x78153c115b00dd)
INFO  [Storage] Block #24114 serialized (257 bytes)
produced block height=24114 tx_total=0 successes=0
INFO  [Storage] Committing block #24115 with 0 transaction(s) (hash: 0xf0857657d57bec)
INFO  [Storage] Block #24115 serialized (257 bytes)
produced block height=24115 tx_total=0 successes=0
INFO  [Storage] Committing block #24116 with 0 transaction(s) (hash: 0x96c64c146d1b05)
INFO  [Storage] Block #24116 serialized (257 bytes)
produced block height=24116 tx_total=0 successes=0
INFO  [Storage] Committing block #24117 with 0 transaction(s) (hash: 0x05ee7cca6909c3)
INFO  [Storage] Block #24117 serialized (257 bytes)
produced block height=24117 tx_total=0 successes=0
INFO  [Storage] Committing block #24118 with 0 transaction(s) (hash: 0x9e4d34608099b9)
INFO  [Storage] Block #24118 serialized (257 bytes)
produced block height=24118 tx_total=0 successes=0
INFO  [Storage] Committing block #24119 with 0 transaction(s) (hash: 0xfa4a4e237777ac)
INFO  [Storage] Block #24119 serialized (257 bytes)
produced block height=24119 tx_total=0 successes=0
INFO  [Storage] Committing block #24120 with 0 transaction(s) (hash: 0x048a8c9e177e0e)
INFO  [Storage] Block #24120 serialized (257 bytes)
produced block height=24120 tx_total=0 successes=0
INFO  [Storage] Committing block #24121 with 0 transaction(s) (hash: 0xd01b63a90ff230)
INFO  [Storage] Block #24121 serialized (257 bytes)
produced block height=24121 tx_total=0 successes=0
INFO  [Storage] Committing block #24122 with 0 transaction(s) (hash: 0x99156a13e1c824)
INFO  [Storage] Block #24122 serialized (257 bytes)
produced block height=24122 tx_total=0 successes=0
INFO  [Storage] Committing block #24123 with 0 transaction(s) (hash: 0x8b0694964cc5a7)
INFO  [Storage] Block #24123 serialized (257 bytes)
produced block height=24123 tx_total=0 successes=0
INFO  [Storage] Committing block #24124 with 0 transaction(s) (hash: 0x47f76ec60c733b)
INFO  [Storage] Block #24124 serialized (257 bytes)
produced block height=24124 tx_total=0 successes=0
INFO  [Storage] Committing block #24125 with 0 transaction(s) (hash: 0x98ba4809195e08)
INFO  [Storage] Block #24125 serialized (257 bytes)
produced block height=24125 tx_total=0 successes=0
INFO  [Storage] Committing block #24126 with 0 transaction(s) (hash: 0xe92a7c160126f1)
INFO  [Storage] Block #24126 serialized (257 bytes)
produced block height=24126 tx_total=0 successes=0
INFO  [Storage] Committing block #24127 with 0 transaction(s) (hash: 0x88876c4201864f)
INFO  [Storage] Block #24127 serialized (257 bytes)
produced block height=24127 tx_total=0 successes=0
INFO  [Storage] Committing block #24128 with 0 transaction(s) (hash: 0xe4fd089bfcd993)
INFO  [Storage] Block #24128 serialized (257 bytes)
produced block height=24128 tx_total=0 successes=0
INFO  [Storage] Committing block #24129 with 0 transaction(s) (hash: 0x21dc8d90ebee05)
INFO  [Storage] Block #24129 serialized (257 bytes)
produced block height=24129 tx_total=0 successes=0
INFO  [Storage] Committing block #24130 with 0 transaction(s) (hash: 0x56736d373ab471)
INFO  [Storage] Block #24130 serialized (257 bytes)
produced block height=24130 tx_total=0 successes=0
INFO  [Storage] Committing block #24131 with 0 transaction(s) (hash: 0x3a96d7f6af47ae)
INFO  [Storage] Block #24131 serialized (257 bytes)
produced block height=24131 tx_total=0 successes=0
INFO  [Storage] Committing block #24132 with 0 transaction(s) (hash: 0x18d0239912603c)
INFO  [Storage] Block #24132 serialized (257 bytes)
produced block height=24132 tx_total=0 successes=0
INFO  [Storage] Committing block #24133 with 0 transaction(s) (hash: 0x99810e6f0a796b)
INFO  [Storage] Block #24133 serialized (257 bytes)
produced block height=24133 tx_total=0 successes=0
INFO  [Storage] Committing block #24134 with 0 transaction(s) (hash: 0xf3af731ae00486)
INFO  [Storage] Block #24134 serialized (257 bytes)
produced block height=24134 tx_total=0 successes=0
INFO  [Storage] Committing block #24135 with 0 transaction(s) (hash: 0xab4d2c7ec4207c)
INFO  [Storage] Block #24135 serialized (257 bytes)
produced block height=24135 tx_total=0 successes=0
INFO  [Storage] Committing block #24136 with 0 transaction(s) (hash: 0xf75517d18e4045)
INFO  [Storage] Block #24136 serialized (257 bytes)
produced block height=24136 tx_total=0 successes=0
INFO  [Storage] Committing block #24137 with 0 transaction(s) (hash: 0x8231560643f009)
INFO  [Storage] Block #24137 serialized (257 bytes)
produced block height=24137 tx_total=0 successes=0
INFO  [Storage] Committing block #24138 with 0 transaction(s) (hash: 0x085fa0eea3d72a)
INFO  [Storage] Block #24138 serialized (257 bytes)
produced block height=24138 tx_total=0 successes=0
INFO  [Storage] Committing block #24139 with 0 transaction(s) (hash: 0x9a2c8a59ba9362)
INFO  [Storage] Block #24139 serialized (257 bytes)
produced block height=24139 tx_total=0 successes=0
INFO  [Storage] Committing block #24140 with 0 transaction(s) (hash: 0xffc89ea4929bf8)
INFO  [Storage] Block #24140 serialized (257 bytes)
produced block height=24140 tx_total=0 successes=0
INFO  [Storage] Committing block #24141 with 0 transaction(s) (hash: 0xd8f748108803c8)
INFO  [Storage] Block #24141 serialized (257 bytes)
produced block height=24141 tx_total=0 successes=0
INFO  [Storage] Committing block #24142 with 0 transaction(s) (hash: 0xc0e0e75a6f9940)
INFO  [Storage] Block #24142 serialized (257 bytes)
produced block height=24142 tx_total=0 successes=0
INFO  [Storage] Committing block #24143 with 0 transaction(s) (hash: 0x01de8ed1f21dd6)
INFO  [Storage] Block #24143 serialized (257 bytes)
produced block height=24143 tx_total=0 successes=0
INFO  [Storage] Committing block #24144 with 0 transaction(s) (hash: 0xa80e2322ac1e5c)
INFO  [Storage] Block #24144 serialized (257 bytes)
produced block height=24144 tx_total=0 successes=0
INFO  [Storage] Committing block #24145 with 0 transaction(s) (hash: 0xbfefa64d93dc87)
INFO  [Storage] Block #24145 serialized (257 bytes)
produced block height=24145 tx_total=0 successes=0
INFO  [Storage] Committing block #24146 with 0 transaction(s) (hash: 0x02897236eadad6)
INFO  [Storage] Block #24146 serialized (257 bytes)
produced block height=24146 tx_total=0 successes=0
INFO  [Storage] Committing block #24147 with 0 transaction(s) (hash: 0xa762d29162f3b5)
INFO  [Storage] Block #24147 serialized (257 bytes)
produced block height=24147 tx_total=0 successes=0
INFO  [Storage] Committing block #24148 with 0 transaction(s) (hash: 0x38f11af263969e)
INFO  [Storage] Block #24148 serialized (257 bytes)
produced block height=24148 tx_total=0 successes=0
INFO  [Storage] Committing block #24149 with 0 transaction(s) (hash: 0x0678d8de743266)
INFO  [Storage] Block #24149 serialized (257 bytes)
produced block height=24149 tx_total=0 successes=0
INFO  [Storage] Committing block #24150 with 0 transaction(s) (hash: 0x1010b93b71ee6e)
INFO  [Storage] Block #24150 serialized (257 bytes)
produced block height=24150 tx_total=0 successes=0
INFO  [Storage] Committing block #24151 with 0 transaction(s) (hash: 0x8b2440d96446a3)
INFO  [Storage] Block #24151 serialized (257 bytes)
produced block height=24151 tx_total=0 successes=0
INFO  [Storage] Committing block #24152 with 0 transaction(s) (hash: 0x4c497ec488bf90)
INFO  [Storage] Block #24152 serialized (257 bytes)
produced block height=24152 tx_total=0 successes=0
INFO  [Storage] Committing block #24153 with 0 transaction(s) (hash: 0x526c9863789daa)
INFO  [Storage] Block #24153 serialized (257 bytes)
produced block height=24153 tx_total=0 successes=0
INFO  [Storage] Committing block #24154 with 0 transaction(s) (hash: 0xe6316763f212b7)
INFO  [Storage] Block #24154 serialized (257 bytes)
produced block height=24154 tx_total=0 successes=0
INFO  [Storage] Committing block #24155 with 0 transaction(s) (hash: 0xe62e3a6f000c76)
INFO  [Storage] Block #24155 serialized (257 bytes)
produced block height=24155 tx_total=0 successes=0
INFO  [Storage] Committing block #24156 with 0 transaction(s) (hash: 0x6109e388f98186)
INFO  [Storage] Block #24156 serialized (257 bytes)
produced block height=24156 tx_total=0 successes=0
INFO  [Storage] Committing block #24157 with 0 transaction(s) (hash: 0x9f4b0555206dc8)
INFO  [Storage] Block #24157 serialized (257 bytes)
produced block height=24157 tx_total=0 successes=0
INFO  [Storage] Committing block #24158 with 0 transaction(s) (hash: 0xcf10d4a084ac55)
INFO  [Storage] Block #24158 serialized (257 bytes)
produced block height=24158 tx_total=0 successes=0
INFO  [Storage] Committing block #24159 with 0 transaction(s) (hash: 0xb0e4f386b99166)
INFO  [Storage] Block #24159 serialized (257 bytes)
produced block height=24159 tx_total=0 successes=0
INFO  [Storage] Committing block #24160 with 0 transaction(s) (hash: 0x191f4f0e87a44c)
INFO  [Storage] Block #24160 serialized (257 bytes)
produced block height=24160 tx_total=0 successes=0
INFO  [Storage] Committing block #24161 with 0 transaction(s) (hash: 0x78f77671083bb5)
INFO  [Storage] Block #24161 serialized (257 bytes)
produced block height=24161 tx_total=0 successes=0
INFO  [Storage] Committing block #24162 with 0 transaction(s) (hash: 0x7c684c5e78f5ed)
INFO  [Storage] Block #24162 serialized (257 bytes)
produced block height=24162 tx_total=0 successes=0
INFO  [Storage] Committing block #24163 with 0 transaction(s) (hash: 0x8175120aa4374b)
INFO  [Storage] Block #24163 serialized (257 bytes)
produced block height=24163 tx_total=0 successes=0
INFO  [Storage] Committing block #24164 with 0 transaction(s) (hash: 0x37752d868752d2)
INFO  [Storage] Block #24164 serialized (257 bytes)
produced block height=24164 tx_total=0 successes=0
INFO  [Storage] Committing block #24165 with 0 transaction(s) (hash: 0xb8f8cdfbadc1c6)
INFO  [Storage] Block #24165 serialized (257 bytes)
produced block height=24165 tx_total=0 successes=0
INFO  [Storage] Committing block #24166 with 0 transaction(s) (hash: 0x119da6d7205d42)
INFO  [Storage] Block #24166 serialized (257 bytes)
produced block height=24166 tx_total=0 successes=0
INFO  [Storage] Committing block #24167 with 0 transaction(s) (hash: 0xf1d25343e140d2)
INFO  [Storage] Block #24167 serialized (257 bytes)
produced block height=24167 tx_total=0 successes=0
INFO  [Storage] Committing block #24168 with 0 transaction(s) (hash: 0x5a89e097c5e345)
INFO  [Storage] Block #24168 serialized (257 bytes)
produced block height=24168 tx_total=0 successes=0
INFO  [Storage] Committing block #24169 with 0 transaction(s) (hash: 0xd5482a10467737)
INFO  [Storage] Block #24169 serialized (257 bytes)
produced block height=24169 tx_total=0 successes=0
INFO  [Storage] Committing block #24170 with 0 transaction(s) (hash: 0xee755249238882)
INFO  [Storage] Block #24170 serialized (257 bytes)
produced block height=24170 tx_total=0 successes=0
INFO  [Storage] Committing block #24171 with 0 transaction(s) (hash: 0xed37dc7f609588)
INFO  [Storage] Block #24171 serialized (257 bytes)
produced block height=24171 tx_total=0 successes=0
INFO  [Storage] Committing block #24172 with 0 transaction(s) (hash: 0x400f2d19cec975)
INFO  [Storage] Block #24172 serialized (257 bytes)
produced block height=24172 tx_total=0 successes=0
INFO  [Storage] Committing block #24173 with 0 transaction(s) (hash: 0xf66632dfc864c4)
INFO  [Storage] Block #24173 serialized (257 bytes)
produced block height=24173 tx_total=0 successes=0
INFO  [Storage] Committing block #24174 with 0 transaction(s) (hash: 0xfd3e436a42c3b8)
INFO  [Storage] Block #24174 serialized (257 bytes)
produced block height=24174 tx_total=0 successes=0
INFO  [Storage] Committing block #24175 with 0 transaction(s) (hash: 0x8b459ced99913a)
INFO  [Storage] Block #24175 serialized (257 bytes)
produced block height=24175 tx_total=0 successes=0
INFO  [Storage] Committing block #24176 with 0 transaction(s) (hash: 0xa963062e278e6c)
INFO  [Storage] Block #24176 serialized (257 bytes)
produced block height=24176 tx_total=0 successes=0
INFO  [Storage] Committing block #24177 with 0 transaction(s) (hash: 0x0b7f4048000bb4)
INFO  [Storage] Block #24177 serialized (257 bytes)
produced block height=24177 tx_total=0 successes=0
INFO  [Storage] Committing block #24178 with 0 transaction(s) (hash: 0x403598f16abdcf)
INFO  [Storage] Block #24178 serialized (257 bytes)
produced block height=24178 tx_total=0 successes=0
INFO  [Storage] Committing block #24179 with 0 transaction(s) (hash: 0xc51cfa136797c7)
INFO  [Storage] Block #24179 serialized (257 bytes)
produced block height=24179 tx_total=0 successes=0
INFO  [Storage] Committing block #24180 with 0 transaction(s) (hash: 0x4c5231467a77a6)
INFO  [Storage] Block #24180 serialized (257 bytes)
produced block height=24180 tx_total=0 successes=0
INFO  [Storage] Committing block #24181 with 0 transaction(s) (hash: 0x98db156cf909fd)
INFO  [Storage] Block #24181 serialized (257 bytes)
produced block height=24181 tx_total=0 successes=0
INFO  [Storage] Committing block #24182 with 0 transaction(s) (hash: 0x90e7eec9385e37)
INFO  [Storage] Block #24182 serialized (257 bytes)
produced block height=24182 tx_total=0 successes=0
INFO  [Storage] Committing block #24183 with 0 transaction(s) (hash: 0x6ff7603225965e)
INFO  [Storage] Block #24183 serialized (257 bytes)
produced block height=24183 tx_total=0 successes=0
INFO  [Storage] Committing block #24184 with 0 transaction(s) (hash: 0x3d7df43d284394)
INFO  [Storage] Block #24184 serialized (257 bytes)
produced block height=24184 tx_total=0 successes=0
INFO  [Storage] Committing block #24185 with 0 transaction(s) (hash: 0xdc094806953ce8)
INFO  [Storage] Block #24185 serialized (257 bytes)
produced block height=24185 tx_total=0 successes=0
INFO  [Storage] Committing block #24186 with 0 transaction(s) (hash: 0xad2be1b6335acd)
INFO  [Storage] Block #24186 serialized (257 bytes)
produced block height=24186 tx_total=0 successes=0
INFO  [Storage] Committing block #24187 with 0 transaction(s) (hash: 0x6e32256fd1aed8)
INFO  [Storage] Block #24187 serialized (257 bytes)
produced block height=24187 tx_total=0 successes=0
INFO  [Storage] Committing block #24188 with 0 transaction(s) (hash: 0xb616cdcb452984)
INFO  [Storage] Block #24188 serialized (257 bytes)
produced block height=24188 tx_total=0 successes=0
INFO  [Storage] Committing block #24189 with 0 transaction(s) (hash: 0x2a150e521511a4)
INFO  [Storage] Block #24189 serialized (257 bytes)
produced block height=24189 tx_total=0 successes=0
INFO  [Storage] Committing block #24190 with 0 transaction(s) (hash: 0xb49c94e9b8db2d)
INFO  [Storage] Block #24190 serialized (257 bytes)
produced block height=24190 tx_total=0 successes=0
INFO  [Storage] Committing block #24191 with 0 transaction(s) (hash: 0x3cf2fbbd9240c6)
INFO  [Storage] Block #24191 serialized (257 bytes)
produced block height=24191 tx_total=0 successes=0
INFO  [Storage] Committing block #24192 with 0 transaction(s) (hash: 0xeef208283035a2)
INFO  [Storage] Block #24192 serialized (257 bytes)
produced block height=24192 tx_total=0 successes=0
INFO  [Storage] Committing block #24193 with 0 transaction(s) (hash: 0xc31f3c73e77c52)
INFO  [Storage] Block #24193 serialized (257 bytes)
produced block height=24193 tx_total=0 successes=0
INFO  [Storage] Committing block #24194 with 0 transaction(s) (hash: 0x1523e2bd52f177)
INFO  [Storage] Block #24194 serialized (257 bytes)
produced block height=24194 tx_total=0 successes=0
INFO  [Storage] Committing block #24195 with 0 transaction(s) (hash: 0x74bb7a5fe577c0)
INFO  [Storage] Block #24195 serialized (257 bytes)
produced block height=24195 tx_total=0 successes=0
INFO  [Storage] Committing block #24196 with 0 transaction(s) (hash: 0xcc60d5d12ebd24)
INFO  [Storage] Block #24196 serialized (257 bytes)
produced block height=24196 tx_total=0 successes=0
INFO  [Storage] Committing block #24197 with 0 transaction(s) (hash: 0x14b8f6e7d0f588)
INFO  [Storage] Block #24197 serialized (257 bytes)
produced block height=24197 tx_total=0 successes=0
INFO  [Storage] Committing block #24198 with 0 transaction(s) (hash: 0x9116c5010b3b78)
INFO  [Storage] Block #24198 serialized (257 bytes)
produced block height=24198 tx_total=0 successes=0
INFO  [Storage] Committing block #24199 with 0 transaction(s) (hash: 0x5a9f9c701c7107)
INFO  [Storage] Block #24199 serialized (257 bytes)
produced block height=24199 tx_total=0 successes=0
INFO  [Storage] Committing block #24200 with 0 transaction(s) (hash: 0x730ce4c0932889)
INFO  [Storage] Block #24200 serialized (257 bytes)
produced block height=24200 tx_total=0 successes=0
INFO  [Storage] Committing block #24201 with 0 transaction(s) (hash: 0xd72146cc87d40e)
INFO  [Storage] Block #24201 serialized (257 bytes)
produced block height=24201 tx_total=0 successes=0
INFO  [Storage] Committing block #24202 with 0 transaction(s) (hash: 0x7f36fe1bfa5db8)
INFO  [Storage] Block #24202 serialized (257 bytes)
produced block height=24202 tx_total=0 successes=0
INFO  [Storage] Committing block #24203 with 0 transaction(s) (hash: 0x8eb58b88afb1c5)
INFO  [Storage] Block #24203 serialized (257 bytes)
produced block height=24203 tx_total=0 successes=0
INFO  [Storage] Committing block #24204 with 0 transaction(s) (hash: 0x9cd45077e755df)
INFO  [Storage] Block #24204 serialized (257 bytes)
produced block height=24204 tx_total=0 successes=0
INFO  [Storage] Committing block #24205 with 0 transaction(s) (hash: 0xf35ac97643e0c4)
INFO  [Storage] Block #24205 serialized (257 bytes)
produced block height=24205 tx_total=0 successes=0
INFO  [Storage] Committing block #24206 with 0 transaction(s) (hash: 0xe5415cafb6b9f4)
INFO  [Storage] Block #24206 serialized (257 bytes)
produced block height=24206 tx_total=0 successes=0
INFO  [Storage] Committing block #24207 with 0 transaction(s) (hash: 0x4a266a793b9e68)
INFO  [Storage] Block #24207 serialized (257 bytes)
produced block height=24207 tx_total=0 successes=0
INFO  [Storage] Committing block #24208 with 0 transaction(s) (hash: 0x74095dbebad4a4)
INFO  [Storage] Block #24208 serialized (257 bytes)
produced block height=24208 tx_total=0 successes=0
INFO  [Storage] Committing block #24209 with 0 transaction(s) (hash: 0x5e9e5f26370ed9)
INFO  [Storage] Block #24209 serialized (257 bytes)
produced block height=24209 tx_total=0 successes=0
INFO  [Storage] Committing block #24210 with 0 transaction(s) (hash: 0x5fbcbdc0a98d43)
INFO  [Storage] Block #24210 serialized (257 bytes)
produced block height=24210 tx_total=0 successes=0
INFO  [Storage] Committing block #24211 with 0 transaction(s) (hash: 0x932683bebc310a)
INFO  [Storage] Block #24211 serialized (257 bytes)
produced block height=24211 tx_total=0 successes=0
INFO  [Storage] Committing block #24212 with 0 transaction(s) (hash: 0xd0a4a421ca5e37)
INFO  [Storage] Block #24212 serialized (257 bytes)
produced block height=24212 tx_total=0 successes=0
INFO  [Storage] Committing block #24213 with 0 transaction(s) (hash: 0xac1e4ccce5eab0)
INFO  [Storage] Block #24213 serialized (257 bytes)
produced block height=24213 tx_total=0 successes=0
INFO  [Storage] Committing block #24214 with 0 transaction(s) (hash: 0xfe155cdd911414)
INFO  [Storage] Block #24214 serialized (257 bytes)
produced block height=24214 tx_total=0 successes=0
INFO  [Storage] Committing block #24215 with 0 transaction(s) (hash: 0x604c71d7a142cc)
INFO  [Storage] Block #24215 serialized (257 bytes)
produced block height=24215 tx_total=0 successes=0
INFO  [Storage] Committing block #24216 with 0 transaction(s) (hash: 0x446b709ea885f8)
INFO  [Storage] Block #24216 serialized (257 bytes)
produced block height=24216 tx_total=0 successes=0
INFO  [Storage] Committing block #24217 with 0 transaction(s) (hash: 0x78b3378e201608)
INFO  [Storage] Block #24217 serialized (257 bytes)
produced block height=24217 tx_total=0 successes=0
INFO  [Storage] Committing block #24218 with 0 transaction(s) (hash: 0x89e4c6bceeaebb)
INFO  [Storage] Block #24218 serialized (257 bytes)
produced block height=24218 tx_total=0 successes=0
INFO  [Storage] Committing block #24219 with 0 transaction(s) (hash: 0xf6c2e0517c4896)
INFO  [Storage] Block #24219 serialized (257 bytes)
produced block height=24219 tx_total=0 successes=0
INFO  [Storage] Committing block #24220 with 0 transaction(s) (hash: 0xee882997f1abe4)
INFO  [Storage] Block #24220 serialized (257 bytes)
produced block height=24220 tx_total=0 successes=0
INFO  [Storage] Committing block #24221 with 0 transaction(s) (hash: 0xac44599b26c4ef)
INFO  [Storage] Block #24221 serialized (257 bytes)
produced block height=24221 tx_total=0 successes=0
INFO  [Storage] Committing block #24222 with 0 transaction(s) (hash: 0xb4ba348afd44ca)
INFO  [Storage] Block #24222 serialized (257 bytes)
produced block height=24222 tx_total=0 successes=0
INFO  [Storage] Committing block #24223 with 0 transaction(s) (hash: 0x2166ab2f260ab7)
INFO  [Storage] Block #24223 serialized (257 bytes)
produced block height=24223 tx_total=0 successes=0
INFO  [Storage] Committing block #24224 with 0 transaction(s) (hash: 0xf35704d8e00d39)
INFO  [Storage] Block #24224 serialized (257 bytes)
produced block height=24224 tx_total=0 successes=0
INFO  [Storage] Committing block #24225 with 0 transaction(s) (hash: 0x9f6dbbc247104f)
INFO  [Storage] Block #24225 serialized (257 bytes)
produced block height=24225 tx_total=0 successes=0
INFO  [Storage] Committing block #24226 with 0 transaction(s) (hash: 0x19f8aa307173a7)
INFO  [Storage] Block #24226 serialized (257 bytes)
produced block height=24226 tx_total=0 successes=0
INFO  [Storage] Committing block #24227 with 0 transaction(s) (hash: 0xbad22ab7fe5498)
INFO  [Storage] Block #24227 serialized (257 bytes)
produced block height=24227 tx_total=0 successes=0
INFO  [Storage] Committing block #24228 with 0 transaction(s) (hash: 0xfce53de24f531a)
INFO  [Storage] Block #24228 serialized (257 bytes)
produced block height=24228 tx_total=0 successes=0
INFO  [Storage] Committing block #24229 with 0 transaction(s) (hash: 0x5c027aa4042668)
INFO  [Storage] Block #24229 serialized (257 bytes)
produced block height=24229 tx_total=0 successes=0
INFO  [Storage] Committing block #24230 with 0 transaction(s) (hash: 0xbfdb13b8a7ada9)
INFO  [Storage] Block #24230 serialized (257 bytes)
produced block height=24230 tx_total=0 successes=0
INFO  [Storage] Committing block #24231 with 0 transaction(s) (hash: 0xa503df885651f0)
INFO  [Storage] Block #24231 serialized (257 bytes)
produced block height=24231 tx_total=0 successes=0
INFO  [Storage] Committing block #24232 with 0 transaction(s) (hash: 0x9cd942dab3e812)
INFO  [Storage] Block #24232 serialized (257 bytes)
produced block height=24232 tx_total=0 successes=0
INFO  [Storage] Committing block #24233 with 0 transaction(s) (hash: 0xbb5877e7d5b4df)
INFO  [Storage] Block #24233 serialized (257 bytes)
produced block height=24233 tx_total=0 successes=0
INFO  [Storage] Committing block #24234 with 0 transaction(s) (hash: 0xe3a5c5f26cb49e)
INFO  [Storage] Block #24234 serialized (257 bytes)
produced block height=24234 tx_total=0 successes=0
INFO  [Storage] Committing block #24235 with 0 transaction(s) (hash: 0x87aeabe608c4bc)
INFO  [Storage] Block #24235 serialized (257 bytes)
produced block height=24235 tx_total=0 successes=0
INFO  [Storage] Committing block #24236 with 0 transaction(s) (hash: 0x8bc817b875dee8)
INFO  [Storage] Block #24236 serialized (257 bytes)
produced block height=24236 tx_total=0 successes=0
INFO  [Storage] Committing block #24237 with 0 transaction(s) (hash: 0x86047af3a8f329)
INFO  [Storage] Block #24237 serialized (257 bytes)
produced block height=24237 tx_total=0 successes=0
INFO  [Storage] Committing block #24238 with 0 transaction(s) (hash: 0xdc47f78940cd2d)
INFO  [Storage] Block #24238 serialized (257 bytes)
produced block height=24238 tx_total=0 successes=0
INFO  [Storage] Committing block #24239 with 0 transaction(s) (hash: 0x236500cd44027b)
INFO  [Storage] Block #24239 serialized (257 bytes)
produced block height=24239 tx_total=0 successes=0
INFO  [Storage] Committing block #24240 with 0 transaction(s) (hash: 0x4f4bc7e22e8806)
INFO  [Storage] Block #24240 serialized (257 bytes)
produced block height=24240 tx_total=0 successes=0
INFO  [Storage] Committing block #24241 with 0 transaction(s) (hash: 0x020f5d9b5240de)
INFO  [Storage] Block #24241 serialized (257 bytes)
produced block height=24241 tx_total=0 successes=0
INFO  [Storage] Committing block #24242 with 0 transaction(s) (hash: 0x35c3539b7cfa0e)
INFO  [Storage] Block #24242 serialized (257 bytes)
produced block height=24242 tx_total=0 successes=0
INFO  [Storage] Committing block #24243 with 0 transaction(s) (hash: 0x62969283553717)
INFO  [Storage] Block #24243 serialized (257 bytes)
produced block height=24243 tx_total=0 successes=0
INFO  [Storage] Committing block #24244 with 0 transaction(s) (hash: 0x5916258ddbe0eb)
INFO  [Storage] Block #24244 serialized (257 bytes)
produced block height=24244 tx_total=0 successes=0
INFO  [Storage] Committing block #24245 with 0 transaction(s) (hash: 0xc06fcdf6125975)
INFO  [Storage] Block #24245 serialized (257 bytes)
produced block height=24245 tx_total=0 successes=0
INFO  [Storage] Committing block #24246 with 0 transaction(s) (hash: 0x2f1580311cb301)
INFO  [Storage] Block #24246 serialized (257 bytes)
produced block height=24246 tx_total=0 successes=0
INFO  [Storage] Committing block #24247 with 0 transaction(s) (hash: 0x4d84c8d45f3279)
INFO  [Storage] Block #24247 serialized (257 bytes)
produced block height=24247 tx_total=0 successes=0
INFO  [Storage] Committing block #24248 with 0 transaction(s) (hash: 0x2fbbacc8aa6cd3)
INFO  [Storage] Block #24248 serialized (257 bytes)
produced block height=24248 tx_total=0 successes=0
INFO  [Storage] Committing block #24249 with 0 transaction(s) (hash: 0xbf51ab9039ca17)
INFO  [Storage] Block #24249 serialized (257 bytes)
produced block height=24249 tx_total=0 successes=0
INFO  [Storage] Committing block #24250 with 0 transaction(s) (hash: 0xf5f423f062f68c)
INFO  [Storage] Block #24250 serialized (257 bytes)
produced block height=24250 tx_total=0 successes=0
INFO  [Storage] Committing block #24251 with 0 transaction(s) (hash: 0xeab182bf927f53)
INFO  [Storage] Block #24251 serialized (257 bytes)
produced block height=24251 tx_total=0 successes=0
INFO  [Storage] Committing block #24252 with 0 transaction(s) (hash: 0x001bcf234bf59b)
INFO  [Storage] Block #24252 serialized (257 bytes)
produced block height=24252 tx_total=0 successes=0
INFO  [Storage] Committing block #24253 with 0 transaction(s) (hash: 0x9fa9ef1e6a2c3e)
INFO  [Storage] Block #24253 serialized (257 bytes)
produced block height=24253 tx_total=0 successes=0
INFO  [Storage] Committing block #24254 with 0 transaction(s) (hash: 0xdd4cd8bf7a47ad)
INFO  [Storage] Block #24254 serialized (257 bytes)
produced block height=24254 tx_total=0 successes=0
INFO  [Storage] Committing block #24255 with 0 transaction(s) (hash: 0x9b1277b6c04833)
INFO  [Storage] Block #24255 serialized (257 bytes)
produced block height=24255 tx_total=0 successes=0
INFO  [Storage] Committing block #24256 with 0 transaction(s) (hash: 0x691f01238d6401)
INFO  [Storage] Block #24256 serialized (257 bytes)
produced block height=24256 tx_total=0 successes=0
INFO  [Storage] Committing block #24257 with 0 transaction(s) (hash: 0xbf5a571d7eb5c9)
INFO  [Storage] Block #24257 serialized (257 bytes)
produced block height=24257 tx_total=0 successes=0
INFO  [Storage] Committing block #24258 with 0 transaction(s) (hash: 0xdf36565ba47c1c)
INFO  [Storage] Block #24258 serialized (257 bytes)
produced block height=24258 tx_total=0 successes=0
INFO  [Storage] Committing block #24259 with 0 transaction(s) (hash: 0xc72a5d8f017851)
INFO  [Storage] Block #24259 serialized (257 bytes)
produced block height=24259 tx_total=0 successes=0
INFO  [Storage] Committing block #24260 with 0 transaction(s) (hash: 0x40cd72602d41ff)
INFO  [Storage] Block #24260 serialized (257 bytes)
produced block height=24260 tx_total=0 successes=0
INFO  [Storage] Committing block #24261 with 0 transaction(s) (hash: 0x5ffe0be0fad236)
INFO  [Storage] Block #24261 serialized (257 bytes)
produced block height=24261 tx_total=0 successes=0
INFO  [Storage] Committing block #24262 with 0 transaction(s) (hash: 0xf8a494a9108e36)
INFO  [Storage] Block #24262 serialized (257 bytes)
produced block height=24262 tx_total=0 successes=0
INFO  [Storage] Committing block #24263 with 0 transaction(s) (hash: 0x0e3a664120ec24)
INFO  [Storage] Block #24263 serialized (257 bytes)
produced block height=24263 tx_total=0 successes=0
INFO  [Storage] Committing block #24264 with 0 transaction(s) (hash: 0x2256ca2f13dbc2)
INFO  [Storage] Block #24264 serialized (257 bytes)
produced block height=24264 tx_total=0 successes=0
INFO  [Storage] Committing block #24265 with 0 transaction(s) (hash: 0xd187d7f22e7802)
INFO  [Storage] Block #24265 serialized (257 bytes)
produced block height=24265 tx_total=0 successes=0
INFO  [Storage] Committing block #24266 with 0 transaction(s) (hash: 0x12d82aafb31092)
INFO  [Storage] Block #24266 serialized (257 bytes)
produced block height=24266 tx_total=0 successes=0
INFO  [Storage] Committing block #24267 with 0 transaction(s) (hash: 0xcfcbe6a87a2b8c)
INFO  [Storage] Block #24267 serialized (257 bytes)
produced block height=24267 tx_total=0 successes=0
INFO  [Storage] Committing block #24268 with 0 transaction(s) (hash: 0x3eca5cf18a33a8)
INFO  [Storage] Block #24268 serialized (257 bytes)
produced block height=24268 tx_total=0 successes=0
INFO  [Storage] Committing block #24269 with 0 transaction(s) (hash: 0xd7f093f80c423f)
INFO  [Storage] Block #24269 serialized (257 bytes)
produced block height=24269 tx_total=0 successes=0
INFO  [Storage] Committing block #24270 with 0 transaction(s) (hash: 0x6fda425df8304b)
INFO  [Storage] Block #24270 serialized (257 bytes)
produced block height=24270 tx_total=0 successes=0
INFO  [Storage] Committing block #24271 with 0 transaction(s) (hash: 0xe6d20225063ee4)
INFO  [Storage] Block #24271 serialized (257 bytes)
produced block height=24271 tx_total=0 successes=0
INFO  [Storage] Committing block #24272 with 0 transaction(s) (hash: 0xb72bd647277b6a)
INFO  [Storage] Block #24272 serialized (257 bytes)
produced block height=24272 tx_total=0 successes=0
INFO  [Storage] Committing block #24273 with 0 transaction(s) (hash: 0x8759a7e0ad265e)
INFO  [Storage] Block #24273 serialized (257 bytes)
produced block height=24273 tx_total=0 successes=0
INFO  [Storage] Committing block #24274 with 0 transaction(s) (hash: 0xbd2e020a34c616)
INFO  [Storage] Block #24274 serialized (257 bytes)
produced block height=24274 tx_total=0 successes=0
INFO  [Storage] Committing block #24275 with 0 transaction(s) (hash: 0xb11d2a0dbcb208)
INFO  [Storage] Block #24275 serialized (257 bytes)
produced block height=24275 tx_total=0 successes=0
INFO  [Storage] Committing block #24276 with 0 transaction(s) (hash: 0x783fac03188b25)
INFO  [Storage] Block #24276 serialized (257 bytes)
produced block height=24276 tx_total=0 successes=0
INFO  [Storage] Committing block #24277 with 0 transaction(s) (hash: 0xa0b800ec4de968)
INFO  [Storage] Block #24277 serialized (257 bytes)
produced block height=24277 tx_total=0 successes=0
INFO  [Storage] Committing block #24278 with 0 transaction(s) (hash: 0x4b893e145981c4)
INFO  [Storage] Block #24278 serialized (257 bytes)
produced block height=24278 tx_total=0 successes=0
INFO  [Storage] Committing block #24279 with 0 transaction(s) (hash: 0x921917a76fc96e)
INFO  [Storage] Block #24279 serialized (257 bytes)
produced block height=24279 tx_total=0 successes=0
INFO  [Storage] Committing block #24280 with 0 transaction(s) (hash: 0xae72ebf09fad39)
INFO  [Storage] Block #24280 serialized (257 bytes)
produced block height=24280 tx_total=0 successes=0
INFO  [Storage] Committing block #24281 with 0 transaction(s) (hash: 0xdf260fd8d0c05f)
INFO  [Storage] Block #24281 serialized (257 bytes)
produced block height=24281 tx_total=0 successes=0
INFO  [Storage] Committing block #24282 with 0 transaction(s) (hash: 0xe3dbb10d11e359)
INFO  [Storage] Block #24282 serialized (257 bytes)
produced block height=24282 tx_total=0 successes=0
INFO  [Storage] Committing block #24283 with 0 transaction(s) (hash: 0x1eb0def4427ced)
INFO  [Storage] Block #24283 serialized (257 bytes)
produced block height=24283 tx_total=0 successes=0
INFO  [Storage] Committing block #24284 with 0 transaction(s) (hash: 0x792b18096e6315)
INFO  [Storage] Block #24284 serialized (257 bytes)
produced block height=24284 tx_total=0 successes=0
INFO  [Storage] Committing block #24285 with 0 transaction(s) (hash: 0x24dd0adbad6f9a)
INFO  [Storage] Block #24285 serialized (257 bytes)
produced block height=24285 tx_total=0 successes=0
INFO  [Storage] Committing block #24286 with 0 transaction(s) (hash: 0x877b160e9cbdcf)
INFO  [Storage] Block #24286 serialized (257 bytes)
produced block height=24286 tx_total=0 successes=0
INFO  [Storage] Committing block #24287 with 0 transaction(s) (hash: 0x79d7324d0e0052)
INFO  [Storage] Block #24287 serialized (257 bytes)
produced block height=24287 tx_total=0 successes=0
INFO  [Storage] Committing block #24288 with 0 transaction(s) (hash: 0xac7346347d1ebf)
INFO  [Storage] Block #24288 serialized (257 bytes)
produced block height=24288 tx_total=0 successes=0
INFO  [Storage] Committing block #24289 with 0 transaction(s) (hash: 0x099ee253f4d1db)
INFO  [Storage] Block #24289 serialized (257 bytes)
produced block height=24289 tx_total=0 successes=0
INFO  [Storage] Committing block #24290 with 0 transaction(s) (hash: 0x1ab5f434e147f1)
INFO  [Storage] Block #24290 serialized (257 bytes)
produced block height=24290 tx_total=0 successes=0
INFO  [Storage] Committing block #24291 with 0 transaction(s) (hash: 0xd87a2ee3089db2)
INFO  [Storage] Block #24291 serialized (257 bytes)
produced block height=24291 tx_total=0 successes=0
INFO  [Storage] Committing block #24292 with 0 transaction(s) (hash: 0xc25086ccc5c0a5)
INFO  [Storage] Block #24292 serialized (257 bytes)
produced block height=24292 tx_total=0 successes=0
INFO  [Storage] Committing block #24293 with 0 transaction(s) (hash: 0xe7f0e7cf6fa58f)
INFO  [Storage] Block #24293 serialized (257 bytes)
produced block height=24293 tx_total=0 successes=0
INFO  [Storage] Committing block #24294 with 0 transaction(s) (hash: 0xc4c0618bbfee61)
INFO  [Storage] Block #24294 serialized (257 bytes)
produced block height=24294 tx_total=0 successes=0
INFO  [Storage] Committing block #24295 with 0 transaction(s) (hash: 0xbb568b170705df)
INFO  [Storage] Block #24295 serialized (257 bytes)
produced block height=24295 tx_total=0 successes=0
INFO  [Storage] Committing block #24296 with 0 transaction(s) (hash: 0xbcd2c48f596f1f)
INFO  [Storage] Block #24296 serialized (257 bytes)
produced block height=24296 tx_total=0 successes=0
INFO  [Storage] Committing block #24297 with 0 transaction(s) (hash: 0x46c603d4e3e03e)
INFO  [Storage] Block #24297 serialized (257 bytes)
produced block height=24297 tx_total=0 successes=0
INFO  [Storage] Committing block #24298 with 0 transaction(s) (hash: 0x49635f85c1cc40)
INFO  [Storage] Block #24298 serialized (257 bytes)
produced block height=24298 tx_total=0 successes=0
INFO  [Storage] Committing block #24299 with 0 transaction(s) (hash: 0xaa8e76d541d411)
INFO  [Storage] Block #24299 serialized (257 bytes)
produced block height=24299 tx_total=0 successes=0
INFO  [Storage] Committing block #24300 with 0 transaction(s) (hash: 0x0eea44c8992aa3)
INFO  [Storage] Block #24300 serialized (257 bytes)
produced block height=24300 tx_total=0 successes=0
INFO  [Storage] Committing block #24301 with 0 transaction(s) (hash: 0x54e3eb2a4e02db)
INFO  [Storage] Block #24301 serialized (257 bytes)
produced block height=24301 tx_total=0 successes=0
INFO  [Storage] Committing block #24302 with 0 transaction(s) (hash: 0x94aa4b1678b5fb)
INFO  [Storage] Block #24302 serialized (257 bytes)
produced block height=24302 tx_total=0 successes=0
INFO  [Storage] Committing block #24303 with 0 transaction(s) (hash: 0x048356a93774b6)
INFO  [Storage] Block #24303 serialized (257 bytes)
produced block height=24303 tx_total=0 successes=0
INFO  [Storage] Committing block #24304 with 0 transaction(s) (hash: 0x98ff194984cd77)
INFO  [Storage] Block #24304 serialized (257 bytes)
produced block height=24304 tx_total=0 successes=0
INFO  [Storage] Committing block #24305 with 0 transaction(s) (hash: 0x5992905bd03ede)
INFO  [Storage] Block #24305 serialized (257 bytes)
produced block height=24305 tx_total=0 successes=0
INFO  [Storage] Committing block #24306 with 0 transaction(s) (hash: 0x1a6c948c8c9544)
INFO  [Storage] Block #24306 serialized (257 bytes)
produced block height=24306 tx_total=0 successes=0
INFO  [Storage] Committing block #24307 with 0 transaction(s) (hash: 0xd30797f82f0dc2)
INFO  [Storage] Block #24307 serialized (257 bytes)
produced block height=24307 tx_total=0 successes=0
INFO  [Storage] Committing block #24308 with 0 transaction(s) (hash: 0x85143c055e42c9)
INFO  [Storage] Block #24308 serialized (257 bytes)
produced block height=24308 tx_total=0 successes=0
INFO  [Storage] Committing block #24309 with 0 transaction(s) (hash: 0x098d63e69ff736)
INFO  [Storage] Block #24309 serialized (257 bytes)
produced block height=24309 tx_total=0 successes=0
INFO  [Storage] Committing block #24310 with 0 transaction(s) (hash: 0x3541108c2f44b6)
INFO  [Storage] Block #24310 serialized (257 bytes)
produced block height=24310 tx_total=0 successes=0
INFO  [Storage] Committing block #24311 with 0 transaction(s) (hash: 0x750d559b11aace)
INFO  [Storage] Block #24311 serialized (257 bytes)
produced block height=24311 tx_total=0 successes=0
INFO  [Storage] Committing block #24312 with 0 transaction(s) (hash: 0x6f83917a2b2690)
INFO  [Storage] Block #24312 serialized (257 bytes)
produced block height=24312 tx_total=0 successes=0
INFO  [Storage] Committing block #24313 with 0 transaction(s) (hash: 0xb456293fde03a5)
INFO  [Storage] Block #24313 serialized (257 bytes)
produced block height=24313 tx_total=0 successes=0
INFO  [Storage] Committing block #24314 with 0 transaction(s) (hash: 0x9385206b044b2a)
INFO  [Storage] Block #24314 serialized (257 bytes)
produced block height=24314 tx_total=0 successes=0
INFO  [Storage] Committing block #24315 with 0 transaction(s) (hash: 0x4c249af1c4d8f6)
INFO  [Storage] Block #24315 serialized (257 bytes)
produced block height=24315 tx_total=0 successes=0
INFO  [Storage] Committing block #24316 with 0 transaction(s) (hash: 0x5e6b66f5c88b8b)
INFO  [Storage] Block #24316 serialized (257 bytes)
produced block height=24316 tx_total=0 successes=0
INFO  [Storage] Committing block #24317 with 0 transaction(s) (hash: 0xda92f355f30728)
INFO  [Storage] Block #24317 serialized (257 bytes)
produced block height=24317 tx_total=0 successes=0
INFO  [Storage] Committing block #24318 with 0 transaction(s) (hash: 0x0d1eb24af4b0a0)
INFO  [Storage] Block #24318 serialized (257 bytes)
produced block height=24318 tx_total=0 successes=0
INFO  [Storage] Committing block #24319 with 0 transaction(s) (hash: 0x9a8c4c529e97fc)
INFO  [Storage] Block #24319 serialized (257 bytes)
produced block height=24319 tx_total=0 successes=0
INFO  [Storage] Committing block #24320 with 0 transaction(s) (hash: 0xc0d19d4525a0c8)
INFO  [Storage] Block #24320 serialized (257 bytes)
produced block height=24320 tx_total=0 successes=0
INFO  [Storage] Committing block #24321 with 0 transaction(s) (hash: 0x8333a4e780361d)
INFO  [Storage] Block #24321 serialized (257 bytes)
produced block height=24321 tx_total=0 successes=0
INFO  [Storage] Committing block #24322 with 0 transaction(s) (hash: 0x3cd787e9857988)
INFO  [Storage] Block #24322 serialized (257 bytes)
produced block height=24322 tx_total=0 successes=0
INFO  [Storage] Committing block #24323 with 0 transaction(s) (hash: 0xfe55e296451a5c)
INFO  [Storage] Block #24323 serialized (257 bytes)
produced block height=24323 tx_total=0 successes=0
INFO  [Storage] Committing block #24324 with 0 transaction(s) (hash: 0x8583a4b6e5863e)
INFO  [Storage] Block #24324 serialized (257 bytes)
produced block height=24324 tx_total=0 successes=0
INFO  [Storage] Committing block #24325 with 0 transaction(s) (hash: 0x942ebdb623575f)
INFO  [Storage] Block #24325 serialized (257 bytes)
produced block height=24325 tx_total=0 successes=0
INFO  [Storage] Committing block #24326 with 0 transaction(s) (hash: 0x14f179fc343cb8)
INFO  [Storage] Block #24326 serialized (257 bytes)
produced block height=24326 tx_total=0 successes=0
INFO  [Storage] Committing block #24327 with 0 transaction(s) (hash: 0x7cba6ec8b5077b)
INFO  [Storage] Block #24327 serialized (257 bytes)
produced block height=24327 tx_total=0 successes=0
INFO  [Storage] Committing block #24328 with 0 transaction(s) (hash: 0x04c8213cd176d3)
INFO  [Storage] Block #24328 serialized (257 bytes)
produced block height=24328 tx_total=0 successes=0
INFO  [Storage] Committing block #24329 with 0 transaction(s) (hash: 0x7e353ef860cbb8)
INFO  [Storage] Block #24329 serialized (257 bytes)
produced block height=24329 tx_total=0 successes=0
INFO  [Storage] Committing block #24330 with 0 transaction(s) (hash: 0x8b27157c337087)
INFO  [Storage] Block #24330 serialized (257 bytes)
produced block height=24330 tx_total=0 successes=0
INFO  [Storage] Committing block #24331 with 0 transaction(s) (hash: 0x709b38136f0051)
INFO  [Storage] Block #24331 serialized (257 bytes)
produced block height=24331 tx_total=0 successes=0
INFO  [Storage] Committing block #24332 with 0 transaction(s) (hash: 0x7183d715e8f0c9)
INFO  [Storage] Block #24332 serialized (257 bytes)
produced block height=24332 tx_total=0 successes=0
INFO  [Storage] Committing block #24333 with 0 transaction(s) (hash: 0x91fdc6a859b932)
INFO  [Storage] Block #24333 serialized (257 bytes)
produced block height=24333 tx_total=0 successes=0
INFO  [Storage] Committing block #24334 with 0 transaction(s) (hash: 0xc3491b0e987423)
INFO  [Storage] Block #24334 serialized (257 bytes)
produced block height=24334 tx_total=0 successes=0
INFO  [Storage] Committing block #24335 with 0 transaction(s) (hash: 0xf50845aa601ac1)
INFO  [Storage] Block #24335 serialized (257 bytes)
produced block height=24335 tx_total=0 successes=0
INFO  [Storage] Committing block #24336 with 0 transaction(s) (hash: 0x2de1fe1b3373ca)
INFO  [Storage] Block #24336 serialized (257 bytes)
produced block height=24336 tx_total=0 successes=0
INFO  [Storage] Committing block #24337 with 0 transaction(s) (hash: 0x53e0d3448f1749)
INFO  [Storage] Block #24337 serialized (257 bytes)
produced block height=24337 tx_total=0 successes=0
INFO  [Storage] Committing block #24338 with 0 transaction(s) (hash: 0xdd9709f7385497)
INFO  [Storage] Block #24338 serialized (257 bytes)
produced block height=24338 tx_total=0 successes=0
INFO  [Storage] Committing block #24339 with 0 transaction(s) (hash: 0x64c4c3a25f6012)
INFO  [Storage] Block #24339 serialized (257 bytes)
produced block height=24339 tx_total=0 successes=0
INFO  [Storage] Committing block #24340 with 0 transaction(s) (hash: 0xbf55d759a13fa5)
INFO  [Storage] Block #24340 serialized (257 bytes)
produced block height=24340 tx_total=0 successes=0
INFO  [Storage] Committing block #24341 with 0 transaction(s) (hash: 0x6e72b07f36e034)
INFO  [Storage] Block #24341 serialized (257 bytes)
produced block height=24341 tx_total=0 successes=0
INFO  [Storage] Committing block #24342 with 0 transaction(s) (hash: 0xafd329134f5ce3)
INFO  [Storage] Block #24342 serialized (257 bytes)
produced block height=24342 tx_total=0 successes=0
INFO  [Storage] Committing block #24343 with 0 transaction(s) (hash: 0xb09a3f4fb7ea51)
INFO  [Storage] Block #24343 serialized (257 bytes)
produced block height=24343 tx_total=0 successes=0
INFO  [Storage] Committing block #24344 with 0 transaction(s) (hash: 0x23361a3483980d)
INFO  [Storage] Block #24344 serialized (257 bytes)
produced block height=24344 tx_total=0 successes=0
INFO  [Storage] Committing block #24345 with 0 transaction(s) (hash: 0xd18415952d4626)
INFO  [Storage] Block #24345 serialized (257 bytes)
produced block height=24345 tx_total=0 successes=0
INFO  [Storage] Committing block #24346 with 0 transaction(s) (hash: 0x07f16dcfaeb8a7)
INFO  [Storage] Block #24346 serialized (257 bytes)
produced block height=24346 tx_total=0 successes=0
INFO  [Storage] Committing block #24347 with 0 transaction(s) (hash: 0xb8e25baca06975)
INFO  [Storage] Block #24347 serialized (257 bytes)
produced block height=24347 tx_total=0 successes=0
INFO  [Storage] Committing block #24348 with 0 transaction(s) (hash: 0x20bdc83547ca19)
INFO  [Storage] Block #24348 serialized (257 bytes)
produced block height=24348 tx_total=0 successes=0
INFO  [Storage] Committing block #24349 with 0 transaction(s) (hash: 0x44103ce97081c9)
INFO  [Storage] Block #24349 serialized (257 bytes)
produced block height=24349 tx_total=0 successes=0
INFO  [Storage] Committing block #24350 with 0 transaction(s) (hash: 0xfa80b517ca8753)
INFO  [Storage] Block #24350 serialized (257 bytes)
produced block height=24350 tx_total=0 successes=0
INFO  [Storage] Committing block #24351 with 0 transaction(s) (hash: 0x5008fb13bac73c)
INFO  [Storage] Block #24351 serialized (257 bytes)
produced block height=24351 tx_total=0 successes=0
INFO  [Storage] Committing block #24352 with 0 transaction(s) (hash: 0xb5aaf92fd61633)
INFO  [Storage] Block #24352 serialized (257 bytes)
produced block height=24352 tx_total=0 successes=0
INFO  [Storage] Committing block #24353 with 0 transaction(s) (hash: 0xa169b233d7890b)
INFO  [Storage] Block #24353 serialized (257 bytes)
produced block height=24353 tx_total=0 successes=0
INFO  [Storage] Committing block #24354 with 0 transaction(s) (hash: 0x660d6239ae4411)
INFO  [Storage] Block #24354 serialized (257 bytes)
produced block height=24354 tx_total=0 successes=0
INFO  [Storage] Committing block #24355 with 0 transaction(s) (hash: 0xcc46077401bd42)
INFO  [Storage] Block #24355 serialized (257 bytes)
produced block height=24355 tx_total=0 successes=0
INFO  [Storage] Committing block #24356 with 0 transaction(s) (hash: 0xdbf0ff6f147851)
INFO  [Storage] Block #24356 serialized (257 bytes)
produced block height=24356 tx_total=0 successes=0
INFO  [Storage] Committing block #24357 with 0 transaction(s) (hash: 0x23664bf4c5d4d9)
INFO  [Storage] Block #24357 serialized (257 bytes)
produced block height=24357 tx_total=0 successes=0
INFO  [Storage] Committing block #24358 with 0 transaction(s) (hash: 0x171c4cd2614fb8)
INFO  [Storage] Block #24358 serialized (257 bytes)
produced block height=24358 tx_total=0 successes=0
INFO  [Storage] Committing block #24359 with 0 transaction(s) (hash: 0x7290138470ca8b)
INFO  [Storage] Block #24359 serialized (257 bytes)
produced block height=24359 tx_total=0 successes=0
INFO  [Storage] Committing block #24360 with 0 transaction(s) (hash: 0x97945a8bb94f7e)
INFO  [Storage] Block #24360 serialized (257 bytes)
produced block height=24360 tx_total=0 successes=0
INFO  [Storage] Committing block #24361 with 0 transaction(s) (hash: 0x5afc59fbea6937)
INFO  [Storage] Block #24361 serialized (257 bytes)
produced block height=24361 tx_total=0 successes=0
INFO  [Storage] Committing block #24362 with 0 transaction(s) (hash: 0x90705893d682ee)
INFO  [Storage] Block #24362 serialized (257 bytes)
produced block height=24362 tx_total=0 successes=0
INFO  [Storage] Committing block #24363 with 0 transaction(s) (hash: 0x71025a485464a8)
INFO  [Storage] Block #24363 serialized (257 bytes)
produced block height=24363 tx_total=0 successes=0
INFO  [Storage] Committing block #24364 with 0 transaction(s) (hash: 0xb48038b72644d8)
INFO  [Storage] Block #24364 serialized (257 bytes)
produced block height=24364 tx_total=0 successes=0
INFO  [Storage] Committing block #24365 with 0 transaction(s) (hash: 0x41cccd341f7104)
INFO  [Storage] Block #24365 serialized (257 bytes)
produced block height=24365 tx_total=0 successes=0
INFO  [Storage] Committing block #24366 with 0 transaction(s) (hash: 0xe18d7a06500e82)
INFO  [Storage] Block #24366 serialized (257 bytes)
produced block height=24366 tx_total=0 successes=0
INFO  [Storage] Committing block #24367 with 0 transaction(s) (hash: 0x766bd6b82e2787)
INFO  [Storage] Block #24367 serialized (257 bytes)
produced block height=24367 tx_total=0 successes=0
INFO  [Storage] Committing block #24368 with 0 transaction(s) (hash: 0xe1fb975eb44a81)
INFO  [Storage] Block #24368 serialized (257 bytes)
produced block height=24368 tx_total=0 successes=0
INFO  [Storage] Committing block #24369 with 0 transaction(s) (hash: 0x44471c21078d74)
INFO  [Storage] Block #24369 serialized (257 bytes)
produced block height=24369 tx_total=0 successes=0
INFO  [Storage] Committing block #24370 with 0 transaction(s) (hash: 0x6ce9d7d93aa59f)
INFO  [Storage] Block #24370 serialized (257 bytes)
produced block height=24370 tx_total=0 successes=0
INFO  [Storage] Committing block #24371 with 0 transaction(s) (hash: 0xf13a8baa364666)
INFO  [Storage] Block #24371 serialized (257 bytes)
produced block height=24371 tx_total=0 successes=0
INFO  [Storage] Committing block #24372 with 0 transaction(s) (hash: 0xb5621590f18296)
INFO  [Storage] Block #24372 serialized (257 bytes)
produced block height=24372 tx_total=0 successes=0
INFO  [Storage] Committing block #24373 with 0 transaction(s) (hash: 0x83cfecdc6adcb0)
INFO  [Storage] Block #24373 serialized (257 bytes)
produced block height=24373 tx_total=0 successes=0
INFO  [Storage] Committing block #24374 with 0 transaction(s) (hash: 0x797406b2dac026)
INFO  [Storage] Block #24374 serialized (257 bytes)
produced block height=24374 tx_total=0 successes=0
INFO  [Storage] Committing block #24375 with 0 transaction(s) (hash: 0x28c312689f1245)
INFO  [Storage] Block #24375 serialized (257 bytes)
produced block height=24375 tx_total=0 successes=0
INFO  [Storage] Committing block #24376 with 0 transaction(s) (hash: 0x30e57f2deb678c)
INFO  [Storage] Block #24376 serialized (257 bytes)
produced block height=24376 tx_total=0 successes=0
INFO  [Storage] Committing block #24377 with 0 transaction(s) (hash: 0xa05c50f7cf7945)
INFO  [Storage] Block #24377 serialized (257 bytes)
produced block height=24377 tx_total=0 successes=0
INFO  [Storage] Committing block #24378 with 0 transaction(s) (hash: 0xab61e98027d157)
INFO  [Storage] Block #24378 serialized (257 bytes)
produced block height=24378 tx_total=0 successes=0
INFO  [Storage] Committing block #24379 with 0 transaction(s) (hash: 0x6ac39dd5ab6c9b)
INFO  [Storage] Block #24379 serialized (257 bytes)
produced block height=24379 tx_total=0 successes=0
INFO  [Storage] Committing block #24380 with 0 transaction(s) (hash: 0x4e279e06df8c70)
INFO  [Storage] Block #24380 serialized (257 bytes)
produced block height=24380 tx_total=0 successes=0
INFO  [Storage] Committing block #24381 with 0 transaction(s) (hash: 0xb69f791ccc551c)
INFO  [Storage] Block #24381 serialized (257 bytes)
produced block height=24381 tx_total=0 successes=0
INFO  [Storage] Committing block #24382 with 0 transaction(s) (hash: 0xe3bdc48987f2dd)
INFO  [Storage] Block #24382 serialized (257 bytes)
produced block height=24382 tx_total=0 successes=0
INFO  [Storage] Committing block #24383 with 0 transaction(s) (hash: 0x922604c27069a4)
INFO  [Storage] Block #24383 serialized (257 bytes)
produced block height=24383 tx_total=0 successes=0
INFO  [Storage] Committing block #24384 with 0 transaction(s) (hash: 0x3c0cbdf017ca85)
INFO  [Storage] Block #24384 serialized (257 bytes)
produced block height=24384 tx_total=0 successes=0
INFO  [Storage] Committing block #24385 with 0 transaction(s) (hash: 0x149bce68feb10f)
INFO  [Storage] Block #24385 serialized (257 bytes)
produced block height=24385 tx_total=0 successes=0
INFO  [Storage] Committing block #24386 with 0 transaction(s) (hash: 0x0afb229804ad4d)
INFO  [Storage] Block #24386 serialized (257 bytes)
produced block height=24386 tx_total=0 successes=0
INFO  [Storage] Committing block #24387 with 0 transaction(s) (hash: 0x81701d4048bb6c)
INFO  [Storage] Block #24387 serialized (257 bytes)
produced block height=24387 tx_total=0 successes=0
INFO  [Storage] Committing block #24388 with 0 transaction(s) (hash: 0x5f07a24e11724f)
INFO  [Storage] Block #24388 serialized (257 bytes)
produced block height=24388 tx_total=0 successes=0
INFO  [Storage] Committing block #24389 with 0 transaction(s) (hash: 0xbe417741fe3161)
INFO  [Storage] Block #24389 serialized (257 bytes)
produced block height=24389 tx_total=0 successes=0
INFO  [Storage] Committing block #24390 with 0 transaction(s) (hash: 0xc28e3f3ed35a8e)
INFO  [Storage] Block #24390 serialized (257 bytes)
produced block height=24390 tx_total=0 successes=0
INFO  [Storage] Committing block #24391 with 0 transaction(s) (hash: 0xa62ea3b3e630b4)
INFO  [Storage] Block #24391 serialized (257 bytes)
produced block height=24391 tx_total=0 successes=0
INFO  [Storage] Committing block #24392 with 0 transaction(s) (hash: 0xfc45a7a54d2af2)
INFO  [Storage] Block #24392 serialized (257 bytes)
produced block height=24392 tx_total=0 successes=0
INFO  [Storage] Committing block #24393 with 0 transaction(s) (hash: 0xa544e6f1f2b787)
INFO  [Storage] Block #24393 serialized (257 bytes)
produced block height=24393 tx_total=0 successes=0
INFO  [Storage] Committing block #24394 with 0 transaction(s) (hash: 0xca1a6601fe4092)
INFO  [Storage] Block #24394 serialized (257 bytes)
produced block height=24394 tx_total=0 successes=0
INFO  [Storage] Committing block #24395 with 0 transaction(s) (hash: 0xd48adf2a5f220f)
INFO  [Storage] Block #24395 serialized (257 bytes)
produced block height=24395 tx_total=0 successes=0
INFO  [Storage] Committing block #24396 with 0 transaction(s) (hash: 0x0e3f5ee8825825)
INFO  [Storage] Block #24396 serialized (257 bytes)
produced block height=24396 tx_total=0 successes=0
INFO  [Storage] Committing block #24397 with 0 transaction(s) (hash: 0xee0f825340da4e)
INFO  [Storage] Block #24397 serialized (257 bytes)
produced block height=24397 tx_total=0 successes=0
INFO  [Storage] Committing block #24398 with 0 transaction(s) (hash: 0xc86555f2adeebc)
INFO  [Storage] Block #24398 serialized (257 bytes)
produced block height=24398 tx_total=0 successes=0
INFO  [Storage] Committing block #24399 with 0 transaction(s) (hash: 0x6b82b37f5b642f)
INFO  [Storage] Block #24399 serialized (257 bytes)
produced block height=24399 tx_total=0 successes=0
INFO  [Storage] Committing block #24400 with 0 transaction(s) (hash: 0xd27a5ce4d54448)
INFO  [Storage] Block #24400 serialized (257 bytes)
produced block height=24400 tx_total=0 successes=0
INFO  [Storage] Committing block #24401 with 0 transaction(s) (hash: 0xce7256f72a5fdf)
INFO  [Storage] Block #24401 serialized (257 bytes)
produced block height=24401 tx_total=0 successes=0
INFO  [Storage] Committing block #24402 with 0 transaction(s) (hash: 0xcb358fadf37653)
INFO  [Storage] Block #24402 serialized (257 bytes)
produced block height=24402 tx_total=0 successes=0
INFO  [Storage] Committing block #24403 with 0 transaction(s) (hash: 0x76db12ea97dc93)
INFO  [Storage] Block #24403 serialized (257 bytes)
produced block height=24403 tx_total=0 successes=0
INFO  [Storage] Committing block #24404 with 0 transaction(s) (hash: 0xf8ed99b3d7983d)
INFO  [Storage] Block #24404 serialized (257 bytes)
produced block height=24404 tx_total=0 successes=0
INFO  [Storage] Committing block #24405 with 0 transaction(s) (hash: 0x52323fa2c4ff26)
INFO  [Storage] Block #24405 serialized (257 bytes)
produced block height=24405 tx_total=0 successes=0
INFO  [Storage] Committing block #24406 with 0 transaction(s) (hash: 0x5d4ff7b2eb8918)
INFO  [Storage] Block #24406 serialized (257 bytes)
produced block height=24406 tx_total=0 successes=0
INFO  [Storage] Committing block #24407 with 0 transaction(s) (hash: 0x2424e6eb6b0acc)
INFO  [Storage] Block #24407 serialized (257 bytes)
produced block height=24407 tx_total=0 successes=0
INFO  [Storage] Committing block #24408 with 0 transaction(s) (hash: 0xb1dbd9276dee5d)
INFO  [Storage] Block #24408 serialized (257 bytes)
produced block height=24408 tx_total=0 successes=0
INFO  [Storage] Committing block #24409 with 0 transaction(s) (hash: 0xb628499d22f724)
INFO  [Storage] Block #24409 serialized (257 bytes)
produced block height=24409 tx_total=0 successes=0
INFO  [Storage] Committing block #24410 with 0 transaction(s) (hash: 0x1b1bb07f23050a)
INFO  [Storage] Block #24410 serialized (257 bytes)
produced block height=24410 tx_total=0 successes=0
INFO  [Storage] Committing block #24411 with 0 transaction(s) (hash: 0x958c28e85f175d)
INFO  [Storage] Block #24411 serialized (257 bytes)
produced block height=24411 tx_total=0 successes=0
INFO  [Storage] Committing block #24412 with 0 transaction(s) (hash: 0x9dac8983ebce2d)
INFO  [Storage] Block #24412 serialized (257 bytes)
produced block height=24412 tx_total=0 successes=0
INFO  [Storage] Committing block #24413 with 0 transaction(s) (hash: 0xd4fe63822cdc77)
INFO  [Storage] Block #24413 serialized (257 bytes)
produced block height=24413 tx_total=0 successes=0
INFO  [Storage] Committing block #24414 with 0 transaction(s) (hash: 0xedae5c1092118b)
INFO  [Storage] Block #24414 serialized (257 bytes)
produced block height=24414 tx_total=0 successes=0
INFO  [Storage] Committing block #24415 with 0 transaction(s) (hash: 0x97e847c3b9a530)
INFO  [Storage] Block #24415 serialized (257 bytes)
produced block height=24415 tx_total=0 successes=0
INFO  [Storage] Committing block #24416 with 0 transaction(s) (hash: 0x77efb2855e2213)
INFO  [Storage] Block #24416 serialized (257 bytes)
produced block height=24416 tx_total=0 successes=0
INFO  [Storage] Committing block #24417 with 0 transaction(s) (hash: 0xeafe9fbb287765)
INFO  [Storage] Block #24417 serialized (257 bytes)
produced block height=24417 tx_total=0 successes=0
INFO  [Storage] Committing block #24418 with 0 transaction(s) (hash: 0xd4200a5ceba310)
INFO  [Storage] Block #24418 serialized (257 bytes)
produced block height=24418 tx_total=0 successes=0
INFO  [Storage] Committing block #24419 with 0 transaction(s) (hash: 0x07b6f8e6b7d8dc)
INFO  [Storage] Block #24419 serialized (257 bytes)
produced block height=24419 tx_total=0 successes=0
INFO  [Storage] Committing block #24420 with 0 transaction(s) (hash: 0xfb0093bdfcd190)
INFO  [Storage] Block #24420 serialized (257 bytes)
produced block height=24420 tx_total=0 successes=0
INFO  [Storage] Committing block #24421 with 0 transaction(s) (hash: 0xcdf161f40e435e)
INFO  [Storage] Block #24421 serialized (257 bytes)
produced block height=24421 tx_total=0 successes=0
INFO  [Storage] Committing block #24422 with 0 transaction(s) (hash: 0xeaabb56ae5d702)
INFO  [Storage] Block #24422 serialized (257 bytes)
produced block height=24422 tx_total=0 successes=0
INFO  [Storage] Committing block #24423 with 0 transaction(s) (hash: 0x7b298cba436c3d)
INFO  [Storage] Block #24423 serialized (257 bytes)
produced block height=24423 tx_total=0 successes=0
INFO  [Storage] Committing block #24424 with 0 transaction(s) (hash: 0x4faaba823fcf02)
INFO  [Storage] Block #24424 serialized (257 bytes)
produced block height=24424 tx_total=0 successes=0
INFO  [Storage] Committing block #24425 with 0 transaction(s) (hash: 0xd75f196c836870)
INFO  [Storage] Block #24425 serialized (257 bytes)
produced block height=24425 tx_total=0 successes=0
INFO  [Storage] Committing block #24426 with 0 transaction(s) (hash: 0x381acf53cdf08b)
INFO  [Storage] Block #24426 serialized (257 bytes)
produced block height=24426 tx_total=0 successes=0
INFO  [Storage] Committing block #24427 with 0 transaction(s) (hash: 0x091fb890eb148f)
INFO  [Storage] Block #24427 serialized (257 bytes)
produced block height=24427 tx_total=0 successes=0
INFO  [Storage] Committing block #24428 with 0 transaction(s) (hash: 0xa4057897bc3ed6)
INFO  [Storage] Block #24428 serialized (257 bytes)
produced block height=24428 tx_total=0 successes=0
INFO  [Storage] Committing block #24429 with 0 transaction(s) (hash: 0x869eaa491fa050)
INFO  [Storage] Block #24429 serialized (257 bytes)
produced block height=24429 tx_total=0 successes=0
INFO  [Storage] Committing block #24430 with 0 transaction(s) (hash: 0xa72cb1c3d66a81)
INFO  [Storage] Block #24430 serialized (257 bytes)
produced block height=24430 tx_total=0 successes=0
INFO  [Storage] Committing block #24431 with 0 transaction(s) (hash: 0x1b2bc988edc0d7)
INFO  [Storage] Block #24431 serialized (257 bytes)
produced block height=24431 tx_total=0 successes=0
INFO  [Storage] Committing block #24432 with 0 transaction(s) (hash: 0xddc8304a3afed9)
INFO  [Storage] Block #24432 serialized (257 bytes)
produced block height=24432 tx_total=0 successes=0
INFO  [Storage] Committing block #24433 with 0 transaction(s) (hash: 0x0325c89a49c4b1)
INFO  [Storage] Block #24433 serialized (257 bytes)
produced block height=24433 tx_total=0 successes=0
INFO  [Storage] Committing block #24434 with 0 transaction(s) (hash: 0x941eab382cefd0)
INFO  [Storage] Block #24434 serialized (257 bytes)
produced block height=24434 tx_total=0 successes=0
INFO  [Storage] Committing block #24435 with 0 transaction(s) (hash: 0x6c5aa6faf4c9fb)
INFO  [Storage] Block #24435 serialized (257 bytes)
produced block height=24435 tx_total=0 successes=0
INFO  [Storage] Committing block #24436 with 0 transaction(s) (hash: 0x423c4964c76e89)
INFO  [Storage] Block #24436 serialized (257 bytes)
produced block height=24436 tx_total=0 successes=0
INFO  [Storage] Committing block #24437 with 0 transaction(s) (hash: 0xdcb6267aaeade1)
INFO  [Storage] Block #24437 serialized (257 bytes)
produced block height=24437 tx_total=0 successes=0
INFO  [Storage] Committing block #24438 with 0 transaction(s) (hash: 0x6dd0cffa68dfeb)
INFO  [Storage] Block #24438 serialized (257 bytes)
produced block height=24438 tx_total=0 successes=0
INFO  [Storage] Committing block #24439 with 0 transaction(s) (hash: 0xba863a21654c17)
INFO  [Storage] Block #24439 serialized (257 bytes)
produced block height=24439 tx_total=0 successes=0
INFO  [Storage] Committing block #24440 with 0 transaction(s) (hash: 0x5f95d39d8a76f7)
INFO  [Storage] Block #24440 serialized (257 bytes)
produced block height=24440 tx_total=0 successes=0
INFO  [Storage] Committing block #24441 with 0 transaction(s) (hash: 0x06307b4d68d6ab)
INFO  [Storage] Block #24441 serialized (257 bytes)
produced block height=24441 tx_total=0 successes=0
INFO  [Storage] Committing block #24442 with 0 transaction(s) (hash: 0xea74b578d57f39)
INFO  [Storage] Block #24442 serialized (257 bytes)
produced block height=24442 tx_total=0 successes=0
INFO  [Storage] Committing block #24443 with 0 transaction(s) (hash: 0x73a14445abe92a)
INFO  [Storage] Block #24443 serialized (257 bytes)
produced block height=24443 tx_total=0 successes=0
INFO  [Storage] Committing block #24444 with 0 transaction(s) (hash: 0x69fc4ce4c6dd62)
INFO  [Storage] Block #24444 serialized (257 bytes)
produced block height=24444 tx_total=0 successes=0
INFO  [Storage] Committing block #24445 with 0 transaction(s) (hash: 0x0ba95e6ac429dc)
INFO  [Storage] Block #24445 serialized (257 bytes)
produced block height=24445 tx_total=0 successes=0
INFO  [Storage] Committing block #24446 with 0 transaction(s) (hash: 0x4fe84928703e00)
INFO  [Storage] Block #24446 serialized (257 bytes)
produced block height=24446 tx_total=0 successes=0
INFO  [Storage] Committing block #24447 with 0 transaction(s) (hash: 0x5fe711f5f7f136)
INFO  [Storage] Block #24447 serialized (257 bytes)
produced block height=24447 tx_total=0 successes=0
INFO  [Storage] Committing block #24448 with 0 transaction(s) (hash: 0xe65ea6461102f5)
INFO  [Storage] Block #24448 serialized (257 bytes)
produced block height=24448 tx_total=0 successes=0
INFO  [Storage] Committing block #24449 with 0 transaction(s) (hash: 0xfe798a25fd83d7)
INFO  [Storage] Block #24449 serialized (257 bytes)
produced block height=24449 tx_total=0 successes=0
INFO  [Storage] Committing block #24450 with 0 transaction(s) (hash: 0xab7895bf71448a)
INFO  [Storage] Block #24450 serialized (257 bytes)
produced block height=24450 tx_total=0 successes=0
INFO  [Storage] Committing block #24451 with 0 transaction(s) (hash: 0x60a1c82d02100f)
INFO  [Storage] Block #24451 serialized (257 bytes)
produced block height=24451 tx_total=0 successes=0
INFO  [Storage] Committing block #24452 with 0 transaction(s) (hash: 0xe5ef8d7e33b4ed)
INFO  [Storage] Block #24452 serialized (257 bytes)
produced block height=24452 tx_total=0 successes=0
INFO  [Storage] Committing block #24453 with 0 transaction(s) (hash: 0xe10c8618ecde0b)
INFO  [Storage] Block #24453 serialized (257 bytes)
produced block height=24453 tx_total=0 successes=0
INFO  [Storage] Committing block #24454 with 0 transaction(s) (hash: 0x1851e6d8d8c528)
INFO  [Storage] Block #24454 serialized (257 bytes)
produced block height=24454 tx_total=0 successes=0
INFO  [Storage] Committing block #24455 with 0 transaction(s) (hash: 0x4e00b3ecf4e3dc)
INFO  [Storage] Block #24455 serialized (257 bytes)
produced block height=24455 tx_total=0 successes=0
INFO  [Storage] Committing block #24456 with 0 transaction(s) (hash: 0x0c498fdafec6a1)
INFO  [Storage] Block #24456 serialized (257 bytes)
produced block height=24456 tx_total=0 successes=0
INFO  [Storage] Committing block #24457 with 0 transaction(s) (hash: 0x45406aae97cc2e)
INFO  [Storage] Block #24457 serialized (257 bytes)
produced block height=24457 tx_total=0 successes=0
INFO  [Storage] Committing block #24458 with 0 transaction(s) (hash: 0x6fe03029e55c70)
INFO  [Storage] Block #24458 serialized (257 bytes)
produced block height=24458 tx_total=0 successes=0
INFO  [Storage] Committing block #24459 with 0 transaction(s) (hash: 0x13a1ca24643e50)
INFO  [Storage] Block #24459 serialized (257 bytes)
produced block height=24459 tx_total=0 successes=0
INFO  [Storage] Committing block #24460 with 0 transaction(s) (hash: 0xb57aa9a9f43372)
INFO  [Storage] Block #24460 serialized (257 bytes)
produced block height=24460 tx_total=0 successes=0
INFO  [Storage] Committing block #24461 with 0 transaction(s) (hash: 0xfa89360d17a2ed)
INFO  [Storage] Block #24461 serialized (257 bytes)
produced block height=24461 tx_total=0 successes=0
INFO  [Storage] Committing block #24462 with 0 transaction(s) (hash: 0x9600e8ca366471)
INFO  [Storage] Block #24462 serialized (257 bytes)
produced block height=24462 tx_total=0 successes=0
INFO  [Storage] Committing block #24463 with 0 transaction(s) (hash: 0x861f5e08c7d39b)
INFO  [Storage] Block #24463 serialized (257 bytes)
produced block height=24463 tx_total=0 successes=0
INFO  [Storage] Committing block #24464 with 0 transaction(s) (hash: 0xf21ccd0a2281a7)
INFO  [Storage] Block #24464 serialized (257 bytes)
produced block height=24464 tx_total=0 successes=0
INFO  [Storage] Committing block #24465 with 0 transaction(s) (hash: 0x1750521807f7f1)
INFO  [Storage] Block #24465 serialized (257 bytes)
produced block height=24465 tx_total=0 successes=0
INFO  [Storage] Committing block #24466 with 0 transaction(s) (hash: 0x1e74eb4d32c809)
INFO  [Storage] Block #24466 serialized (257 bytes)
produced block height=24466 tx_total=0 successes=0
INFO  [Storage] Committing block #24467 with 0 transaction(s) (hash: 0x2bbf4d853ea945)
INFO  [Storage] Block #24467 serialized (257 bytes)
produced block height=24467 tx_total=0 successes=0
INFO  [Storage] Committing block #24468 with 0 transaction(s) (hash: 0x49cb9c4b48efa9)
INFO  [Storage] Block #24468 serialized (257 bytes)
produced block height=24468 tx_total=0 successes=0
INFO  [Storage] Committing block #24469 with 0 transaction(s) (hash: 0x386adbfb4fb4d5)
INFO  [Storage] Block #24469 serialized (257 bytes)
produced block height=24469 tx_total=0 successes=0
INFO  [Storage] Committing block #24470 with 0 transaction(s) (hash: 0x0ee932446cbb27)
INFO  [Storage] Block #24470 serialized (257 bytes)
produced block height=24470 tx_total=0 successes=0
INFO  [Storage] Committing block #24471 with 0 transaction(s) (hash: 0x3da6c60a5ebff5)
INFO  [Storage] Block #24471 serialized (257 bytes)
produced block height=24471 tx_total=0 successes=0
INFO  [Storage] Committing block #24472 with 0 transaction(s) (hash: 0x87c435f53864dc)
INFO  [Storage] Block #24472 serialized (257 bytes)
produced block height=24472 tx_total=0 successes=0
INFO  [Storage] Committing block #24473 with 0 transaction(s) (hash: 0xfda504304d49f6)
INFO  [Storage] Block #24473 serialized (257 bytes)
produced block height=24473 tx_total=0 successes=0
INFO  [Storage] Committing block #24474 with 0 transaction(s) (hash: 0x49a171fe36acf8)
INFO  [Storage] Block #24474 serialized (257 bytes)
produced block height=24474 tx_total=0 successes=0
INFO  [Storage] Committing block #24475 with 0 transaction(s) (hash: 0x7bbef9314c9a5f)
INFO  [Storage] Block #24475 serialized (257 bytes)
produced block height=24475 tx_total=0 successes=0
INFO  [Storage] Committing block #24476 with 0 transaction(s) (hash: 0x3a7dee8135d0e0)
INFO  [Storage] Block #24476 serialized (257 bytes)
produced block height=24476 tx_total=0 successes=0
INFO  [Storage] Committing block #24477 with 0 transaction(s) (hash: 0xecada65bf514cb)
INFO  [Storage] Block #24477 serialized (257 bytes)
produced block height=24477 tx_total=0 successes=0
INFO  [Storage] Committing block #24478 with 0 transaction(s) (hash: 0x0f2c568de2f3c3)
INFO  [Storage] Block #24478 serialized (257 bytes)
produced block height=24478 tx_total=0 successes=0
INFO  [Storage] Committing block #24479 with 0 transaction(s) (hash: 0x4b325e9ab86e7e)
INFO  [Storage] Block #24479 serialized (257 bytes)
produced block height=24479 tx_total=0 successes=0
INFO  [Storage] Committing block #24480 with 0 transaction(s) (hash: 0x340407f4083968)
INFO  [Storage] Block #24480 serialized (257 bytes)
produced block height=24480 tx_total=0 successes=0
INFO  [Storage] Committing block #24481 with 0 transaction(s) (hash: 0xa433eb621d0fa8)
INFO  [Storage] Block #24481 serialized (257 bytes)
produced block height=24481 tx_total=0 successes=0
INFO  [Storage] Committing block #24482 with 0 transaction(s) (hash: 0x5737fd63060cf2)
INFO  [Storage] Block #24482 serialized (257 bytes)
produced block height=24482 tx_total=0 successes=0
INFO  [Storage] Committing block #24483 with 0 transaction(s) (hash: 0x14766424a9713d)
INFO  [Storage] Block #24483 serialized (257 bytes)
produced block height=24483 tx_total=0 successes=0
INFO  [Storage] Committing block #24484 with 0 transaction(s) (hash: 0xdaac61533c7330)
INFO  [Storage] Block #24484 serialized (257 bytes)
produced block height=24484 tx_total=0 successes=0
INFO  [Storage] Committing block #24485 with 0 transaction(s) (hash: 0xa14f9ccf2dc4c5)
INFO  [Storage] Block #24485 serialized (257 bytes)
produced block height=24485 tx_total=0 successes=0
INFO  [Storage] Committing block #24486 with 0 transaction(s) (hash: 0x98a39fe5ce2627)
INFO  [Storage] Block #24486 serialized (257 bytes)
produced block height=24486 tx_total=0 successes=0
INFO  [Storage] Committing block #24487 with 0 transaction(s) (hash: 0xb048d6579318b1)
INFO  [Storage] Block #24487 serialized (257 bytes)
produced block height=24487 tx_total=0 successes=0
INFO  [Storage] Committing block #24488 with 0 transaction(s) (hash: 0x01eaaba062507e)
INFO  [Storage] Block #24488 serialized (257 bytes)
produced block height=24488 tx_total=0 successes=0
INFO  [Storage] Committing block #24489 with 0 transaction(s) (hash: 0x975d333ff377f0)
INFO  [Storage] Block #24489 serialized (257 bytes)
produced block height=24489 tx_total=0 successes=0
INFO  [Storage] Committing block #24490 with 0 transaction(s) (hash: 0x3de07e854f0669)
INFO  [Storage] Block #24490 serialized (257 bytes)
produced block height=24490 tx_total=0 successes=0
INFO  [Storage] Committing block #24491 with 0 transaction(s) (hash: 0x4f76f57cfe4008)
INFO  [Storage] Block #24491 serialized (257 bytes)
produced block height=24491 tx_total=0 successes=0
INFO  [Storage] Committing block #24492 with 0 transaction(s) (hash: 0x8757d670319132)
INFO  [Storage] Block #24492 serialized (257 bytes)
produced block height=24492 tx_total=0 successes=0
INFO  [Storage] Committing block #24493 with 0 transaction(s) (hash: 0xc5f8de861d365a)
INFO  [Storage] Block #24493 serialized (257 bytes)
produced block height=24493 tx_total=0 successes=0
INFO  [Storage] Committing block #24494 with 0 transaction(s) (hash: 0x5752ef513228c0)
INFO  [Storage] Block #24494 serialized (257 bytes)
produced block height=24494 tx_total=0 successes=0
INFO  [Storage] Committing block #24495 with 0 transaction(s) (hash: 0x8d760127d690b8)
INFO  [Storage] Block #24495 serialized (257 bytes)
produced block height=24495 tx_total=0 successes=0
INFO  [Storage] Committing block #24496 with 0 transaction(s) (hash: 0x8997c47020f514)
INFO  [Storage] Block #24496 serialized (257 bytes)
produced block height=24496 tx_total=0 successes=0
INFO  [Storage] Committing block #24497 with 0 transaction(s) (hash: 0xb723c7a7e9a04d)
INFO  [Storage] Block #24497 serialized (257 bytes)
produced block height=24497 tx_total=0 successes=0
INFO  [Storage] Committing block #24498 with 0 transaction(s) (hash: 0x296f7784b773f9)
INFO  [Storage] Block #24498 serialized (257 bytes)
produced block height=24498 tx_total=0 successes=0
INFO  [Storage] Committing block #24499 with 0 transaction(s) (hash: 0x6a190dd73706a5)
INFO  [Storage] Block #24499 serialized (257 bytes)
produced block height=24499 tx_total=0 successes=0
INFO  [Storage] Committing block #24500 with 0 transaction(s) (hash: 0x281208138ed4ab)
INFO  [Storage] Block #24500 serialized (257 bytes)
produced block height=24500 tx_total=0 successes=0
INFO  [Storage] Committing block #24501 with 0 transaction(s) (hash: 0x9a475b5918deef)
INFO  [Storage] Block #24501 serialized (257 bytes)
produced block height=24501 tx_total=0 successes=0
INFO  [Storage] Committing block #24502 with 0 transaction(s) (hash: 0xc442dd5219eb3f)
INFO  [Storage] Block #24502 serialized (257 bytes)
produced block height=24502 tx_total=0 successes=0
INFO  [Storage] Committing block #24503 with 0 transaction(s) (hash: 0x88faab0070c3c2)
INFO  [Storage] Block #24503 serialized (257 bytes)
produced block height=24503 tx_total=0 successes=0
INFO  [Storage] Committing block #24504 with 0 transaction(s) (hash: 0xc65a6a06f16efb)
INFO  [Storage] Block #24504 serialized (257 bytes)
produced block height=24504 tx_total=0 successes=0
INFO  [Storage] Committing block #24505 with 0 transaction(s) (hash: 0x49c8901181d0d6)
INFO  [Storage] Block #24505 serialized (257 bytes)
produced block height=24505 tx_total=0 successes=0
INFO  [Storage] Committing block #24506 with 0 transaction(s) (hash: 0x9a2d1788caddbc)
INFO  [Storage] Block #24506 serialized (257 bytes)
produced block height=24506 tx_total=0 successes=0
INFO  [Storage] Committing block #24507 with 0 transaction(s) (hash: 0xec3dbb401a4366)
INFO  [Storage] Block #24507 serialized (257 bytes)
produced block height=24507 tx_total=0 successes=0
INFO  [Storage] Committing block #24508 with 0 transaction(s) (hash: 0xc3c646f6fe4d1a)
INFO  [Storage] Block #24508 serialized (257 bytes)
produced block height=24508 tx_total=0 successes=0
INFO  [Storage] Committing block #24509 with 0 transaction(s) (hash: 0x7b58b6bd6caf28)
INFO  [Storage] Block #24509 serialized (257 bytes)
produced block height=24509 tx_total=0 successes=0
INFO  [Storage] Committing block #24510 with 0 transaction(s) (hash: 0x5c53db7b4e0686)
INFO  [Storage] Block #24510 serialized (257 bytes)
produced block height=24510 tx_total=0 successes=0
INFO  [Storage] Committing block #24511 with 0 transaction(s) (hash: 0x7368d8252ab283)
INFO  [Storage] Block #24511 serialized (257 bytes)
produced block height=24511 tx_total=0 successes=0
INFO  [Storage] Committing block #24512 with 0 transaction(s) (hash: 0x914e6626a6083b)
INFO  [Storage] Block #24512 serialized (257 bytes)
produced block height=24512 tx_total=0 successes=0
INFO  [Storage] Committing block #24513 with 0 transaction(s) (hash: 0xcbbc8cd216014e)
INFO  [Storage] Block #24513 serialized (257 bytes)
produced block height=24513 tx_total=0 successes=0
INFO  [Storage] Committing block #24514 with 0 transaction(s) (hash: 0x492edc6eea8fd2)
INFO  [Storage] Block #24514 serialized (257 bytes)
produced block height=24514 tx_total=0 successes=0
INFO  [Storage] Committing block #24515 with 0 transaction(s) (hash: 0x12cd302bfdc140)
INFO  [Storage] Block #24515 serialized (257 bytes)
produced block height=24515 tx_total=0 successes=0
INFO  [Storage] Committing block #24516 with 0 transaction(s) (hash: 0x016f8592b98b1e)
INFO  [Storage] Block #24516 serialized (257 bytes)
produced block height=24516 tx_total=0 successes=0
INFO  [Storage] Committing block #24517 with 0 transaction(s) (hash: 0xbc30d7693a8135)
INFO  [Storage] Block #24517 serialized (257 bytes)
produced block height=24517 tx_total=0 successes=0
INFO  [Storage] Committing block #24518 with 0 transaction(s) (hash: 0x5612cb4ea00d7b)
INFO  [Storage] Block #24518 serialized (257 bytes)
produced block height=24518 tx_total=0 successes=0
INFO  [Storage] Committing block #24519 with 0 transaction(s) (hash: 0x463a6daac1e64e)
INFO  [Storage] Block #24519 serialized (257 bytes)
produced block height=24519 tx_total=0 successes=0
INFO  [Storage] Committing block #24520 with 0 transaction(s) (hash: 0x2518ebeda7d51b)
INFO  [Storage] Block #24520 serialized (257 bytes)
produced block height=24520 tx_total=0 successes=0
INFO  [Storage] Committing block #24521 with 0 transaction(s) (hash: 0x1927cc740d5373)
INFO  [Storage] Block #24521 serialized (257 bytes)
produced block height=24521 tx_total=0 successes=0
INFO  [Storage] Committing block #24522 with 0 transaction(s) (hash: 0x6cc4170e318911)
INFO  [Storage] Block #24522 serialized (257 bytes)
produced block height=24522 tx_total=0 successes=0
INFO  [Storage] Committing block #24523 with 0 transaction(s) (hash: 0x5edf3d9826a077)
INFO  [Storage] Block #24523 serialized (257 bytes)
produced block height=24523 tx_total=0 successes=0
INFO  [Storage] Committing block #24524 with 0 transaction(s) (hash: 0x8574decd2138a3)
INFO  [Storage] Block #24524 serialized (257 bytes)
produced block height=24524 tx_total=0 successes=0
INFO  [Storage] Committing block #24525 with 0 transaction(s) (hash: 0xbfde5b091f77ab)
INFO  [Storage] Block #24525 serialized (257 bytes)
produced block height=24525 tx_total=0 successes=0
INFO  [Storage] Committing block #24526 with 0 transaction(s) (hash: 0x506a5eab7032f6)
INFO  [Storage] Block #24526 serialized (257 bytes)
produced block height=24526 tx_total=0 successes=0
INFO  [Storage] Committing block #24527 with 0 transaction(s) (hash: 0x6c304e0a72764e)
INFO  [Storage] Block #24527 serialized (257 bytes)
produced block height=24527 tx_total=0 successes=0
INFO  [Storage] Committing block #24528 with 0 transaction(s) (hash: 0x53d186a340e91f)
INFO  [Storage] Block #24528 serialized (257 bytes)
produced block height=24528 tx_total=0 successes=0
INFO  [Storage] Committing block #24529 with 0 transaction(s) (hash: 0x5baff6e7de67f8)
INFO  [Storage] Block #24529 serialized (257 bytes)
produced block height=24529 tx_total=0 successes=0
INFO  [Storage] Committing block #24530 with 0 transaction(s) (hash: 0xdf29168ce32adb)
INFO  [Storage] Block #24530 serialized (257 bytes)
produced block height=24530 tx_total=0 successes=0
INFO  [Storage] Committing block #24531 with 0 transaction(s) (hash: 0x4f56d371e27f43)
INFO  [Storage] Block #24531 serialized (257 bytes)
produced block height=24531 tx_total=0 successes=0
INFO  [Storage] Committing block #24532 with 0 transaction(s) (hash: 0x59b359f607caa6)
INFO  [Storage] Block #24532 serialized (257 bytes)
produced block height=24532 tx_total=0 successes=0
INFO  [Storage] Committing block #24533 with 0 transaction(s) (hash: 0x74a4f5db7f27be)
INFO  [Storage] Block #24533 serialized (257 bytes)
produced block height=24533 tx_total=0 successes=0
INFO  [Storage] Committing block #24534 with 0 transaction(s) (hash: 0x1add1ddc89e2eb)
INFO  [Storage] Block #24534 serialized (257 bytes)
produced block height=24534 tx_total=0 successes=0
INFO  [Storage] Committing block #24535 with 0 transaction(s) (hash: 0xaf28fa94174b7a)
INFO  [Storage] Block #24535 serialized (257 bytes)
produced block height=24535 tx_total=0 successes=0
INFO  [Storage] Committing block #24536 with 0 transaction(s) (hash: 0xaf4885fb092300)
INFO  [Storage] Block #24536 serialized (257 bytes)
produced block height=24536 tx_total=0 successes=0
INFO  [Storage] Committing block #24537 with 0 transaction(s) (hash: 0x3360f9d3e86c89)
INFO  [Storage] Block #24537 serialized (257 bytes)
produced block height=24537 tx_total=0 successes=0
INFO  [Storage] Committing block #24538 with 0 transaction(s) (hash: 0x06cb2c8b25c858)
INFO  [Storage] Block #24538 serialized (257 bytes)
produced block height=24538 tx_total=0 successes=0
INFO  [Storage] Committing block #24539 with 0 transaction(s) (hash: 0xf8a65a640a4f76)
INFO  [Storage] Block #24539 serialized (257 bytes)
produced block height=24539 tx_total=0 successes=0
INFO  [Storage] Committing block #24540 with 0 transaction(s) (hash: 0x43292141b00eae)
INFO  [Storage] Block #24540 serialized (257 bytes)
produced block height=24540 tx_total=0 successes=0
INFO  [Storage] Committing block #24541 with 0 transaction(s) (hash: 0x12e0261110650f)
INFO  [Storage] Block #24541 serialized (257 bytes)
produced block height=24541 tx_total=0 successes=0
INFO  [Storage] Committing block #24542 with 0 transaction(s) (hash: 0x72d1726454638f)
INFO  [Storage] Block #24542 serialized (257 bytes)
produced block height=24542 tx_total=0 successes=0
INFO  [Storage] Committing block #24543 with 0 transaction(s) (hash: 0x8f1cad9b3fbb12)
INFO  [Storage] Block #24543 serialized (257 bytes)
produced block height=24543 tx_total=0 successes=0
INFO  [Storage] Committing block #24544 with 0 transaction(s) (hash: 0x4c65ca423d91b4)
INFO  [Storage] Block #24544 serialized (257 bytes)
produced block height=24544 tx_total=0 successes=0
INFO  [Storage] Committing block #24545 with 0 transaction(s) (hash: 0x764f859b81ed02)
INFO  [Storage] Block #24545 serialized (257 bytes)
produced block height=24545 tx_total=0 successes=0
INFO  [Storage] Committing block #24546 with 0 transaction(s) (hash: 0x4999acd0b86ca2)
INFO  [Storage] Block #24546 serialized (257 bytes)
produced block height=24546 tx_total=0 successes=0
INFO  [Storage] Committing block #24547 with 0 transaction(s) (hash: 0xbfeb9e9bd8c2d6)
INFO  [Storage] Block #24547 serialized (257 bytes)
produced block height=24547 tx_total=0 successes=0
INFO  [Storage] Committing block #24548 with 0 transaction(s) (hash: 0xe2f616c9f27cd9)
INFO  [Storage] Block #24548 serialized (257 bytes)
produced block height=24548 tx_total=0 successes=0
INFO  [Storage] Committing block #24549 with 0 transaction(s) (hash: 0xbc35a51910bc2c)
INFO  [Storage] Block #24549 serialized (257 bytes)
produced block height=24549 tx_total=0 successes=0
INFO  [Storage] Committing block #24550 with 0 transaction(s) (hash: 0x111c0b343e2af6)
INFO  [Storage] Block #24550 serialized (257 bytes)
produced block height=24550 tx_total=0 successes=0
INFO  [Storage] Committing block #24551 with 0 transaction(s) (hash: 0x827e2d50584a42)
INFO  [Storage] Block #24551 serialized (257 bytes)
produced block height=24551 tx_total=0 successes=0
INFO  [Storage] Committing block #24552 with 0 transaction(s) (hash: 0x3616951d08eaaf)
INFO  [Storage] Block #24552 serialized (257 bytes)
produced block height=24552 tx_total=0 successes=0
INFO  [Storage] Committing block #24553 with 0 transaction(s) (hash: 0xc9a0495dfb2df5)
INFO  [Storage] Block #24553 serialized (257 bytes)
produced block height=24553 tx_total=0 successes=0
INFO  [Storage] Committing block #24554 with 0 transaction(s) (hash: 0x235a7bf3265671)
INFO  [Storage] Block #24554 serialized (257 bytes)
produced block height=24554 tx_total=0 successes=0
INFO  [Storage] Committing block #24555 with 0 transaction(s) (hash: 0xd96774fda607d0)
INFO  [Storage] Block #24555 serialized (257 bytes)
produced block height=24555 tx_total=0 successes=0
INFO  [Storage] Committing block #24556 with 0 transaction(s) (hash: 0x9379760639f3c0)
INFO  [Storage] Block #24556 serialized (257 bytes)
produced block height=24556 tx_total=0 successes=0
INFO  [Storage] Committing block #24557 with 0 transaction(s) (hash: 0xa91aae39936412)
INFO  [Storage] Block #24557 serialized (257 bytes)
produced block height=24557 tx_total=0 successes=0
INFO  [Storage] Committing block #24558 with 0 transaction(s) (hash: 0x9131301d0cd647)
INFO  [Storage] Block #24558 serialized (257 bytes)
produced block height=24558 tx_total=0 successes=0
INFO  [Storage] Committing block #24559 with 0 transaction(s) (hash: 0xe5fde904046d47)
INFO  [Storage] Block #24559 serialized (257 bytes)
produced block height=24559 tx_total=0 successes=0
INFO  [Storage] Committing block #24560 with 0 transaction(s) (hash: 0xc8f52629cef08f)
INFO  [Storage] Block #24560 serialized (257 bytes)
produced block height=24560 tx_total=0 successes=0
INFO  [Storage] Committing block #24561 with 0 transaction(s) (hash: 0xa79bc64f31e26e)
INFO  [Storage] Block #24561 serialized (257 bytes)
produced block height=24561 tx_total=0 successes=0
INFO  [Storage] Committing block #24562 with 0 transaction(s) (hash: 0x758003241080fb)
INFO  [Storage] Block #24562 serialized (257 bytes)
produced block height=24562 tx_total=0 successes=0
INFO  [Storage] Committing block #24563 with 0 transaction(s) (hash: 0x28ca4f8d65d3be)
INFO  [Storage] Block #24563 serialized (257 bytes)
produced block height=24563 tx_total=0 successes=0
INFO  [Storage] Committing block #24564 with 0 transaction(s) (hash: 0xbd95935b1c6c5f)
INFO  [Storage] Block #24564 serialized (257 bytes)
produced block height=24564 tx_total=0 successes=0
INFO  [Storage] Committing block #24565 with 0 transaction(s) (hash: 0x72f9a93276ae27)
INFO  [Storage] Block #24565 serialized (257 bytes)
produced block height=24565 tx_total=0 successes=0
INFO  [Storage] Committing block #24566 with 0 transaction(s) (hash: 0x1e55cc06e4ab57)
INFO  [Storage] Block #24566 serialized (257 bytes)
produced block height=24566 tx_total=0 successes=0
INFO  [Storage] Committing block #24567 with 0 transaction(s) (hash: 0xd324f30eeea859)
INFO  [Storage] Block #24567 serialized (257 bytes)
produced block height=24567 tx_total=0 successes=0
INFO  [Storage] Committing block #24568 with 0 transaction(s) (hash: 0x6ba922ea866dcf)
INFO  [Storage] Block #24568 serialized (257 bytes)
produced block height=24568 tx_total=0 successes=0
INFO  [Storage] Committing block #24569 with 0 transaction(s) (hash: 0x95c95460446a5c)
INFO  [Storage] Block #24569 serialized (257 bytes)
produced block height=24569 tx_total=0 successes=0
INFO  [Storage] Committing block #24570 with 0 transaction(s) (hash: 0x2c8130ee291fd3)
INFO  [Storage] Block #24570 serialized (257 bytes)
produced block height=24570 tx_total=0 successes=0
INFO  [Storage] Committing block #24571 with 0 transaction(s) (hash: 0xd36e1922fc3163)
INFO  [Storage] Block #24571 serialized (257 bytes)
produced block height=24571 tx_total=0 successes=0
INFO  [Storage] Committing block #24572 with 0 transaction(s) (hash: 0xa215d5aa18afe3)
INFO  [Storage] Block #24572 serialized (257 bytes)
produced block height=24572 tx_total=0 successes=0
INFO  [Storage] Committing block #24573 with 0 transaction(s) (hash: 0x4405a7806d39da)
INFO  [Storage] Block #24573 serialized (257 bytes)
produced block height=24573 tx_total=0 successes=0
INFO  [Storage] Committing block #24574 with 0 transaction(s) (hash: 0xafdf71137c9b9e)
INFO  [Storage] Block #24574 serialized (257 bytes)
produced block height=24574 tx_total=0 successes=0
INFO  [Storage] Committing block #24575 with 0 transaction(s) (hash: 0x800f6e6e71f18f)
INFO  [Storage] Block #24575 serialized (257 bytes)
produced block height=24575 tx_total=0 successes=0
INFO  [Storage] Committing block #24576 with 0 transaction(s) (hash: 0x03e9bf4df98dd8)
INFO  [Storage] Block #24576 serialized (257 bytes)
produced block height=24576 tx_total=0 successes=0
INFO  [Storage] Committing block #24577 with 0 transaction(s) (hash: 0x856ebab1fc7d68)
INFO  [Storage] Block #24577 serialized (257 bytes)
produced block height=24577 tx_total=0 successes=0
INFO  [Storage] Committing block #24578 with 0 transaction(s) (hash: 0xf08403be9e8e58)
INFO  [Storage] Block #24578 serialized (257 bytes)
produced block height=24578 tx_total=0 successes=0
INFO  [Storage] Committing block #24579 with 0 transaction(s) (hash: 0x8e72bb1a093697)
INFO  [Storage] Block #24579 serialized (257 bytes)
produced block height=24579 tx_total=0 successes=0
INFO  [Storage] Committing block #24580 with 0 transaction(s) (hash: 0xb7b55f20286d44)
INFO  [Storage] Block #24580 serialized (257 bytes)
produced block height=24580 tx_total=0 successes=0
INFO  [Storage] Committing block #24581 with 0 transaction(s) (hash: 0x369d18bb4aff12)
INFO  [Storage] Block #24581 serialized (257 bytes)
produced block height=24581 tx_total=0 successes=0
INFO  [Storage] Committing block #24582 with 0 transaction(s) (hash: 0x0df6c8f3307f90)
INFO  [Storage] Block #24582 serialized (257 bytes)
produced block height=24582 tx_total=0 successes=0
INFO  [Storage] Committing block #24583 with 0 transaction(s) (hash: 0xbd965589fa5e17)
INFO  [Storage] Block #24583 serialized (257 bytes)
produced block height=24583 tx_total=0 successes=0
INFO  [Storage] Committing block #24584 with 0 transaction(s) (hash: 0xaaa495241c7ba8)
INFO  [Storage] Block #24584 serialized (257 bytes)
produced block height=24584 tx_total=0 successes=0
INFO  [Storage] Committing block #24585 with 0 transaction(s) (hash: 0xb1c9b8ccbcd9f5)
INFO  [Storage] Block #24585 serialized (257 bytes)
produced block height=24585 tx_total=0 successes=0
INFO  [Storage] Committing block #24586 with 0 transaction(s) (hash: 0xc7547e2c4c03aa)
INFO  [Storage] Block #24586 serialized (257 bytes)
produced block height=24586 tx_total=0 successes=0
INFO  [Storage] Committing block #24587 with 0 transaction(s) (hash: 0x63a02a635401e5)
INFO  [Storage] Block #24587 serialized (257 bytes)
produced block height=24587 tx_total=0 successes=0
INFO  [Storage] Committing block #24588 with 0 transaction(s) (hash: 0x6225e635f84574)
INFO  [Storage] Block #24588 serialized (257 bytes)
produced block height=24588 tx_total=0 successes=0
INFO  [Storage] Committing block #24589 with 0 transaction(s) (hash: 0xf83fdbc8bf8618)
INFO  [Storage] Block #24589 serialized (257 bytes)
produced block height=24589 tx_total=0 successes=0
INFO  [Storage] Committing block #24590 with 0 transaction(s) (hash: 0xa0fa9e8e5e319b)
INFO  [Storage] Block #24590 serialized (257 bytes)
produced block height=24590 tx_total=0 successes=0
INFO  [Storage] Committing block #24591 with 0 transaction(s) (hash: 0x37676d0ba1555a)
INFO  [Storage] Block #24591 serialized (257 bytes)
produced block height=24591 tx_total=0 successes=0
INFO  [Storage] Committing block #24592 with 0 transaction(s) (hash: 0x5f3cb0b0b6636b)
INFO  [Storage] Block #24592 serialized (257 bytes)
produced block height=24592 tx_total=0 successes=0
INFO  [Storage] Committing block #24593 with 0 transaction(s) (hash: 0x51028baeeb729d)
INFO  [Storage] Block #24593 serialized (257 bytes)
produced block height=24593 tx_total=0 successes=0
INFO  [Storage] Committing block #24594 with 0 transaction(s) (hash: 0xbb7e4252a3a2c7)
INFO  [Storage] Block #24594 serialized (257 bytes)
produced block height=24594 tx_total=0 successes=0
INFO  [Storage] Committing block #24595 with 0 transaction(s) (hash: 0xef9c8de73b3363)
INFO  [Storage] Block #24595 serialized (257 bytes)
produced block height=24595 tx_total=0 successes=0
INFO  [Storage] Committing block #24596 with 0 transaction(s) (hash: 0xa7b1208a90db83)
INFO  [Storage] Block #24596 serialized (257 bytes)
produced block height=24596 tx_total=0 successes=0
INFO  [Storage] Committing block #24597 with 0 transaction(s) (hash: 0x17b0e21a9a836c)
INFO  [Storage] Block #24597 serialized (257 bytes)
produced block height=24597 tx_total=0 successes=0
INFO  [Storage] Committing block #24598 with 0 transaction(s) (hash: 0x21f8be07e46b5a)
INFO  [Storage] Block #24598 serialized (257 bytes)
produced block height=24598 tx_total=0 successes=0
INFO  [Storage] Committing block #24599 with 0 transaction(s) (hash: 0xc4a446ff605b03)
INFO  [Storage] Block #24599 serialized (257 bytes)
produced block height=24599 tx_total=0 successes=0
INFO  [Storage] Committing block #24600 with 0 transaction(s) (hash: 0xe8d418b953a395)
INFO  [Storage] Block #24600 serialized (257 bytes)
produced block height=24600 tx_total=0 successes=0
INFO  [Storage] Committing block #24601 with 0 transaction(s) (hash: 0x91f90eed495bed)
INFO  [Storage] Block #24601 serialized (257 bytes)
produced block height=24601 tx_total=0 successes=0
INFO  [Storage] Committing block #24602 with 0 transaction(s) (hash: 0x3b852cc2e93bdf)
INFO  [Storage] Block #24602 serialized (257 bytes)
produced block height=24602 tx_total=0 successes=0
INFO  [Storage] Committing block #24603 with 0 transaction(s) (hash: 0x035c6afb51b2f4)
INFO  [Storage] Block #24603 serialized (257 bytes)
produced block height=24603 tx_total=0 successes=0
INFO  [Storage] Committing block #24604 with 0 transaction(s) (hash: 0xc3d772600026b2)
INFO  [Storage] Block #24604 serialized (257 bytes)
produced block height=24604 tx_total=0 successes=0
INFO  [Storage] Committing block #24605 with 0 transaction(s) (hash: 0xa28d36d0379bd8)
INFO  [Storage] Block #24605 serialized (257 bytes)
produced block height=24605 tx_total=0 successes=0
INFO  [Storage] Committing block #24606 with 0 transaction(s) (hash: 0x958aa8a35ccc13)
INFO  [Storage] Block #24606 serialized (257 bytes)
produced block height=24606 tx_total=0 successes=0
INFO  [Storage] Committing block #24607 with 0 transaction(s) (hash: 0x5f5bc996e55143)
INFO  [Storage] Block #24607 serialized (257 bytes)
produced block height=24607 tx_total=0 successes=0
INFO  [Storage] Committing block #24608 with 0 transaction(s) (hash: 0x83d24ad8f75d83)
INFO  [Storage] Block #24608 serialized (257 bytes)
produced block height=24608 tx_total=0 successes=0
INFO  [Storage] Committing block #24609 with 0 transaction(s) (hash: 0x88f0b6c126c590)
INFO  [Storage] Block #24609 serialized (257 bytes)
produced block height=24609 tx_total=0 successes=0
INFO  [Storage] Committing block #24610 with 0 transaction(s) (hash: 0x2283a7e7cc21b0)
INFO  [Storage] Block #24610 serialized (257 bytes)
produced block height=24610 tx_total=0 successes=0
INFO  [Storage] Committing block #24611 with 0 transaction(s) (hash: 0xaf33d95600ac18)
INFO  [Storage] Block #24611 serialized (257 bytes)
produced block height=24611 tx_total=0 successes=0
INFO  [Storage] Committing block #24612 with 0 transaction(s) (hash: 0x251b4e31e7c5d1)
INFO  [Storage] Block #24612 serialized (257 bytes)
produced block height=24612 tx_total=0 successes=0
INFO  [Storage] Committing block #24613 with 0 transaction(s) (hash: 0x5251c43a910a1f)
INFO  [Storage] Block #24613 serialized (257 bytes)
produced block height=24613 tx_total=0 successes=0
INFO  [Storage] Committing block #24614 with 0 transaction(s) (hash: 0xd4195e0cf9145f)
INFO  [Storage] Block #24614 serialized (257 bytes)
produced block height=24614 tx_total=0 successes=0
INFO  [Storage] Committing block #24615 with 0 transaction(s) (hash: 0x344dfda2488735)
INFO  [Storage] Block #24615 serialized (257 bytes)
produced block height=24615 tx_total=0 successes=0
INFO  [Storage] Committing block #24616 with 0 transaction(s) (hash: 0x4823135f40ea61)
INFO  [Storage] Block #24616 serialized (257 bytes)
produced block height=24616 tx_total=0 successes=0
INFO  [Storage] Committing block #24617 with 0 transaction(s) (hash: 0x262fc61312d53c)
INFO  [Storage] Block #24617 serialized (257 bytes)
produced block height=24617 tx_total=0 successes=0
INFO  [Storage] Committing block #24618 with 0 transaction(s) (hash: 0x58b704c3135b61)
INFO  [Storage] Block #24618 serialized (257 bytes)
produced block height=24618 tx_total=0 successes=0
INFO  [Storage] Committing block #24619 with 0 transaction(s) (hash: 0xe88dc714654961)
INFO  [Storage] Block #24619 serialized (257 bytes)
produced block height=24619 tx_total=0 successes=0
INFO  [Storage] Committing block #24620 with 0 transaction(s) (hash: 0x7ad06c1efbd18c)
INFO  [Storage] Block #24620 serialized (257 bytes)
produced block height=24620 tx_total=0 successes=0
INFO  [Storage] Committing block #24621 with 0 transaction(s) (hash: 0x450ebd3a32d572)
INFO  [Storage] Block #24621 serialized (257 bytes)
produced block height=24621 tx_total=0 successes=0
INFO  [Storage] Committing block #24622 with 0 transaction(s) (hash: 0x66e073475ab98c)
INFO  [Storage] Block #24622 serialized (257 bytes)
produced block height=24622 tx_total=0 successes=0
INFO  [Storage] Committing block #24623 with 0 transaction(s) (hash: 0xe6039b248c9da2)
INFO  [Storage] Block #24623 serialized (257 bytes)
produced block height=24623 tx_total=0 successes=0
INFO  [Storage] Committing block #24624 with 0 transaction(s) (hash: 0x60ed7ef86825aa)
INFO  [Storage] Block #24624 serialized (257 bytes)
produced block height=24624 tx_total=0 successes=0
INFO  [Storage] Committing block #24625 with 0 transaction(s) (hash: 0xa24aadac18cbe4)
INFO  [Storage] Block #24625 serialized (257 bytes)
produced block height=24625 tx_total=0 successes=0
INFO  [Storage] Committing block #24626 with 0 transaction(s) (hash: 0x5e5f7691a3356c)
INFO  [Storage] Block #24626 serialized (257 bytes)
produced block height=24626 tx_total=0 successes=0
INFO  [Storage] Committing block #24627 with 0 transaction(s) (hash: 0xac87b4cedbc404)
INFO  [Storage] Block #24627 serialized (257 bytes)
produced block height=24627 tx_total=0 successes=0
INFO  [Storage] Committing block #24628 with 0 transaction(s) (hash: 0x4c9b3f45105611)
INFO  [Storage] Block #24628 serialized (257 bytes)
produced block height=24628 tx_total=0 successes=0
INFO  [Storage] Committing block #24629 with 0 transaction(s) (hash: 0x1317fa5e3aa8ea)
INFO  [Storage] Block #24629 serialized (257 bytes)
produced block height=24629 tx_total=0 successes=0
INFO  [Storage] Committing block #24630 with 0 transaction(s) (hash: 0x226c56873b1596)
INFO  [Storage] Block #24630 serialized (257 bytes)
produced block height=24630 tx_total=0 successes=0
INFO  [Storage] Committing block #24631 with 0 transaction(s) (hash: 0x6a8324e5ddcbcc)
INFO  [Storage] Block #24631 serialized (257 bytes)
produced block height=24631 tx_total=0 successes=0
INFO  [Storage] Committing block #24632 with 0 transaction(s) (hash: 0x2da70826e66375)
INFO  [Storage] Block #24632 serialized (257 bytes)
produced block height=24632 tx_total=0 successes=0
INFO  [Storage] Committing block #24633 with 0 transaction(s) (hash: 0x89d1fdf8b902a6)
INFO  [Storage] Block #24633 serialized (257 bytes)
produced block height=24633 tx_total=0 successes=0
INFO  [Storage] Committing block #24634 with 0 transaction(s) (hash: 0x0b1217fd6f0d86)
INFO  [Storage] Block #24634 serialized (257 bytes)
produced block height=24634 tx_total=0 successes=0
INFO  [Storage] Committing block #24635 with 0 transaction(s) (hash: 0x58e8245f5f369c)
INFO  [Storage] Block #24635 serialized (257 bytes)
produced block height=24635 tx_total=0 successes=0
INFO  [Storage] Committing block #24636 with 0 transaction(s) (hash: 0x5846e888eb3524)
INFO  [Storage] Block #24636 serialized (257 bytes)
produced block height=24636 tx_total=0 successes=0
INFO  [Storage] Committing block #24637 with 0 transaction(s) (hash: 0xe0d31dae93c94d)
INFO  [Storage] Block #24637 serialized (257 bytes)
produced block height=24637 tx_total=0 successes=0
INFO  [Storage] Committing block #24638 with 0 transaction(s) (hash: 0xa9b88264c461b9)
INFO  [Storage] Block #24638 serialized (257 bytes)
produced block height=24638 tx_total=0 successes=0
INFO  [Storage] Committing block #24639 with 0 transaction(s) (hash: 0xb063a341059f05)
INFO  [Storage] Block #24639 serialized (257 bytes)
produced block height=24639 tx_total=0 successes=0
INFO  [Storage] Committing block #24640 with 0 transaction(s) (hash: 0x402618a24dbdec)
INFO  [Storage] Block #24640 serialized (257 bytes)
produced block height=24640 tx_total=0 successes=0
INFO  [Storage] Committing block #24641 with 0 transaction(s) (hash: 0x4fe832c9c215d5)
INFO  [Storage] Block #24641 serialized (257 bytes)
produced block height=24641 tx_total=0 successes=0
INFO  [Storage] Committing block #24642 with 0 transaction(s) (hash: 0xd11d45349e4191)
INFO  [Storage] Block #24642 serialized (257 bytes)
produced block height=24642 tx_total=0 successes=0
INFO  [Storage] Committing block #24643 with 0 transaction(s) (hash: 0x7e906ea67e460d)
INFO  [Storage] Block #24643 serialized (257 bytes)
produced block height=24643 tx_total=0 successes=0
INFO  [Storage] Committing block #24644 with 0 transaction(s) (hash: 0x3408a87a86ba9a)
INFO  [Storage] Block #24644 serialized (257 bytes)
produced block height=24644 tx_total=0 successes=0
INFO  [Storage] Committing block #24645 with 0 transaction(s) (hash: 0x2ca0e37849a421)
INFO  [Storage] Block #24645 serialized (257 bytes)
produced block height=24645 tx_total=0 successes=0
INFO  [Storage] Committing block #24646 with 0 transaction(s) (hash: 0xb0e91ddee1847e)
INFO  [Storage] Block #24646 serialized (257 bytes)
produced block height=24646 tx_total=0 successes=0
INFO  [Storage] Committing block #24647 with 0 transaction(s) (hash: 0x18b69f64d6e8ef)
INFO  [Storage] Block #24647 serialized (257 bytes)
produced block height=24647 tx_total=0 successes=0
INFO  [Storage] Committing block #24648 with 0 transaction(s) (hash: 0x328bad0780b0de)
INFO  [Storage] Block #24648 serialized (257 bytes)
produced block height=24648 tx_total=0 successes=0
INFO  [Storage] Committing block #24649 with 0 transaction(s) (hash: 0x1617be691f7098)
INFO  [Storage] Block #24649 serialized (257 bytes)
produced block height=24649 tx_total=0 successes=0
INFO  [Storage] Committing block #24650 with 0 transaction(s) (hash: 0xc3d56806c22503)
INFO  [Storage] Block #24650 serialized (257 bytes)
produced block height=24650 tx_total=0 successes=0
INFO  [Storage] Committing block #24651 with 0 transaction(s) (hash: 0xd209da9e54763a)
INFO  [Storage] Block #24651 serialized (257 bytes)
produced block height=24651 tx_total=0 successes=0
INFO  [Storage] Committing block #24652 with 0 transaction(s) (hash: 0x4e0939b7367ef1)
INFO  [Storage] Block #24652 serialized (257 bytes)
produced block height=24652 tx_total=0 successes=0
INFO  [Storage] Committing block #24653 with 0 transaction(s) (hash: 0x91d89fc385a3fc)
INFO  [Storage] Block #24653 serialized (257 bytes)
produced block height=24653 tx_total=0 successes=0
INFO  [Storage] Committing block #24654 with 0 transaction(s) (hash: 0x1c163d3ca45e03)
INFO  [Storage] Block #24654 serialized (257 bytes)
produced block height=24654 tx_total=0 successes=0
INFO  [Storage] Committing block #24655 with 0 transaction(s) (hash: 0x23f9cfc5108aae)
INFO  [Storage] Block #24655 serialized (257 bytes)
produced block height=24655 tx_total=0 successes=0
INFO  [Storage] Committing block #24656 with 0 transaction(s) (hash: 0xd309692660b6f7)
INFO  [Storage] Block #24656 serialized (257 bytes)
produced block height=24656 tx_total=0 successes=0
INFO  [Storage] Committing block #24657 with 0 transaction(s) (hash: 0x0ce1e85904e307)
INFO  [Storage] Block #24657 serialized (257 bytes)
produced block height=24657 tx_total=0 successes=0
INFO  [Storage] Committing block #24658 with 0 transaction(s) (hash: 0x3674beaa81a3eb)
INFO  [Storage] Block #24658 serialized (257 bytes)
produced block height=24658 tx_total=0 successes=0
INFO  [Storage] Committing block #24659 with 0 transaction(s) (hash: 0x030cca67ffd97c)
INFO  [Storage] Block #24659 serialized (257 bytes)
produced block height=24659 tx_total=0 successes=0
INFO  [Storage] Committing block #24660 with 0 transaction(s) (hash: 0xa9d35227cdbf72)
INFO  [Storage] Block #24660 serialized (257 bytes)
produced block height=24660 tx_total=0 successes=0
INFO  [Storage] Committing block #24661 with 0 transaction(s) (hash: 0x197f1847eafc32)
INFO  [Storage] Block #24661 serialized (257 bytes)
produced block height=24661 tx_total=0 successes=0
INFO  [Storage] Committing block #24662 with 0 transaction(s) (hash: 0xd5cf43f1488f3e)
INFO  [Storage] Block #24662 serialized (257 bytes)
produced block height=24662 tx_total=0 successes=0
INFO  [Storage] Committing block #24663 with 0 transaction(s) (hash: 0xdb4e21fee225be)
INFO  [Storage] Block #24663 serialized (257 bytes)
produced block height=24663 tx_total=0 successes=0
INFO  [Storage] Committing block #24664 with 0 transaction(s) (hash: 0x2f796052c128f1)
INFO  [Storage] Block #24664 serialized (257 bytes)
produced block height=24664 tx_total=0 successes=0
INFO  [Storage] Committing block #24665 with 0 transaction(s) (hash: 0xc9103b62e6ec74)
INFO  [Storage] Block #24665 serialized (257 bytes)
produced block height=24665 tx_total=0 successes=0
INFO  [Storage] Committing block #24666 with 0 transaction(s) (hash: 0xb318b054637441)
INFO  [Storage] Block #24666 serialized (257 bytes)
produced block height=24666 tx_total=0 successes=0
INFO  [Storage] Committing block #24667 with 0 transaction(s) (hash: 0x885f2c2c77b648)
INFO  [Storage] Block #24667 serialized (257 bytes)
produced block height=24667 tx_total=0 successes=0
INFO  [Storage] Committing block #24668 with 0 transaction(s) (hash: 0x37978f77f2aea5)
INFO  [Storage] Block #24668 serialized (257 bytes)
produced block height=24668 tx_total=0 successes=0
INFO  [Storage] Committing block #24669 with 0 transaction(s) (hash: 0xad20eab143548a)
INFO  [Storage] Block #24669 serialized (257 bytes)
produced block height=24669 tx_total=0 successes=0
INFO  [Storage] Committing block #24670 with 0 transaction(s) (hash: 0x2721e0e02e403b)
INFO  [Storage] Block #24670 serialized (257 bytes)
produced block height=24670 tx_total=0 successes=0
INFO  [Storage] Committing block #24671 with 0 transaction(s) (hash: 0x0fcd1c0a83c37c)
INFO  [Storage] Block #24671 serialized (257 bytes)
produced block height=24671 tx_total=0 successes=0
INFO  [Storage] Committing block #24672 with 0 transaction(s) (hash: 0x6983bfbb96991b)
INFO  [Storage] Block #24672 serialized (257 bytes)
produced block height=24672 tx_total=0 successes=0
INFO  [Storage] Committing block #24673 with 0 transaction(s) (hash: 0x46bb6962dee446)
INFO  [Storage] Block #24673 serialized (257 bytes)
produced block height=24673 tx_total=0 successes=0
INFO  [Storage] Committing block #24674 with 0 transaction(s) (hash: 0x1b77c7743496eb)
INFO  [Storage] Block #24674 serialized (257 bytes)
produced block height=24674 tx_total=0 successes=0
INFO  [Storage] Committing block #24675 with 0 transaction(s) (hash: 0xcf6205bb69ee63)
INFO  [Storage] Block #24675 serialized (257 bytes)
produced block height=24675 tx_total=0 successes=0
INFO  [Storage] Committing block #24676 with 0 transaction(s) (hash: 0x2b59d483291a99)
INFO  [Storage] Block #24676 serialized (257 bytes)
produced block height=24676 tx_total=0 successes=0
INFO  [Storage] Committing block #24677 with 0 transaction(s) (hash: 0x7b311e5810858c)
INFO  [Storage] Block #24677 serialized (257 bytes)
produced block height=24677 tx_total=0 successes=0
INFO  [Storage] Committing block #24678 with 0 transaction(s) (hash: 0x6b602e27fdcbc3)
INFO  [Storage] Block #24678 serialized (257 bytes)
produced block height=24678 tx_total=0 successes=0
INFO  [Storage] Committing block #24679 with 0 transaction(s) (hash: 0x5eb629f86be077)
INFO  [Storage] Block #24679 serialized (257 bytes)
produced block height=24679 tx_total=0 successes=0
INFO  [Storage] Committing block #24680 with 0 transaction(s) (hash: 0x5e7ff29b3fe3e6)
INFO  [Storage] Block #24680 serialized (257 bytes)
produced block height=24680 tx_total=0 successes=0
INFO  [Storage] Committing block #24681 with 0 transaction(s) (hash: 0x9198329a4f67c8)
INFO  [Storage] Block #24681 serialized (257 bytes)
produced block height=24681 tx_total=0 successes=0
INFO  [Storage] Committing block #24682 with 0 transaction(s) (hash: 0x9c4426e405b989)
INFO  [Storage] Block #24682 serialized (257 bytes)
produced block height=24682 tx_total=0 successes=0
INFO  [Storage] Committing block #24683 with 0 transaction(s) (hash: 0xed8394041b1fb2)
INFO  [Storage] Block #24683 serialized (257 bytes)
produced block height=24683 tx_total=0 successes=0
INFO  [Storage] Committing block #24684 with 0 transaction(s) (hash: 0x6de75689b0c61e)
INFO  [Storage] Block #24684 serialized (257 bytes)
produced block height=24684 tx_total=0 successes=0
INFO  [Storage] Committing block #24685 with 0 transaction(s) (hash: 0xe85377869a2628)
INFO  [Storage] Block #24685 serialized (257 bytes)
produced block height=24685 tx_total=0 successes=0
INFO  [Storage] Committing block #24686 with 0 transaction(s) (hash: 0xe0cfa97e8476ce)
INFO  [Storage] Block #24686 serialized (257 bytes)
produced block height=24686 tx_total=0 successes=0
INFO  [Storage] Committing block #24687 with 0 transaction(s) (hash: 0x819af0374fee88)
INFO  [Storage] Block #24687 serialized (257 bytes)
produced block height=24687 tx_total=0 successes=0
INFO  [Storage] Committing block #24688 with 0 transaction(s) (hash: 0x0710bbe28ece6c)
INFO  [Storage] Block #24688 serialized (257 bytes)
produced block height=24688 tx_total=0 successes=0
INFO  [Storage] Committing block #24689 with 0 transaction(s) (hash: 0xf4b345f850cff1)
INFO  [Storage] Block #24689 serialized (257 bytes)
produced block height=24689 tx_total=0 successes=0
INFO  [Storage] Committing block #24690 with 0 transaction(s) (hash: 0x685098ffa9622e)
INFO  [Storage] Block #24690 serialized (257 bytes)
produced block height=24690 tx_total=0 successes=0
INFO  [Storage] Committing block #24691 with 0 transaction(s) (hash: 0x86c6c9ba8878ff)
INFO  [Storage] Block #24691 serialized (257 bytes)
produced block height=24691 tx_total=0 successes=0
INFO  [Storage] Committing block #24692 with 0 transaction(s) (hash: 0xf88e6d20d779d0)
INFO  [Storage] Block #24692 serialized (257 bytes)
produced block height=24692 tx_total=0 successes=0
INFO  [Storage] Committing block #24693 with 0 transaction(s) (hash: 0x715d86b6bd674f)
INFO  [Storage] Block #24693 serialized (257 bytes)
produced block height=24693 tx_total=0 successes=0
INFO  [Storage] Committing block #24694 with 0 transaction(s) (hash: 0xc64cdc09df4d75)
INFO  [Storage] Block #24694 serialized (257 bytes)
produced block height=24694 tx_total=0 successes=0
INFO  [Storage] Committing block #24695 with 0 transaction(s) (hash: 0x01f84a4685c7f2)
INFO  [Storage] Block #24695 serialized (257 bytes)
produced block height=24695 tx_total=0 successes=0
INFO  [Storage] Committing block #24696 with 0 transaction(s) (hash: 0x51757d9a13e485)
INFO  [Storage] Block #24696 serialized (257 bytes)
produced block height=24696 tx_total=0 successes=0
INFO  [Storage] Committing block #24697 with 0 transaction(s) (hash: 0x8a655e4ce50e6f)
INFO  [Storage] Block #24697 serialized (257 bytes)
produced block height=24697 tx_total=0 successes=0
INFO  [Storage] Committing block #24698 with 0 transaction(s) (hash: 0xbd0f92df45e10e)
INFO  [Storage] Block #24698 serialized (257 bytes)
produced block height=24698 tx_total=0 successes=0
INFO  [Storage] Committing block #24699 with 0 transaction(s) (hash: 0x2266617ea1275c)
INFO  [Storage] Block #24699 serialized (257 bytes)
produced block height=24699 tx_total=0 successes=0
INFO  [Storage] Committing block #24700 with 0 transaction(s) (hash: 0xec05d431511420)
INFO  [Storage] Block #24700 serialized (257 bytes)
produced block height=24700 tx_total=0 successes=0
INFO  [Storage] Committing block #24701 with 0 transaction(s) (hash: 0xeb7ac1e3af77a1)
INFO  [Storage] Block #24701 serialized (257 bytes)
produced block height=24701 tx_total=0 successes=0
INFO  [Storage] Committing block #24702 with 0 transaction(s) (hash: 0x1fbd0696006222)
INFO  [Storage] Block #24702 serialized (257 bytes)
produced block height=24702 tx_total=0 successes=0
INFO  [Storage] Committing block #24703 with 0 transaction(s) (hash: 0x7ec42cb5f48730)
INFO  [Storage] Block #24703 serialized (257 bytes)
produced block height=24703 tx_total=0 successes=0
INFO  [Storage] Committing block #24704 with 0 transaction(s) (hash: 0xb210cb5a91645f)
INFO  [Storage] Block #24704 serialized (257 bytes)
produced block height=24704 tx_total=0 successes=0
INFO  [Storage] Committing block #24705 with 0 transaction(s) (hash: 0x67ecd0f8de5567)
INFO  [Storage] Block #24705 serialized (257 bytes)
produced block height=24705 tx_total=0 successes=0
INFO  [Storage] Committing block #24706 with 0 transaction(s) (hash: 0xf00f860f6b7d98)
INFO  [Storage] Block #24706 serialized (257 bytes)
produced block height=24706 tx_total=0 successes=0
INFO  [Storage] Committing block #24707 with 0 transaction(s) (hash: 0x3c153e161ed198)
INFO  [Storage] Block #24707 serialized (257 bytes)
produced block height=24707 tx_total=0 successes=0
INFO  [Storage] Committing block #24708 with 0 transaction(s) (hash: 0xc247567f285bb5)
INFO  [Storage] Block #24708 serialized (257 bytes)
produced block height=24708 tx_total=0 successes=0
INFO  [Storage] Committing block #24709 with 0 transaction(s) (hash: 0x3a6fe8c6dea16c)
INFO  [Storage] Block #24709 serialized (257 bytes)
produced block height=24709 tx_total=0 successes=0
INFO  [Storage] Committing block #24710 with 0 transaction(s) (hash: 0x3ec8575cc7a250)
INFO  [Storage] Block #24710 serialized (257 bytes)
produced block height=24710 tx_total=0 successes=0
INFO  [Storage] Committing block #24711 with 0 transaction(s) (hash: 0x24afa65aff04ea)
INFO  [Storage] Block #24711 serialized (257 bytes)
produced block height=24711 tx_total=0 successes=0
INFO  [Storage] Committing block #24712 with 0 transaction(s) (hash: 0xa1874f13dd2181)
INFO  [Storage] Block #24712 serialized (257 bytes)
produced block height=24712 tx_total=0 successes=0
INFO  [Storage] Committing block #24713 with 0 transaction(s) (hash: 0x964820a31590fc)
INFO  [Storage] Block #24713 serialized (257 bytes)
produced block height=24713 tx_total=0 successes=0
INFO  [Storage] Committing block #24714 with 0 transaction(s) (hash: 0x89f66389cb0cec)
INFO  [Storage] Block #24714 serialized (257 bytes)
produced block height=24714 tx_total=0 successes=0
INFO  [Storage] Committing block #24715 with 0 transaction(s) (hash: 0x612b3aea8663af)
INFO  [Storage] Block #24715 serialized (257 bytes)
produced block height=24715 tx_total=0 successes=0
INFO  [Storage] Committing block #24716 with 0 transaction(s) (hash: 0x96071060c82833)
INFO  [Storage] Block #24716 serialized (257 bytes)
produced block height=24716 tx_total=0 successes=0
INFO  [Storage] Committing block #24717 with 0 transaction(s) (hash: 0x2f03688355622f)
INFO  [Storage] Block #24717 serialized (257 bytes)
produced block height=24717 tx_total=0 successes=0
INFO  [Storage] Committing block #24718 with 0 transaction(s) (hash: 0x25dd632fcdbef3)
INFO  [Storage] Block #24718 serialized (257 bytes)
produced block height=24718 tx_total=0 successes=0
INFO  [Storage] Committing block #24719 with 0 transaction(s) (hash: 0x7e8b6c9a60be92)
INFO  [Storage] Block #24719 serialized (257 bytes)
produced block height=24719 tx_total=0 successes=0
INFO  [Storage] Committing block #24720 with 0 transaction(s) (hash: 0xc95b2910e03ddf)
INFO  [Storage] Block #24720 serialized (257 bytes)
produced block height=24720 tx_total=0 successes=0
INFO  [Storage] Committing block #24721 with 0 transaction(s) (hash: 0xa90f21db70e9d9)
INFO  [Storage] Block #24721 serialized (257 bytes)
produced block height=24721 tx_total=0 successes=0
INFO  [Storage] Committing block #24722 with 0 transaction(s) (hash: 0xbe04b428566b87)
INFO  [Storage] Block #24722 serialized (257 bytes)
produced block height=24722 tx_total=0 successes=0
INFO  [Storage] Committing block #24723 with 0 transaction(s) (hash: 0x7a7f8e7e6e6d5c)
INFO  [Storage] Block #24723 serialized (257 bytes)
produced block height=24723 tx_total=0 successes=0
INFO  [Storage] Committing block #24724 with 0 transaction(s) (hash: 0x2121ab326547c3)
INFO  [Storage] Block #24724 serialized (257 bytes)
produced block height=24724 tx_total=0 successes=0
INFO  [Storage] Committing block #24725 with 0 transaction(s) (hash: 0xca833f9cedb93f)
INFO  [Storage] Block #24725 serialized (257 bytes)
produced block height=24725 tx_total=0 successes=0
INFO  [Storage] Committing block #24726 with 0 transaction(s) (hash: 0x722a4987fa4e78)
INFO  [Storage] Block #24726 serialized (257 bytes)
produced block height=24726 tx_total=0 successes=0
INFO  [Storage] Committing block #24727 with 0 transaction(s) (hash: 0x200f648d0cd5cc)
INFO  [Storage] Block #24727 serialized (257 bytes)
produced block height=24727 tx_total=0 successes=0
INFO  [Storage] Committing block #24728 with 0 transaction(s) (hash: 0x4d3fba444f351f)
INFO  [Storage] Block #24728 serialized (257 bytes)
produced block height=24728 tx_total=0 successes=0
INFO  [Storage] Committing block #24729 with 0 transaction(s) (hash: 0xe4e42f71164fe7)
INFO  [Storage] Block #24729 serialized (257 bytes)
produced block height=24729 tx_total=0 successes=0
INFO  [Storage] Committing block #24730 with 0 transaction(s) (hash: 0x59ca44ea7d1b80)
INFO  [Storage] Block #24730 serialized (257 bytes)
produced block height=24730 tx_total=0 successes=0
INFO  [Storage] Committing block #24731 with 0 transaction(s) (hash: 0x82dbad0f2711f3)
INFO  [Storage] Block #24731 serialized (257 bytes)
produced block height=24731 tx_total=0 successes=0
INFO  [Storage] Committing block #24732 with 0 transaction(s) (hash: 0x05bc127fffe598)
INFO  [Storage] Block #24732 serialized (257 bytes)
produced block height=24732 tx_total=0 successes=0
INFO  [Storage] Committing block #24733 with 0 transaction(s) (hash: 0x1ad464ae90ecaf)
INFO  [Storage] Block #24733 serialized (257 bytes)
produced block height=24733 tx_total=0 successes=0
INFO  [Storage] Committing block #24734 with 0 transaction(s) (hash: 0x379bf1d314b300)
INFO  [Storage] Block #24734 serialized (257 bytes)
produced block height=24734 tx_total=0 successes=0
INFO  [Storage] Committing block #24735 with 0 transaction(s) (hash: 0x8bfd011f0359ec)
INFO  [Storage] Block #24735 serialized (257 bytes)
produced block height=24735 tx_total=0 successes=0
INFO  [Storage] Committing block #24736 with 0 transaction(s) (hash: 0xd089d305c84027)
INFO  [Storage] Block #24736 serialized (257 bytes)
produced block height=24736 tx_total=0 successes=0
INFO  [Storage] Committing block #24737 with 0 transaction(s) (hash: 0xf89657bcd0d3c2)
INFO  [Storage] Block #24737 serialized (257 bytes)
produced block height=24737 tx_total=0 successes=0
INFO  [Storage] Committing block #24738 with 0 transaction(s) (hash: 0xd48607256172d2)
INFO  [Storage] Block #24738 serialized (257 bytes)
produced block height=24738 tx_total=0 successes=0
INFO  [Storage] Committing block #24739 with 0 transaction(s) (hash: 0xade76d8b8367e0)
INFO  [Storage] Block #24739 serialized (257 bytes)
produced block height=24739 tx_total=0 successes=0
INFO  [Storage] Committing block #24740 with 0 transaction(s) (hash: 0xc78180ea34f9d9)
INFO  [Storage] Block #24740 serialized (257 bytes)
produced block height=24740 tx_total=0 successes=0
INFO  [Storage] Committing block #24741 with 0 transaction(s) (hash: 0x9ad2fa84614d02)
INFO  [Storage] Block #24741 serialized (257 bytes)
produced block height=24741 tx_total=0 successes=0
INFO  [Storage] Committing block #24742 with 0 transaction(s) (hash: 0x1dd78730d90960)
INFO  [Storage] Block #24742 serialized (257 bytes)
produced block height=24742 tx_total=0 successes=0
INFO  [Storage] Committing block #24743 with 0 transaction(s) (hash: 0x079b707d0b8344)
INFO  [Storage] Block #24743 serialized (257 bytes)
produced block height=24743 tx_total=0 successes=0
INFO  [Storage] Committing block #24744 with 0 transaction(s) (hash: 0x008db1387d4e84)
INFO  [Storage] Block #24744 serialized (257 bytes)
produced block height=24744 tx_total=0 successes=0
INFO  [Storage] Committing block #24745 with 0 transaction(s) (hash: 0x6847a047d42f04)
INFO  [Storage] Block #24745 serialized (257 bytes)
produced block height=24745 tx_total=0 successes=0
INFO  [Storage] Committing block #24746 with 0 transaction(s) (hash: 0x6dbd7ca6beefe5)
INFO  [Storage] Block #24746 serialized (257 bytes)
produced block height=24746 tx_total=0 successes=0
INFO  [Storage] Committing block #24747 with 0 transaction(s) (hash: 0x75da521ad0dd43)
INFO  [Storage] Block #24747 serialized (257 bytes)
produced block height=24747 tx_total=0 successes=0
INFO  [Storage] Committing block #24748 with 0 transaction(s) (hash: 0x9e6afde5bb7b31)
INFO  [Storage] Block #24748 serialized (257 bytes)
produced block height=24748 tx_total=0 successes=0
INFO  [Storage] Committing block #24749 with 0 transaction(s) (hash: 0x16d93f6bd5c865)
INFO  [Storage] Block #24749 serialized (257 bytes)
produced block height=24749 tx_total=0 successes=0
INFO  [Storage] Committing block #24750 with 0 transaction(s) (hash: 0x7fc7ce0c8e625d)
INFO  [Storage] Block #24750 serialized (257 bytes)
produced block height=24750 tx_total=0 successes=0
INFO  [Storage] Committing block #24751 with 0 transaction(s) (hash: 0x20ca9248e5e838)
INFO  [Storage] Block #24751 serialized (257 bytes)
produced block height=24751 tx_total=0 successes=0
INFO  [Storage] Committing block #24752 with 0 transaction(s) (hash: 0xa5586bfccab574)
INFO  [Storage] Block #24752 serialized (257 bytes)
produced block height=24752 tx_total=0 successes=0
INFO  [Storage] Committing block #24753 with 0 transaction(s) (hash: 0x98e855d33cffec)
INFO  [Storage] Block #24753 serialized (257 bytes)
produced block height=24753 tx_total=0 successes=0
INFO  [Storage] Committing block #24754 with 0 transaction(s) (hash: 0x36c107ef1533f4)
INFO  [Storage] Block #24754 serialized (257 bytes)
produced block height=24754 tx_total=0 successes=0
INFO  [Storage] Committing block #24755 with 0 transaction(s) (hash: 0xa166544c194548)
INFO  [Storage] Block #24755 serialized (257 bytes)
produced block height=24755 tx_total=0 successes=0
INFO  [Storage] Committing block #24756 with 0 transaction(s) (hash: 0x0ec641812da62f)
INFO  [Storage] Block #24756 serialized (257 bytes)
produced block height=24756 tx_total=0 successes=0
INFO  [Storage] Committing block #24757 with 0 transaction(s) (hash: 0x27940c592736ff)
INFO  [Storage] Block #24757 serialized (257 bytes)
produced block height=24757 tx_total=0 successes=0
INFO  [Storage] Committing block #24758 with 0 transaction(s) (hash: 0x21ac8f7d294005)
INFO  [Storage] Block #24758 serialized (257 bytes)
produced block height=24758 tx_total=0 successes=0
INFO  [Storage] Committing block #24759 with 0 transaction(s) (hash: 0x95f969548d0d93)
INFO  [Storage] Block #24759 serialized (257 bytes)
produced block height=24759 tx_total=0 successes=0
INFO  [Storage] Committing block #24760 with 0 transaction(s) (hash: 0x7ea3a82af36f88)
INFO  [Storage] Block #24760 serialized (257 bytes)
produced block height=24760 tx_total=0 successes=0
INFO  [Storage] Committing block #24761 with 0 transaction(s) (hash: 0x25a82a3ac072eb)
INFO  [Storage] Block #24761 serialized (257 bytes)
produced block height=24761 tx_total=0 successes=0
INFO  [Storage] Committing block #24762 with 0 transaction(s) (hash: 0xac9ce1a2426e8b)
INFO  [Storage] Block #24762 serialized (257 bytes)
produced block height=24762 tx_total=0 successes=0
INFO  [Storage] Committing block #24763 with 0 transaction(s) (hash: 0x27be15b72ec53c)
INFO  [Storage] Block #24763 serialized (257 bytes)
produced block height=24763 tx_total=0 successes=0
INFO  [Storage] Committing block #24764 with 0 transaction(s) (hash: 0x0664e956441740)
INFO  [Storage] Block #24764 serialized (257 bytes)
produced block height=24764 tx_total=0 successes=0
INFO  [Storage] Committing block #24765 with 0 transaction(s) (hash: 0x7d52d151c1a887)
INFO  [Storage] Block #24765 serialized (257 bytes)
produced block height=24765 tx_total=0 successes=0
INFO  [Storage] Committing block #24766 with 0 transaction(s) (hash: 0x4484b5ee322e66)
INFO  [Storage] Block #24766 serialized (257 bytes)
produced block height=24766 tx_total=0 successes=0
INFO  [Storage] Committing block #24767 with 0 transaction(s) (hash: 0x6858010ceefdf0)
INFO  [Storage] Block #24767 serialized (257 bytes)
produced block height=24767 tx_total=0 successes=0
INFO  [Storage] Committing block #24768 with 0 transaction(s) (hash: 0xcd1af20785deb6)
INFO  [Storage] Block #24768 serialized (257 bytes)
produced block height=24768 tx_total=0 successes=0
INFO  [Storage] Committing block #24769 with 0 transaction(s) (hash: 0x8354eeb480a611)
INFO  [Storage] Block #24769 serialized (257 bytes)
produced block height=24769 tx_total=0 successes=0
INFO  [Storage] Committing block #24770 with 0 transaction(s) (hash: 0xfbf011cdf05452)
INFO  [Storage] Block #24770 serialized (257 bytes)
produced block height=24770 tx_total=0 successes=0
INFO  [Storage] Committing block #24771 with 0 transaction(s) (hash: 0x44639b60da4ab6)
INFO  [Storage] Block #24771 serialized (257 bytes)
produced block height=24771 tx_total=0 successes=0
INFO  [Storage] Committing block #24772 with 0 transaction(s) (hash: 0x8538eeea065a51)
INFO  [Storage] Block #24772 serialized (257 bytes)
produced block height=24772 tx_total=0 successes=0
INFO  [Storage] Committing block #24773 with 0 transaction(s) (hash: 0x2e99ddee3e8bfc)
INFO  [Storage] Block #24773 serialized (257 bytes)
produced block height=24773 tx_total=0 successes=0
INFO  [Storage] Committing block #24774 with 0 transaction(s) (hash: 0xc9cbffad0f5458)
INFO  [Storage] Block #24774 serialized (257 bytes)
produced block height=24774 tx_total=0 successes=0
INFO  [Storage] Committing block #24775 with 0 transaction(s) (hash: 0x09132cba4641b0)
INFO  [Storage] Block #24775 serialized (257 bytes)
produced block height=24775 tx_total=0 successes=0
INFO  [Storage] Committing block #24776 with 0 transaction(s) (hash: 0xb6802376c4c832)
INFO  [Storage] Block #24776 serialized (257 bytes)
produced block height=24776 tx_total=0 successes=0
INFO  [Storage] Committing block #24777 with 0 transaction(s) (hash: 0x5f68ad24210093)
INFO  [Storage] Block #24777 serialized (257 bytes)
produced block height=24777 tx_total=0 successes=0
INFO  [Storage] Committing block #24778 with 0 transaction(s) (hash: 0x4201b487d39943)
INFO  [Storage] Block #24778 serialized (257 bytes)
produced block height=24778 tx_total=0 successes=0
INFO  [Storage] Committing block #24779 with 0 transaction(s) (hash: 0xe7d5c8475876a7)
INFO  [Storage] Block #24779 serialized (257 bytes)
produced block height=24779 tx_total=0 successes=0
INFO  [Storage] Committing block #24780 with 0 transaction(s) (hash: 0x8512040875f29d)
INFO  [Storage] Block #24780 serialized (257 bytes)
produced block height=24780 tx_total=0 successes=0
INFO  [Storage] Committing block #24781 with 0 transaction(s) (hash: 0x08c6918958c2e7)
INFO  [Storage] Block #24781 serialized (257 bytes)
produced block height=24781 tx_total=0 successes=0
INFO  [Storage] Committing block #24782 with 0 transaction(s) (hash: 0x7ca4f5eb05a701)
INFO  [Storage] Block #24782 serialized (257 bytes)
produced block height=24782 tx_total=0 successes=0
INFO  [Storage] Committing block #24783 with 0 transaction(s) (hash: 0x76697b01eecb2b)
INFO  [Storage] Block #24783 serialized (257 bytes)
produced block height=24783 tx_total=0 successes=0
INFO  [Storage] Committing block #24784 with 0 transaction(s) (hash: 0x9a2a826b961c63)
INFO  [Storage] Block #24784 serialized (257 bytes)
produced block height=24784 tx_total=0 successes=0
INFO  [Storage] Committing block #24785 with 0 transaction(s) (hash: 0x40ce52afc0d62f)
INFO  [Storage] Block #24785 serialized (257 bytes)
produced block height=24785 tx_total=0 successes=0
INFO  [Storage] Committing block #24786 with 0 transaction(s) (hash: 0xe09c58d13f46e9)
INFO  [Storage] Block #24786 serialized (257 bytes)
produced block height=24786 tx_total=0 successes=0
INFO  [Storage] Committing block #24787 with 0 transaction(s) (hash: 0x66de0ff109462e)
INFO  [Storage] Block #24787 serialized (257 bytes)
produced block height=24787 tx_total=0 successes=0
INFO  [Storage] Committing block #24788 with 0 transaction(s) (hash: 0xb30a252a609f93)
INFO  [Storage] Block #24788 serialized (257 bytes)
produced block height=24788 tx_total=0 successes=0
INFO  [Storage] Committing block #24789 with 0 transaction(s) (hash: 0xf99306fa083aa1)
INFO  [Storage] Block #24789 serialized (257 bytes)
produced block height=24789 tx_total=0 successes=0
INFO  [Storage] Committing block #24790 with 0 transaction(s) (hash: 0xee443b6ed2644c)
INFO  [Storage] Block #24790 serialized (257 bytes)
produced block height=24790 tx_total=0 successes=0
INFO  [Storage] Committing block #24791 with 0 transaction(s) (hash: 0xf6bf8abc7da767)
INFO  [Storage] Block #24791 serialized (257 bytes)
produced block height=24791 tx_total=0 successes=0
INFO  [Storage] Committing block #24792 with 0 transaction(s) (hash: 0xc951f61dfcfde7)
INFO  [Storage] Block #24792 serialized (257 bytes)
produced block height=24792 tx_total=0 successes=0
INFO  [Storage] Committing block #24793 with 0 transaction(s) (hash: 0x21ba982c43dd00)
INFO  [Storage] Block #24793 serialized (257 bytes)
produced block height=24793 tx_total=0 successes=0
INFO  [Storage] Committing block #24794 with 0 transaction(s) (hash: 0xc0c1294f30902c)
INFO  [Storage] Block #24794 serialized (257 bytes)
produced block height=24794 tx_total=0 successes=0
INFO  [Storage] Committing block #24795 with 0 transaction(s) (hash: 0xf5d9cb02e12716)
INFO  [Storage] Block #24795 serialized (257 bytes)
produced block height=24795 tx_total=0 successes=0
INFO  [Storage] Committing block #24796 with 0 transaction(s) (hash: 0x5e5dbb5203faeb)
INFO  [Storage] Block #24796 serialized (257 bytes)
produced block height=24796 tx_total=0 successes=0
INFO  [Storage] Committing block #24797 with 0 transaction(s) (hash: 0x862290299eb2b7)
INFO  [Storage] Block #24797 serialized (257 bytes)
produced block height=24797 tx_total=0 successes=0
INFO  [Storage] Committing block #24798 with 0 transaction(s) (hash: 0xd87047fb9de11c)
INFO  [Storage] Block #24798 serialized (257 bytes)
produced block height=24798 tx_total=0 successes=0
INFO  [Storage] Committing block #24799 with 0 transaction(s) (hash: 0xd781d7c08f8b76)
INFO  [Storage] Block #24799 serialized (257 bytes)
produced block height=24799 tx_total=0 successes=0
INFO  [Storage] Committing block #24800 with 0 transaction(s) (hash: 0xbc101f28a4aadb)
INFO  [Storage] Block #24800 serialized (257 bytes)
produced block height=24800 tx_total=0 successes=0
INFO  [Storage] Committing block #24801 with 0 transaction(s) (hash: 0x7bc1823f43b4d9)
INFO  [Storage] Block #24801 serialized (257 bytes)
produced block height=24801 tx_total=0 successes=0
INFO  [Storage] Committing block #24802 with 0 transaction(s) (hash: 0x3cef0d152e580c)
INFO  [Storage] Block #24802 serialized (257 bytes)
produced block height=24802 tx_total=0 successes=0
INFO  [Storage] Committing block #24803 with 0 transaction(s) (hash: 0x4340c5320f0fab)
INFO  [Storage] Block #24803 serialized (257 bytes)
produced block height=24803 tx_total=0 successes=0
INFO  [Storage] Committing block #24804 with 0 transaction(s) (hash: 0x4453c9d352b8e3)
INFO  [Storage] Block #24804 serialized (257 bytes)
produced block height=24804 tx_total=0 successes=0
INFO  [Storage] Committing block #24805 with 0 transaction(s) (hash: 0x8e2ec8b550b3de)
INFO  [Storage] Block #24805 serialized (257 bytes)
produced block height=24805 tx_total=0 successes=0
INFO  [Storage] Committing block #24806 with 0 transaction(s) (hash: 0x94c1219ba8ba70)
INFO  [Storage] Block #24806 serialized (257 bytes)
produced block height=24806 tx_total=0 successes=0
INFO  [Storage] Committing block #24807 with 0 transaction(s) (hash: 0xc9a00bb4854c39)
INFO  [Storage] Block #24807 serialized (257 bytes)
produced block height=24807 tx_total=0 successes=0
INFO  [Storage] Committing block #24808 with 0 transaction(s) (hash: 0x9a775c40747e75)
INFO  [Storage] Block #24808 serialized (257 bytes)
produced block height=24808 tx_total=0 successes=0
INFO  [Storage] Committing block #24809 with 0 transaction(s) (hash: 0xf04f38a4a36745)
INFO  [Storage] Block #24809 serialized (257 bytes)
produced block height=24809 tx_total=0 successes=0
INFO  [Storage] Committing block #24810 with 0 transaction(s) (hash: 0x757657fef3d4e2)
INFO  [Storage] Block #24810 serialized (257 bytes)
produced block height=24810 tx_total=0 successes=0
INFO  [Storage] Committing block #24811 with 0 transaction(s) (hash: 0x5b3526f2ac93b1)
INFO  [Storage] Block #24811 serialized (257 bytes)
produced block height=24811 tx_total=0 successes=0
INFO  [Storage] Committing block #24812 with 0 transaction(s) (hash: 0xc795d0bfc970fe)
INFO  [Storage] Block #24812 serialized (257 bytes)
produced block height=24812 tx_total=0 successes=0
INFO  [Storage] Committing block #24813 with 0 transaction(s) (hash: 0xc9907035d20e1a)
INFO  [Storage] Block #24813 serialized (257 bytes)
produced block height=24813 tx_total=0 successes=0
INFO  [Storage] Committing block #24814 with 0 transaction(s) (hash: 0x1d35b6c6517317)
INFO  [Storage] Block #24814 serialized (257 bytes)
produced block height=24814 tx_total=0 successes=0
INFO  [Storage] Committing block #24815 with 0 transaction(s) (hash: 0x54452264bdaf2a)
INFO  [Storage] Block #24815 serialized (257 bytes)
produced block height=24815 tx_total=0 successes=0
INFO  [Storage] Committing block #24816 with 0 transaction(s) (hash: 0x57190d1c0967e1)
INFO  [Storage] Block #24816 serialized (257 bytes)
produced block height=24816 tx_total=0 successes=0
INFO  [Storage] Committing block #24817 with 0 transaction(s) (hash: 0xe3fa0028ed73fa)
INFO  [Storage] Block #24817 serialized (257 bytes)
produced block height=24817 tx_total=0 successes=0
INFO  [Storage] Committing block #24818 with 0 transaction(s) (hash: 0xe67c724bfb821e)
INFO  [Storage] Block #24818 serialized (257 bytes)
produced block height=24818 tx_total=0 successes=0
INFO  [Storage] Committing block #24819 with 0 transaction(s) (hash: 0xe8e9761feda441)
INFO  [Storage] Block #24819 serialized (257 bytes)
produced block height=24819 tx_total=0 successes=0
INFO  [Storage] Committing block #24820 with 0 transaction(s) (hash: 0x281332dfbb5612)
INFO  [Storage] Block #24820 serialized (257 bytes)
produced block height=24820 tx_total=0 successes=0
INFO  [Storage] Committing block #24821 with 0 transaction(s) (hash: 0x74aeeb0ce9c004)
INFO  [Storage] Block #24821 serialized (257 bytes)
produced block height=24821 tx_total=0 successes=0
INFO  [Storage] Committing block #24822 with 0 transaction(s) (hash: 0xa51942b0f12b67)
INFO  [Storage] Block #24822 serialized (257 bytes)
produced block height=24822 tx_total=0 successes=0
INFO  [Storage] Committing block #24823 with 0 transaction(s) (hash: 0x7b8ec8da845ba9)
INFO  [Storage] Block #24823 serialized (257 bytes)
produced block height=24823 tx_total=0 successes=0
INFO  [Storage] Committing block #24824 with 0 transaction(s) (hash: 0x85fdd49334d865)
INFO  [Storage] Block #24824 serialized (257 bytes)
produced block height=24824 tx_total=0 successes=0
INFO  [Storage] Committing block #24825 with 0 transaction(s) (hash: 0x1e92337b633d0b)
INFO  [Storage] Block #24825 serialized (257 bytes)
produced block height=24825 tx_total=0 successes=0
INFO  [Storage] Committing block #24826 with 0 transaction(s) (hash: 0x81958735d7cbb8)
INFO  [Storage] Block #24826 serialized (257 bytes)
produced block height=24826 tx_total=0 successes=0
INFO  [Storage] Committing block #24827 with 0 transaction(s) (hash: 0xf2d9fa0b7c8c37)
INFO  [Storage] Block #24827 serialized (257 bytes)
produced block height=24827 tx_total=0 successes=0
INFO  [Storage] Committing block #24828 with 0 transaction(s) (hash: 0xea30a927d5d959)
INFO  [Storage] Block #24828 serialized (257 bytes)
produced block height=24828 tx_total=0 successes=0
INFO  [Storage] Committing block #24829 with 0 transaction(s) (hash: 0xbcc0d61edb3517)
INFO  [Storage] Block #24829 serialized (257 bytes)
produced block height=24829 tx_total=0 successes=0
INFO  [Storage] Committing block #24830 with 0 transaction(s) (hash: 0xfda99968db7d03)
INFO  [Storage] Block #24830 serialized (257 bytes)
produced block height=24830 tx_total=0 successes=0
INFO  [Storage] Committing block #24831 with 0 transaction(s) (hash: 0xce69cda16afb78)
INFO  [Storage] Block #24831 serialized (257 bytes)
produced block height=24831 tx_total=0 successes=0
INFO  [Storage] Committing block #24832 with 0 transaction(s) (hash: 0x1a929103d017a9)
INFO  [Storage] Block #24832 serialized (257 bytes)
produced block height=24832 tx_total=0 successes=0
INFO  [Storage] Committing block #24833 with 0 transaction(s) (hash: 0x4ed81e1effa16d)
INFO  [Storage] Block #24833 serialized (257 bytes)
produced block height=24833 tx_total=0 successes=0
INFO  [Storage] Committing block #24834 with 0 transaction(s) (hash: 0xb358537ef41a08)
INFO  [Storage] Block #24834 serialized (257 bytes)
produced block height=24834 tx_total=0 successes=0
INFO  [Storage] Committing block #24835 with 0 transaction(s) (hash: 0x9b20a48dea24b3)
INFO  [Storage] Block #24835 serialized (257 bytes)
produced block height=24835 tx_total=0 successes=0
INFO  [Storage] Committing block #24836 with 0 transaction(s) (hash: 0xa722043bc756e6)
INFO  [Storage] Block #24836 serialized (257 bytes)
produced block height=24836 tx_total=0 successes=0
INFO  [Storage] Committing block #24837 with 0 transaction(s) (hash: 0x27160e668ff6a0)
INFO  [Storage] Block #24837 serialized (257 bytes)
produced block height=24837 tx_total=0 successes=0
INFO  [Storage] Committing block #24838 with 0 transaction(s) (hash: 0x1ef895d27636eb)
INFO  [Storage] Block #24838 serialized (257 bytes)
produced block height=24838 tx_total=0 successes=0
INFO  [Storage] Committing block #24839 with 0 transaction(s) (hash: 0x88b500c12d183a)
INFO  [Storage] Block #24839 serialized (257 bytes)
produced block height=24839 tx_total=0 successes=0
INFO  [Storage] Committing block #24840 with 0 transaction(s) (hash: 0x56df3ea438979f)
INFO  [Storage] Block #24840 serialized (257 bytes)
produced block height=24840 tx_total=0 successes=0
INFO  [Storage] Committing block #24841 with 0 transaction(s) (hash: 0xdda6c58aa38b69)
INFO  [Storage] Block #24841 serialized (257 bytes)
produced block height=24841 tx_total=0 successes=0
INFO  [Storage] Committing block #24842 with 0 transaction(s) (hash: 0x3356fa373cc42b)
INFO  [Storage] Block #24842 serialized (257 bytes)
produced block height=24842 tx_total=0 successes=0
INFO  [Storage] Committing block #24843 with 0 transaction(s) (hash: 0xa84f91569e7789)
INFO  [Storage] Block #24843 serialized (257 bytes)
produced block height=24843 tx_total=0 successes=0
INFO  [Storage] Committing block #24844 with 0 transaction(s) (hash: 0xdb68e6224c3e10)
INFO  [Storage] Block #24844 serialized (257 bytes)
produced block height=24844 tx_total=0 successes=0
INFO  [Storage] Committing block #24845 with 0 transaction(s) (hash: 0xb2c125f04500af)
INFO  [Storage] Block #24845 serialized (257 bytes)
produced block height=24845 tx_total=0 successes=0
INFO  [Storage] Committing block #24846 with 0 transaction(s) (hash: 0xb13bbc0213ec07)
INFO  [Storage] Block #24846 serialized (257 bytes)
produced block height=24846 tx_total=0 successes=0
INFO  [Storage] Committing block #24847 with 0 transaction(s) (hash: 0xceb2f7a528915f)
INFO  [Storage] Block #24847 serialized (257 bytes)
produced block height=24847 tx_total=0 successes=0
INFO  [Storage] Committing block #24848 with 0 transaction(s) (hash: 0xa1570f230fd26f)
INFO  [Storage] Block #24848 serialized (257 bytes)
produced block height=24848 tx_total=0 successes=0
INFO  [Storage] Committing block #24849 with 0 transaction(s) (hash: 0x3ad660fc18e8b5)
INFO  [Storage] Block #24849 serialized (257 bytes)
produced block height=24849 tx_total=0 successes=0
INFO  [Storage] Committing block #24850 with 0 transaction(s) (hash: 0x11fa3113dca920)
INFO  [Storage] Block #24850 serialized (257 bytes)
produced block height=24850 tx_total=0 successes=0
INFO  [Storage] Committing block #24851 with 0 transaction(s) (hash: 0x60d4fe9f59d9e2)
INFO  [Storage] Block #24851 serialized (257 bytes)
produced block height=24851 tx_total=0 successes=0
INFO  [Storage] Committing block #24852 with 0 transaction(s) (hash: 0x2e9439b660372b)
INFO  [Storage] Block #24852 serialized (257 bytes)
produced block height=24852 tx_total=0 successes=0
INFO  [Storage] Committing block #24853 with 0 transaction(s) (hash: 0x6df3c1cef964ef)
INFO  [Storage] Block #24853 serialized (257 bytes)
produced block height=24853 tx_total=0 successes=0
INFO  [Storage] Committing block #24854 with 0 transaction(s) (hash: 0xcbfc0aa03478ee)
INFO  [Storage] Block #24854 serialized (257 bytes)
produced block height=24854 tx_total=0 successes=0
INFO  [Storage] Committing block #24855 with 0 transaction(s) (hash: 0xf4f05ac31e7230)
INFO  [Storage] Block #24855 serialized (257 bytes)
produced block height=24855 tx_total=0 successes=0
INFO  [Storage] Committing block #24856 with 0 transaction(s) (hash: 0x410ba1a16d75cc)
INFO  [Storage] Block #24856 serialized (257 bytes)
produced block height=24856 tx_total=0 successes=0
INFO  [Storage] Committing block #24857 with 0 transaction(s) (hash: 0x122472f5d63748)
INFO  [Storage] Block #24857 serialized (257 bytes)
produced block height=24857 tx_total=0 successes=0
INFO  [Storage] Committing block #24858 with 0 transaction(s) (hash: 0xe17582b0b578d9)
INFO  [Storage] Block #24858 serialized (257 bytes)
produced block height=24858 tx_total=0 successes=0
INFO  [Storage] Committing block #24859 with 0 transaction(s) (hash: 0x23d75fc76afb9e)
INFO  [Storage] Block #24859 serialized (257 bytes)
produced block height=24859 tx_total=0 successes=0
INFO  [Storage] Committing block #24860 with 0 transaction(s) (hash: 0x3e46eb96c70777)
INFO  [Storage] Block #24860 serialized (257 bytes)
produced block height=24860 tx_total=0 successes=0
INFO  [Storage] Committing block #24861 with 0 transaction(s) (hash: 0x29f90059649bf7)
INFO  [Storage] Block #24861 serialized (257 bytes)
produced block height=24861 tx_total=0 successes=0
INFO  [Storage] Committing block #24862 with 0 transaction(s) (hash: 0x89314a09c8bd15)
INFO  [Storage] Block #24862 serialized (257 bytes)
produced block height=24862 tx_total=0 successes=0
INFO  [Storage] Committing block #24863 with 0 transaction(s) (hash: 0x78eb614b271e44)
INFO  [Storage] Block #24863 serialized (257 bytes)
produced block height=24863 tx_total=0 successes=0
INFO  [Storage] Committing block #24864 with 0 transaction(s) (hash: 0xec7f1ac0fa4e23)
INFO  [Storage] Block #24864 serialized (257 bytes)
produced block height=24864 tx_total=0 successes=0
INFO  [Storage] Committing block #24865 with 0 transaction(s) (hash: 0x56b075bdd96d1e)
INFO  [Storage] Block #24865 serialized (257 bytes)
produced block height=24865 tx_total=0 successes=0
INFO  [Storage] Committing block #24866 with 0 transaction(s) (hash: 0xc120806cabc2e9)
INFO  [Storage] Block #24866 serialized (257 bytes)
produced block height=24866 tx_total=0 successes=0
INFO  [Storage] Committing block #24867 with 0 transaction(s) (hash: 0x4a7769afccee32)
INFO  [Storage] Block #24867 serialized (257 bytes)
produced block height=24867 tx_total=0 successes=0
INFO  [Storage] Committing block #24868 with 0 transaction(s) (hash: 0x44a7d1ea5a4f0f)
INFO  [Storage] Block #24868 serialized (257 bytes)
produced block height=24868 tx_total=0 successes=0
INFO  [Storage] Committing block #24869 with 0 transaction(s) (hash: 0x77b8f2ced0a4b4)
INFO  [Storage] Block #24869 serialized (257 bytes)
produced block height=24869 tx_total=0 successes=0
INFO  [Storage] Committing block #24870 with 0 transaction(s) (hash: 0x9f0ee70d160e9e)
INFO  [Storage] Block #24870 serialized (257 bytes)
produced block height=24870 tx_total=0 successes=0
INFO  [Storage] Committing block #24871 with 0 transaction(s) (hash: 0x110935f319a221)
INFO  [Storage] Block #24871 serialized (257 bytes)
produced block height=24871 tx_total=0 successes=0
INFO  [Storage] Committing block #24872 with 0 transaction(s) (hash: 0xefbeb80458bcdc)
INFO  [Storage] Block #24872 serialized (257 bytes)
produced block height=24872 tx_total=0 successes=0
INFO  [Storage] Committing block #24873 with 0 transaction(s) (hash: 0x6e51b06e4bb5f7)
INFO  [Storage] Block #24873 serialized (257 bytes)
produced block height=24873 tx_total=0 successes=0
INFO  [Storage] Committing block #24874 with 0 transaction(s) (hash: 0x5dacdff54f1f6d)
INFO  [Storage] Block #24874 serialized (257 bytes)
produced block height=24874 tx_total=0 successes=0
INFO  [Storage] Committing block #24875 with 0 transaction(s) (hash: 0x662bb7ac4a4800)
INFO  [Storage] Block #24875 serialized (257 bytes)
produced block height=24875 tx_total=0 successes=0
INFO  [Storage] Committing block #24876 with 0 transaction(s) (hash: 0x7727dc227003b6)
INFO  [Storage] Block #24876 serialized (257 bytes)
produced block height=24876 tx_total=0 successes=0
INFO  [Storage] Committing block #24877 with 0 transaction(s) (hash: 0xcb45059b478017)
INFO  [Storage] Block #24877 serialized (257 bytes)
produced block height=24877 tx_total=0 successes=0
INFO  [Storage] Committing block #24878 with 0 transaction(s) (hash: 0xd9fa5bf1822b0c)
INFO  [Storage] Block #24878 serialized (257 bytes)
produced block height=24878 tx_total=0 successes=0
INFO  [Storage] Committing block #24879 with 0 transaction(s) (hash: 0xe89afa8a94b5d1)
INFO  [Storage] Block #24879 serialized (257 bytes)
produced block height=24879 tx_total=0 successes=0
INFO  [Storage] Committing block #24880 with 0 transaction(s) (hash: 0xcc8232afb254d2)
INFO  [Storage] Block #24880 serialized (257 bytes)
produced block height=24880 tx_total=0 successes=0
INFO  [Storage] Committing block #24881 with 0 transaction(s) (hash: 0x679110e1b325f4)
INFO  [Storage] Block #24881 serialized (257 bytes)
produced block height=24881 tx_total=0 successes=0
INFO  [Storage] Committing block #24882 with 0 transaction(s) (hash: 0xe7686de9e82b50)
INFO  [Storage] Block #24882 serialized (257 bytes)
produced block height=24882 tx_total=0 successes=0
INFO  [Storage] Committing block #24883 with 0 transaction(s) (hash: 0x315581a44a9722)
INFO  [Storage] Block #24883 serialized (257 bytes)
produced block height=24883 tx_total=0 successes=0
INFO  [Storage] Committing block #24884 with 0 transaction(s) (hash: 0x6f93beeb2a4194)
INFO  [Storage] Block #24884 serialized (257 bytes)
produced block height=24884 tx_total=0 successes=0
INFO  [Storage] Committing block #24885 with 0 transaction(s) (hash: 0xd9f4519a62ccfa)
INFO  [Storage] Block #24885 serialized (257 bytes)
produced block height=24885 tx_total=0 successes=0
INFO  [Storage] Committing block #24886 with 0 transaction(s) (hash: 0x29bf2e23c9dd47)
INFO  [Storage] Block #24886 serialized (257 bytes)
produced block height=24886 tx_total=0 successes=0
INFO  [Storage] Committing block #24887 with 0 transaction(s) (hash: 0x006bd438aef245)
INFO  [Storage] Block #24887 serialized (257 bytes)
produced block height=24887 tx_total=0 successes=0
INFO  [Storage] Committing block #24888 with 0 transaction(s) (hash: 0x42cd73026c4645)
INFO  [Storage] Block #24888 serialized (257 bytes)
produced block height=24888 tx_total=0 successes=0
INFO  [Storage] Committing block #24889 with 0 transaction(s) (hash: 0x003db91cafcba6)
INFO  [Storage] Block #24889 serialized (257 bytes)
produced block height=24889 tx_total=0 successes=0
INFO  [Storage] Committing block #24890 with 0 transaction(s) (hash: 0x159c32ecfb8faf)
INFO  [Storage] Block #24890 serialized (257 bytes)
produced block height=24890 tx_total=0 successes=0
INFO  [Storage] Committing block #24891 with 0 transaction(s) (hash: 0xb9c7991e65b73b)
INFO  [Storage] Block #24891 serialized (257 bytes)
produced block height=24891 tx_total=0 successes=0
INFO  [Storage] Committing block #24892 with 0 transaction(s) (hash: 0x190766a7aa7067)
INFO  [Storage] Block #24892 serialized (257 bytes)
produced block height=24892 tx_total=0 successes=0
INFO  [Storage] Committing block #24893 with 0 transaction(s) (hash: 0x34b1bed5d4bc1a)
INFO  [Storage] Block #24893 serialized (257 bytes)
produced block height=24893 tx_total=0 successes=0
INFO  [Storage] Committing block #24894 with 0 transaction(s) (hash: 0xce67b35a64ae1a)
INFO  [Storage] Block #24894 serialized (257 bytes)
produced block height=24894 tx_total=0 successes=0
INFO  [Storage] Committing block #24895 with 0 transaction(s) (hash: 0x0b50f9ae4202bf)
INFO  [Storage] Block #24895 serialized (257 bytes)
produced block height=24895 tx_total=0 successes=0
INFO  [Storage] Committing block #24896 with 0 transaction(s) (hash: 0x26c4fa08b6074b)
INFO  [Storage] Block #24896 serialized (257 bytes)
produced block height=24896 tx_total=0 successes=0
INFO  [Storage] Committing block #24897 with 0 transaction(s) (hash: 0x25155177399b73)
INFO  [Storage] Block #24897 serialized (257 bytes)
produced block height=24897 tx_total=0 successes=0
INFO  [Storage] Committing block #24898 with 0 transaction(s) (hash: 0x3ef21e1e3c6199)
INFO  [Storage] Block #24898 serialized (257 bytes)
produced block height=24898 tx_total=0 successes=0
INFO  [Storage] Committing block #24899 with 0 transaction(s) (hash: 0x6add4c11f97de6)
INFO  [Storage] Block #24899 serialized (257 bytes)
produced block height=24899 tx_total=0 successes=0
INFO  [Storage] Committing block #24900 with 0 transaction(s) (hash: 0x955c6da961f711)
INFO  [Storage] Block #24900 serialized (257 bytes)
produced block height=24900 tx_total=0 successes=0
INFO  [Storage] Committing block #24901 with 0 transaction(s) (hash: 0x77b4eb825122aa)
INFO  [Storage] Block #24901 serialized (257 bytes)
produced block height=24901 tx_total=0 successes=0
INFO  [Storage] Committing block #24902 with 0 transaction(s) (hash: 0xd97a5833d3736b)
INFO  [Storage] Block #24902 serialized (257 bytes)
produced block height=24902 tx_total=0 successes=0
INFO  [Storage] Committing block #24903 with 0 transaction(s) (hash: 0xfc357fce34d783)
INFO  [Storage] Block #24903 serialized (257 bytes)
produced block height=24903 tx_total=0 successes=0
INFO  [Storage] Committing block #24904 with 0 transaction(s) (hash: 0x14606df718a0b8)
INFO  [Storage] Block #24904 serialized (257 bytes)
produced block height=24904 tx_total=0 successes=0
INFO  [Storage] Committing block #24905 with 0 transaction(s) (hash: 0xfd81c4e5f5293f)
INFO  [Storage] Block #24905 serialized (257 bytes)
produced block height=24905 tx_total=0 successes=0
INFO  [Storage] Committing block #24906 with 0 transaction(s) (hash: 0xcf1e17bf960864)
INFO  [Storage] Block #24906 serialized (257 bytes)
produced block height=24906 tx_total=0 successes=0
INFO  [Storage] Committing block #24907 with 0 transaction(s) (hash: 0xc9542e38bc9e74)
INFO  [Storage] Block #24907 serialized (257 bytes)
produced block height=24907 tx_total=0 successes=0
INFO  [Storage] Committing block #24908 with 0 transaction(s) (hash: 0xa24ed68e094c50)
INFO  [Storage] Block #24908 serialized (257 bytes)
produced block height=24908 tx_total=0 successes=0
INFO  [Storage] Committing block #24909 with 0 transaction(s) (hash: 0x747ceff3a5f1d9)
INFO  [Storage] Block #24909 serialized (257 bytes)
produced block height=24909 tx_total=0 successes=0
INFO  [Storage] Committing block #24910 with 0 transaction(s) (hash: 0x80001af13dfeb6)
INFO  [Storage] Block #24910 serialized (257 bytes)
produced block height=24910 tx_total=0 successes=0
INFO  [Storage] Committing block #24911 with 0 transaction(s) (hash: 0xb5b07a1fe0863f)
INFO  [Storage] Block #24911 serialized (257 bytes)
produced block height=24911 tx_total=0 successes=0
INFO  [Storage] Committing block #24912 with 0 transaction(s) (hash: 0x124905befd5ca2)
INFO  [Storage] Block #24912 serialized (257 bytes)
produced block height=24912 tx_total=0 successes=0
INFO  [Storage] Committing block #24913 with 0 transaction(s) (hash: 0xddcf0cc17292b1)
INFO  [Storage] Block #24913 serialized (257 bytes)
produced block height=24913 tx_total=0 successes=0
INFO  [Storage] Committing block #24914 with 0 transaction(s) (hash: 0x36413ee3caae33)
INFO  [Storage] Block #24914 serialized (257 bytes)
produced block height=24914 tx_total=0 successes=0
INFO  [Storage] Committing block #24915 with 0 transaction(s) (hash: 0x0f4c9d3941b260)
INFO  [Storage] Block #24915 serialized (257 bytes)
produced block height=24915 tx_total=0 successes=0
INFO  [Storage] Committing block #24916 with 0 transaction(s) (hash: 0xd0cacfef0433fe)
INFO  [Storage] Block #24916 serialized (257 bytes)
produced block height=24916 tx_total=0 successes=0
INFO  [Storage] Committing block #24917 with 0 transaction(s) (hash: 0x0766e44cedca04)
INFO  [Storage] Block #24917 serialized (257 bytes)
produced block height=24917 tx_total=0 successes=0
INFO  [Storage] Committing block #24918 with 0 transaction(s) (hash: 0x634baa28f044d7)
INFO  [Storage] Block #24918 serialized (257 bytes)
produced block height=24918 tx_total=0 successes=0
INFO  [Storage] Committing block #24919 with 0 transaction(s) (hash: 0x3cfd849291e1b0)
INFO  [Storage] Block #24919 serialized (257 bytes)
produced block height=24919 tx_total=0 successes=0
INFO  [Storage] Committing block #24920 with 0 transaction(s) (hash: 0x1c22045fad9fb8)
INFO  [Storage] Block #24920 serialized (257 bytes)
produced block height=24920 tx_total=0 successes=0
INFO  [Storage] Committing block #24921 with 0 transaction(s) (hash: 0x1ad8f802949a0f)
INFO  [Storage] Block #24921 serialized (257 bytes)
produced block height=24921 tx_total=0 successes=0
INFO  [Storage] Committing block #24922 with 0 transaction(s) (hash: 0x91e045f0abda9c)
INFO  [Storage] Block #24922 serialized (257 bytes)
produced block height=24922 tx_total=0 successes=0
INFO  [Storage] Committing block #24923 with 0 transaction(s) (hash: 0x733d2af80f6bf5)
INFO  [Storage] Block #24923 serialized (257 bytes)
produced block height=24923 tx_total=0 successes=0
INFO  [Storage] Committing block #24924 with 0 transaction(s) (hash: 0x7e76fe77dd6a41)
INFO  [Storage] Block #24924 serialized (257 bytes)
produced block height=24924 tx_total=0 successes=0
INFO  [Storage] Committing block #24925 with 0 transaction(s) (hash: 0xa377548aa5d3c0)
INFO  [Storage] Block #24925 serialized (257 bytes)
produced block height=24925 tx_total=0 successes=0
INFO  [Storage] Committing block #24926 with 0 transaction(s) (hash: 0xfa1739b4e68e56)
INFO  [Storage] Block #24926 serialized (257 bytes)
produced block height=24926 tx_total=0 successes=0
INFO  [Storage] Committing block #24927 with 0 transaction(s) (hash: 0x31001080c35121)
INFO  [Storage] Block #24927 serialized (257 bytes)
produced block height=24927 tx_total=0 successes=0
INFO  [Storage] Committing block #24928 with 0 transaction(s) (hash: 0xc6edceabe2d1c3)
INFO  [Storage] Block #24928 serialized (257 bytes)
produced block height=24928 tx_total=0 successes=0
INFO  [Storage] Committing block #24929 with 0 transaction(s) (hash: 0x52895c68710105)
INFO  [Storage] Block #24929 serialized (257 bytes)
produced block height=24929 tx_total=0 successes=0
INFO  [Storage] Committing block #24930 with 0 transaction(s) (hash: 0x0af7aef254cf13)
INFO  [Storage] Block #24930 serialized (257 bytes)
produced block height=24930 tx_total=0 successes=0
INFO  [Storage] Committing block #24931 with 0 transaction(s) (hash: 0xabf7e1a02ac75f)
INFO  [Storage] Block #24931 serialized (257 bytes)
produced block height=24931 tx_total=0 successes=0
INFO  [Storage] Committing block #24932 with 0 transaction(s) (hash: 0x01d02960c96b3d)
INFO  [Storage] Block #24932 serialized (257 bytes)
produced block height=24932 tx_total=0 successes=0
INFO  [Storage] Committing block #24933 with 0 transaction(s) (hash: 0x358d3c9dc5b6f8)
INFO  [Storage] Block #24933 serialized (257 bytes)
produced block height=24933 tx_total=0 successes=0
INFO  [Storage] Committing block #24934 with 0 transaction(s) (hash: 0x5c07a8cc1c5ac4)
INFO  [Storage] Block #24934 serialized (257 bytes)
produced block height=24934 tx_total=0 successes=0
INFO  [Storage] Committing block #24935 with 0 transaction(s) (hash: 0xa8645d8245a9a9)
INFO  [Storage] Block #24935 serialized (257 bytes)
produced block height=24935 tx_total=0 successes=0
INFO  [Storage] Committing block #24936 with 0 transaction(s) (hash: 0x46f3c149d8fe03)
INFO  [Storage] Block #24936 serialized (257 bytes)
produced block height=24936 tx_total=0 successes=0
INFO  [Storage] Committing block #24937 with 0 transaction(s) (hash: 0xbb5e9dc8e7d87c)
INFO  [Storage] Block #24937 serialized (257 bytes)
produced block height=24937 tx_total=0 successes=0
INFO  [Storage] Committing block #24938 with 0 transaction(s) (hash: 0x9e53f9601135f9)
INFO  [Storage] Block #24938 serialized (257 bytes)
produced block height=24938 tx_total=0 successes=0
INFO  [Storage] Committing block #24939 with 0 transaction(s) (hash: 0xb61e810be53511)
INFO  [Storage] Block #24939 serialized (257 bytes)
produced block height=24939 tx_total=0 successes=0
INFO  [Storage] Committing block #24940 with 0 transaction(s) (hash: 0xed076fc69bfb55)
INFO  [Storage] Block #24940 serialized (257 bytes)
produced block height=24940 tx_total=0 successes=0
INFO  [Storage] Committing block #24941 with 0 transaction(s) (hash: 0x5462ef7aa84d32)
INFO  [Storage] Block #24941 serialized (257 bytes)
produced block height=24941 tx_total=0 successes=0
INFO  [Storage] Committing block #24942 with 0 transaction(s) (hash: 0x91ea337eab911c)
INFO  [Storage] Block #24942 serialized (257 bytes)
produced block height=24942 tx_total=0 successes=0
INFO  [Storage] Committing block #24943 with 0 transaction(s) (hash: 0x74f745574286a1)
INFO  [Storage] Block #24943 serialized (257 bytes)
produced block height=24943 tx_total=0 successes=0
INFO  [Storage] Committing block #24944 with 0 transaction(s) (hash: 0x6cfcb1a6409b0e)
INFO  [Storage] Block #24944 serialized (257 bytes)
produced block height=24944 tx_total=0 successes=0
INFO  [Storage] Committing block #24945 with 0 transaction(s) (hash: 0x79a82a95389eed)
INFO  [Storage] Block #24945 serialized (257 bytes)
produced block height=24945 tx_total=0 successes=0
INFO  [Storage] Committing block #24946 with 0 transaction(s) (hash: 0x12268c1e4f97c5)
INFO  [Storage] Block #24946 serialized (257 bytes)
produced block height=24946 tx_total=0 successes=0
INFO  [Storage] Committing block #24947 with 0 transaction(s) (hash: 0xfae960efca68a4)
INFO  [Storage] Block #24947 serialized (257 bytes)
produced block height=24947 tx_total=0 successes=0
INFO  [Storage] Committing block #24948 with 0 transaction(s) (hash: 0xc141b950fdf973)
INFO  [Storage] Block #24948 serialized (257 bytes)
produced block height=24948 tx_total=0 successes=0
INFO  [Storage] Committing block #24949 with 0 transaction(s) (hash: 0xccf874da9e1bf0)
INFO  [Storage] Block #24949 serialized (257 bytes)
produced block height=24949 tx_total=0 successes=0
INFO  [Storage] Committing block #24950 with 0 transaction(s) (hash: 0xd5e167ecc16156)
INFO  [Storage] Block #24950 serialized (257 bytes)
produced block height=24950 tx_total=0 successes=0
INFO  [Storage] Committing block #24951 with 0 transaction(s) (hash: 0x465dc33a4cf559)
INFO  [Storage] Block #24951 serialized (257 bytes)
produced block height=24951 tx_total=0 successes=0
INFO  [Storage] Committing block #24952 with 0 transaction(s) (hash: 0xef157a434738f5)
INFO  [Storage] Block #24952 serialized (257 bytes)
produced block height=24952 tx_total=0 successes=0
INFO  [Storage] Committing block #24953 with 0 transaction(s) (hash: 0x28dbc3863c511f)
INFO  [Storage] Block #24953 serialized (257 bytes)
produced block height=24953 tx_total=0 successes=0
INFO  [Storage] Committing block #24954 with 0 transaction(s) (hash: 0x3b036c75222092)
INFO  [Storage] Block #24954 serialized (257 bytes)
produced block height=24954 tx_total=0 successes=0
INFO  [Storage] Committing block #24955 with 0 transaction(s) (hash: 0x5059a52038b9fb)
INFO  [Storage] Block #24955 serialized (257 bytes)
produced block height=24955 tx_total=0 successes=0
INFO  [Storage] Committing block #24956 with 0 transaction(s) (hash: 0x8892983e33c155)
INFO  [Storage] Block #24956 serialized (257 bytes)
produced block height=24956 tx_total=0 successes=0
INFO  [Storage] Committing block #24957 with 0 transaction(s) (hash: 0xddd8ef1a9d7107)
INFO  [Storage] Block #24957 serialized (257 bytes)
produced block height=24957 tx_total=0 successes=0
INFO  [Storage] Committing block #24958 with 0 transaction(s) (hash: 0x8e6154dcdf9292)
INFO  [Storage] Block #24958 serialized (257 bytes)
produced block height=24958 tx_total=0 successes=0
INFO  [Storage] Committing block #24959 with 0 transaction(s) (hash: 0x4b6bc605fd897a)
INFO  [Storage] Block #24959 serialized (257 bytes)
produced block height=24959 tx_total=0 successes=0
INFO  [Storage] Committing block #24960 with 0 transaction(s) (hash: 0xbe76dd8b7e7604)
INFO  [Storage] Block #24960 serialized (257 bytes)
produced block height=24960 tx_total=0 successes=0
INFO  [Storage] Committing block #24961 with 0 transaction(s) (hash: 0x03a7ffdc8b1b3e)
INFO  [Storage] Block #24961 serialized (257 bytes)
produced block height=24961 tx_total=0 successes=0
INFO  [Storage] Committing block #24962 with 0 transaction(s) (hash: 0x1ca0ba9a5f0d6b)
INFO  [Storage] Block #24962 serialized (257 bytes)
produced block height=24962 tx_total=0 successes=0
INFO  [Storage] Committing block #24963 with 0 transaction(s) (hash: 0x5843f5bb495efd)
INFO  [Storage] Block #24963 serialized (257 bytes)
produced block height=24963 tx_total=0 successes=0
INFO  [Storage] Committing block #24964 with 0 transaction(s) (hash: 0x3edd1e8d6ce49b)
INFO  [Storage] Block #24964 serialized (257 bytes)
produced block height=24964 tx_total=0 successes=0
INFO  [Storage] Committing block #24965 with 0 transaction(s) (hash: 0xe98073f171e863)
INFO  [Storage] Block #24965 serialized (257 bytes)
produced block height=24965 tx_total=0 successes=0
INFO  [Storage] Committing block #24966 with 0 transaction(s) (hash: 0x20ef41027fddf9)
INFO  [Storage] Block #24966 serialized (257 bytes)
produced block height=24966 tx_total=0 successes=0
INFO  [Storage] Committing block #24967 with 0 transaction(s) (hash: 0x7e1c12872f295e)
INFO  [Storage] Block #24967 serialized (257 bytes)
produced block height=24967 tx_total=0 successes=0
INFO  [Storage] Committing block #24968 with 0 transaction(s) (hash: 0x480f952a61c274)
INFO  [Storage] Block #24968 serialized (257 bytes)
produced block height=24968 tx_total=0 successes=0
INFO  [Storage] Committing block #24969 with 0 transaction(s) (hash: 0x5c8e029a348608)
INFO  [Storage] Block #24969 serialized (257 bytes)
produced block height=24969 tx_total=0 successes=0
INFO  [Storage] Committing block #24970 with 0 transaction(s) (hash: 0xc1ce0ec86c6220)
INFO  [Storage] Block #24970 serialized (257 bytes)
produced block height=24970 tx_total=0 successes=0
INFO  [Storage] Committing block #24971 with 0 transaction(s) (hash: 0x87401d798737f2)
INFO  [Storage] Block #24971 serialized (257 bytes)
produced block height=24971 tx_total=0 successes=0
INFO  [Storage] Committing block #24972 with 0 transaction(s) (hash: 0xf45f84c8e20045)
INFO  [Storage] Block #24972 serialized (257 bytes)
produced block height=24972 tx_total=0 successes=0
INFO  [Storage] Committing block #24973 with 0 transaction(s) (hash: 0xa9a3678888b33f)
INFO  [Storage] Block #24973 serialized (257 bytes)
produced block height=24973 tx_total=0 successes=0
INFO  [Storage] Committing block #24974 with 0 transaction(s) (hash: 0x172615a9ea3793)
INFO  [Storage] Block #24974 serialized (257 bytes)
produced block height=24974 tx_total=0 successes=0
INFO  [Storage] Committing block #24975 with 0 transaction(s) (hash: 0x293c9f75583f5a)
INFO  [Storage] Block #24975 serialized (257 bytes)
produced block height=24975 tx_total=0 successes=0
INFO  [Storage] Committing block #24976 with 0 transaction(s) (hash: 0x18f15ff28f0c9d)
INFO  [Storage] Block #24976 serialized (257 bytes)
produced block height=24976 tx_total=0 successes=0
INFO  [Storage] Committing block #24977 with 0 transaction(s) (hash: 0x4d7a4dc8014550)
INFO  [Storage] Block #24977 serialized (257 bytes)
produced block height=24977 tx_total=0 successes=0
INFO  [Storage] Committing block #24978 with 0 transaction(s) (hash: 0xcd873fea5dde3b)
INFO  [Storage] Block #24978 serialized (257 bytes)
produced block height=24978 tx_total=0 successes=0
INFO  [Storage] Committing block #24979 with 0 transaction(s) (hash: 0x00a11463a51bdf)
INFO  [Storage] Block #24979 serialized (257 bytes)
produced block height=24979 tx_total=0 successes=0
INFO  [Storage] Committing block #24980 with 0 transaction(s) (hash: 0x5b7c7fdc97f4c2)
INFO  [Storage] Block #24980 serialized (257 bytes)
produced block height=24980 tx_total=0 successes=0
INFO  [Storage] Committing block #24981 with 0 transaction(s) (hash: 0x5cbea86f845fcc)
INFO  [Storage] Block #24981 serialized (257 bytes)
produced block height=24981 tx_total=0 successes=0
INFO  [Storage] Committing block #24982 with 0 transaction(s) (hash: 0x40f7dfd9728fb2)
INFO  [Storage] Block #24982 serialized (257 bytes)
produced block height=24982 tx_total=0 successes=0
INFO  [Storage] Committing block #24983 with 0 transaction(s) (hash: 0x123e5905af6fc8)
INFO  [Storage] Block #24983 serialized (257 bytes)
produced block height=24983 tx_total=0 successes=0
INFO  [Storage] Committing block #24984 with 0 transaction(s) (hash: 0x1a03671432c89c)
INFO  [Storage] Block #24984 serialized (257 bytes)
produced block height=24984 tx_total=0 successes=0
INFO  [Storage] Committing block #24985 with 0 transaction(s) (hash: 0xff2aabedd95fa8)
INFO  [Storage] Block #24985 serialized (257 bytes)
produced block height=24985 tx_total=0 successes=0
INFO  [Storage] Committing block #24986 with 0 transaction(s) (hash: 0xb64be964b53c4c)
INFO  [Storage] Block #24986 serialized (257 bytes)
produced block height=24986 tx_total=0 successes=0
INFO  [Storage] Committing block #24987 with 0 transaction(s) (hash: 0x1e19a7b97010be)
INFO  [Storage] Block #24987 serialized (257 bytes)
produced block height=24987 tx_total=0 successes=0
INFO  [Storage] Committing block #24988 with 0 transaction(s) (hash: 0x796700ff981eba)
INFO  [Storage] Block #24988 serialized (257 bytes)
produced block height=24988 tx_total=0 successes=0
INFO  [Storage] Committing block #24989 with 0 transaction(s) (hash: 0xec39944aed3009)
INFO  [Storage] Block #24989 serialized (257 bytes)
produced block height=24989 tx_total=0 successes=0
INFO  [Storage] Committing block #24990 with 0 transaction(s) (hash: 0x918a446efa5e11)
INFO  [Storage] Block #24990 serialized (257 bytes)
produced block height=24990 tx_total=0 successes=0
INFO  [Storage] Committing block #24991 with 0 transaction(s) (hash: 0x0fe32eada1b799)
INFO  [Storage] Block #24991 serialized (257 bytes)
produced block height=24991 tx_total=0 successes=0
INFO  [Storage] Committing block #24992 with 0 transaction(s) (hash: 0x922cfc889cd9fe)
INFO  [Storage] Block #24992 serialized (257 bytes)
produced block height=24992 tx_total=0 successes=0
INFO  [Storage] Committing block #24993 with 0 transaction(s) (hash: 0x8dc59fb29e39ca)
INFO  [Storage] Block #24993 serialized (257 bytes)
produced block height=24993 tx_total=0 successes=0
INFO  [Storage] Committing block #24994 with 0 transaction(s) (hash: 0xabaa1c5804c57f)
INFO  [Storage] Block #24994 serialized (257 bytes)
produced block height=24994 tx_total=0 successes=0
INFO  [Storage] Committing block #24995 with 0 transaction(s) (hash: 0x5c9dae7259cfa8)
INFO  [Storage] Block #24995 serialized (257 bytes)
produced block height=24995 tx_total=0 successes=0
INFO  [Storage] Committing block #24996 with 0 transaction(s) (hash: 0x73f6c4f541d436)
INFO  [Storage] Block #24996 serialized (257 bytes)
produced block height=24996 tx_total=0 successes=0
INFO  [Storage] Committing block #24997 with 0 transaction(s) (hash: 0x23bb69c8b7f6fe)
INFO  [Storage] Block #24997 serialized (257 bytes)
produced block height=24997 tx_total=0 successes=0
INFO  [Storage] Committing block #24998 with 0 transaction(s) (hash: 0x06d027942bcc2f)
INFO  [Storage] Block #24998 serialized (257 bytes)
produced block height=24998 tx_total=0 successes=0
INFO  [Storage] Committing block #24999 with 0 transaction(s) (hash: 0x8bd8e1d42bdae3)
INFO  [Storage] Block #24999 serialized (257 bytes)
produced block height=24999 tx_total=0 successes=0
INFO  [Storage] Committing block #25000 with 0 transaction(s) (hash: 0xdfe7fbab71bd9d)
INFO  [Storage] Block #25000 serialized (257 bytes)
produced block height=25000 tx_total=0 successes=0
INFO  [Storage] Committing block #25001 with 0 transaction(s) (hash: 0x3b2a7e4e46e0ff)
INFO  [Storage] Block #25001 serialized (257 bytes)
produced block height=25001 tx_total=0 successes=0
INFO  [Storage] Committing block #25002 with 0 transaction(s) (hash: 0x73c2e8856c01f9)
INFO  [Storage] Block #25002 serialized (257 bytes)
produced block height=25002 tx_total=0 successes=0
INFO  [Storage] Committing block #25003 with 0 transaction(s) (hash: 0x87e4ae533b4378)
INFO  [Storage] Block #25003 serialized (257 bytes)
produced block height=25003 tx_total=0 successes=0
INFO  [Storage] Committing block #25004 with 0 transaction(s) (hash: 0xb8ec2379f0e57c)
INFO  [Storage] Block #25004 serialized (257 bytes)
produced block height=25004 tx_total=0 successes=0
INFO  [Storage] Committing block #25005 with 0 transaction(s) (hash: 0xba5b9075f37baf)
INFO  [Storage] Block #25005 serialized (257 bytes)
produced block height=25005 tx_total=0 successes=0
INFO  [Storage] Committing block #25006 with 0 transaction(s) (hash: 0xcd13956199e0dd)
INFO  [Storage] Block #25006 serialized (257 bytes)
produced block height=25006 tx_total=0 successes=0
INFO  [Storage] Committing block #25007 with 0 transaction(s) (hash: 0x8bf2ca8dbd8832)
INFO  [Storage] Block #25007 serialized (257 bytes)
produced block height=25007 tx_total=0 successes=0
INFO  [Storage] Committing block #25008 with 0 transaction(s) (hash: 0xe8475fc98409ce)
INFO  [Storage] Block #25008 serialized (257 bytes)
produced block height=25008 tx_total=0 successes=0
INFO  [Storage] Committing block #25009 with 0 transaction(s) (hash: 0x8f29da226c97ed)
INFO  [Storage] Block #25009 serialized (257 bytes)
produced block height=25009 tx_total=0 successes=0
INFO  [Storage] Committing block #25010 with 0 transaction(s) (hash: 0x97c49d0bd0ce1d)
INFO  [Storage] Block #25010 serialized (257 bytes)
produced block height=25010 tx_total=0 successes=0
INFO  [Storage] Committing block #25011 with 0 transaction(s) (hash: 0xe9579587c49555)
INFO  [Storage] Block #25011 serialized (257 bytes)
produced block height=25011 tx_total=0 successes=0
INFO  [Storage] Committing block #25012 with 0 transaction(s) (hash: 0xeb7a475b168d4e)
INFO  [Storage] Block #25012 serialized (257 bytes)
produced block height=25012 tx_total=0 successes=0
INFO  [Storage] Committing block #25013 with 0 transaction(s) (hash: 0xcd1863c36d513f)
INFO  [Storage] Block #25013 serialized (257 bytes)
produced block height=25013 tx_total=0 successes=0
INFO  [Storage] Committing block #25014 with 0 transaction(s) (hash: 0xca62f498bd1d47)
INFO  [Storage] Block #25014 serialized (257 bytes)
produced block height=25014 tx_total=0 successes=0
INFO  [Storage] Committing block #25015 with 0 transaction(s) (hash: 0x56748f29b473d5)
INFO  [Storage] Block #25015 serialized (257 bytes)
produced block height=25015 tx_total=0 successes=0
INFO  [Storage] Committing block #25016 with 0 transaction(s) (hash: 0x7d6e0e5e472ce8)
INFO  [Storage] Block #25016 serialized (257 bytes)
produced block height=25016 tx_total=0 successes=0
INFO  [Storage] Committing block #25017 with 0 transaction(s) (hash: 0xcd6dd349475761)
INFO  [Storage] Block #25017 serialized (257 bytes)
produced block height=25017 tx_total=0 successes=0
INFO  [Storage] Committing block #25018 with 0 transaction(s) (hash: 0xe3e49ec9eb09a6)
INFO  [Storage] Block #25018 serialized (257 bytes)
produced block height=25018 tx_total=0 successes=0
INFO  [Storage] Committing block #25019 with 0 transaction(s) (hash: 0x3b3dfe8be97dc1)
INFO  [Storage] Block #25019 serialized (257 bytes)
produced block height=25019 tx_total=0 successes=0
INFO  [Storage] Committing block #25020 with 0 transaction(s) (hash: 0xa1f67355450fa1)
INFO  [Storage] Block #25020 serialized (257 bytes)
produced block height=25020 tx_total=0 successes=0
INFO  [Storage] Committing block #25021 with 0 transaction(s) (hash: 0xa152b6598fe589)
INFO  [Storage] Block #25021 serialized (257 bytes)
produced block height=25021 tx_total=0 successes=0
INFO  [Storage] Committing block #25022 with 0 transaction(s) (hash: 0xe288d3aa765b9a)
INFO  [Storage] Block #25022 serialized (257 bytes)
produced block height=25022 tx_total=0 successes=0
INFO  [Storage] Committing block #25023 with 0 transaction(s) (hash: 0x91d3d563ade4eb)
INFO  [Storage] Block #25023 serialized (257 bytes)
produced block height=25023 tx_total=0 successes=0
INFO  [Storage] Committing block #25024 with 0 transaction(s) (hash: 0xeb6ca53234d72f)
INFO  [Storage] Block #25024 serialized (257 bytes)
produced block height=25024 tx_total=0 successes=0
INFO  [Storage] Committing block #25025 with 0 transaction(s) (hash: 0x777904874a8b94)
INFO  [Storage] Block #25025 serialized (257 bytes)
produced block height=25025 tx_total=0 successes=0
INFO  [Storage] Committing block #25026 with 0 transaction(s) (hash: 0xbaf4333f5fa44f)
INFO  [Storage] Block #25026 serialized (257 bytes)
produced block height=25026 tx_total=0 successes=0
INFO  [Storage] Committing block #25027 with 0 transaction(s) (hash: 0xf0c9484307cbc2)
INFO  [Storage] Block #25027 serialized (257 bytes)
produced block height=25027 tx_total=0 successes=0
INFO  [Storage] Committing block #25028 with 0 transaction(s) (hash: 0x86e4663e488c5b)
INFO  [Storage] Block #25028 serialized (257 bytes)
produced block height=25028 tx_total=0 successes=0
INFO  [Storage] Committing block #25029 with 0 transaction(s) (hash: 0xb411d040d9e8d6)
INFO  [Storage] Block #25029 serialized (257 bytes)
produced block height=25029 tx_total=0 successes=0
INFO  [Storage] Committing block #25030 with 0 transaction(s) (hash: 0x52a2a84ef5f15b)
INFO  [Storage] Block #25030 serialized (257 bytes)
produced block height=25030 tx_total=0 successes=0
INFO  [Storage] Committing block #25031 with 0 transaction(s) (hash: 0xfc0ea4d5fa67e2)
INFO  [Storage] Block #25031 serialized (257 bytes)
produced block height=25031 tx_total=0 successes=0
INFO  [Storage] Committing block #25032 with 0 transaction(s) (hash: 0xc82c6c78f8e5e6)
INFO  [Storage] Block #25032 serialized (257 bytes)
produced block height=25032 tx_total=0 successes=0
INFO  [Storage] Committing block #25033 with 0 transaction(s) (hash: 0x9e23c211a09416)
INFO  [Storage] Block #25033 serialized (257 bytes)
produced block height=25033 tx_total=0 successes=0
INFO  [Storage] Committing block #25034 with 0 transaction(s) (hash: 0x9176b35b0ad3ad)
INFO  [Storage] Block #25034 serialized (257 bytes)
produced block height=25034 tx_total=0 successes=0
INFO  [Storage] Committing block #25035 with 0 transaction(s) (hash: 0x9be12a8373ad7d)
INFO  [Storage] Block #25035 serialized (257 bytes)
produced block height=25035 tx_total=0 successes=0
INFO  [Storage] Committing block #25036 with 0 transaction(s) (hash: 0xa59c139d978b7f)
INFO  [Storage] Block #25036 serialized (257 bytes)
produced block height=25036 tx_total=0 successes=0
INFO  [Storage] Committing block #25037 with 0 transaction(s) (hash: 0xa078b51530a983)
INFO  [Storage] Block #25037 serialized (257 bytes)
produced block height=25037 tx_total=0 successes=0
INFO  [Storage] Committing block #25038 with 0 transaction(s) (hash: 0xea5e177b9ea5ba)
INFO  [Storage] Block #25038 serialized (257 bytes)
produced block height=25038 tx_total=0 successes=0
INFO  [Storage] Committing block #25039 with 0 transaction(s) (hash: 0x47b3aec12a4410)
INFO  [Storage] Block #25039 serialized (257 bytes)
produced block height=25039 tx_total=0 successes=0
INFO  [Storage] Committing block #25040 with 0 transaction(s) (hash: 0xc68279bb258241)
INFO  [Storage] Block #25040 serialized (257 bytes)
produced block height=25040 tx_total=0 successes=0
INFO  [Storage] Committing block #25041 with 0 transaction(s) (hash: 0x9b08a83973567b)
INFO  [Storage] Block #25041 serialized (257 bytes)
produced block height=25041 tx_total=0 successes=0
INFO  [Storage] Committing block #25042 with 0 transaction(s) (hash: 0x1aa08b7b7c6c27)
INFO  [Storage] Block #25042 serialized (257 bytes)
produced block height=25042 tx_total=0 successes=0
INFO  [Storage] Committing block #25043 with 0 transaction(s) (hash: 0x2aefdd5d31a001)
INFO  [Storage] Block #25043 serialized (257 bytes)
produced block height=25043 tx_total=0 successes=0
INFO  [Storage] Committing block #25044 with 0 transaction(s) (hash: 0x0d3156736ec87b)
INFO  [Storage] Block #25044 serialized (257 bytes)
produced block height=25044 tx_total=0 successes=0
INFO  [Storage] Committing block #25045 with 0 transaction(s) (hash: 0xb181957717ebe3)
INFO  [Storage] Block #25045 serialized (257 bytes)
produced block height=25045 tx_total=0 successes=0
INFO  [Storage] Committing block #25046 with 0 transaction(s) (hash: 0xb5749c60e47bbd)
INFO  [Storage] Block #25046 serialized (257 bytes)
produced block height=25046 tx_total=0 successes=0
INFO  [Storage] Committing block #25047 with 0 transaction(s) (hash: 0xf88313cc7e206d)
INFO  [Storage] Block #25047 serialized (257 bytes)
produced block height=25047 tx_total=0 successes=0
INFO  [Storage] Committing block #25048 with 0 transaction(s) (hash: 0xfb38544e3e036f)
INFO  [Storage] Block #25048 serialized (257 bytes)
produced block height=25048 tx_total=0 successes=0
INFO  [Storage] Committing block #25049 with 0 transaction(s) (hash: 0x17846bb97892f7)
INFO  [Storage] Block #25049 serialized (257 bytes)
produced block height=25049 tx_total=0 successes=0
INFO  [Storage] Committing block #25050 with 0 transaction(s) (hash: 0x80b4ef1dce201c)
INFO  [Storage] Block #25050 serialized (257 bytes)
produced block height=25050 tx_total=0 successes=0
INFO  [Storage] Committing block #25051 with 0 transaction(s) (hash: 0xb60de930ce7b3c)
INFO  [Storage] Block #25051 serialized (257 bytes)
produced block height=25051 tx_total=0 successes=0
INFO  [Storage] Committing block #25052 with 0 transaction(s) (hash: 0x28440be1cef893)
INFO  [Storage] Block #25052 serialized (257 bytes)
produced block height=25052 tx_total=0 successes=0
INFO  [Storage] Committing block #25053 with 0 transaction(s) (hash: 0x2d393a315a91ad)
INFO  [Storage] Block #25053 serialized (257 bytes)
produced block height=25053 tx_total=0 successes=0
INFO  [Storage] Committing block #25054 with 0 transaction(s) (hash: 0xac8ae393656dcf)
INFO  [Storage] Block #25054 serialized (257 bytes)
produced block height=25054 tx_total=0 successes=0
INFO  [Storage] Committing block #25055 with 0 transaction(s) (hash: 0x62c683822557dd)
INFO  [Storage] Block #25055 serialized (257 bytes)
produced block height=25055 tx_total=0 successes=0
INFO  [Storage] Committing block #25056 with 0 transaction(s) (hash: 0xb9c25816d4f7c7)
INFO  [Storage] Block #25056 serialized (257 bytes)
produced block height=25056 tx_total=0 successes=0
INFO  [Storage] Committing block #25057 with 0 transaction(s) (hash: 0x72ba479e0c105d)
INFO  [Storage] Block #25057 serialized (257 bytes)
produced block height=25057 tx_total=0 successes=0
INFO  [Storage] Committing block #25058 with 0 transaction(s) (hash: 0x1d2645a0dab4ff)
INFO  [Storage] Block #25058 serialized (257 bytes)
produced block height=25058 tx_total=0 successes=0
INFO  [Storage] Committing block #25059 with 0 transaction(s) (hash: 0xe1619f6b45564f)
INFO  [Storage] Block #25059 serialized (257 bytes)
produced block height=25059 tx_total=0 successes=0
INFO  [Storage] Committing block #25060 with 0 transaction(s) (hash: 0xa80be4b78c4cc4)
INFO  [Storage] Block #25060 serialized (257 bytes)
produced block height=25060 tx_total=0 successes=0
INFO  [Storage] Committing block #25061 with 0 transaction(s) (hash: 0x68354a6f148fa5)
INFO  [Storage] Block #25061 serialized (257 bytes)
produced block height=25061 tx_total=0 successes=0
INFO  [Storage] Committing block #25062 with 0 transaction(s) (hash: 0x581dc5c4af4538)
INFO  [Storage] Block #25062 serialized (257 bytes)
produced block height=25062 tx_total=0 successes=0
INFO  [Storage] Committing block #25063 with 0 transaction(s) (hash: 0xe8f322338fd3e3)
INFO  [Storage] Block #25063 serialized (257 bytes)
produced block height=25063 tx_total=0 successes=0
INFO  [Storage] Committing block #25064 with 0 transaction(s) (hash: 0xee18d768860d35)
INFO  [Storage] Block #25064 serialized (257 bytes)
produced block height=25064 tx_total=0 successes=0
INFO  [Storage] Committing block #25065 with 0 transaction(s) (hash: 0xd80161c63d032c)
INFO  [Storage] Block #25065 serialized (257 bytes)
produced block height=25065 tx_total=0 successes=0
INFO  [Storage] Committing block #25066 with 0 transaction(s) (hash: 0x61ea6476ec7141)
INFO  [Storage] Block #25066 serialized (257 bytes)
produced block height=25066 tx_total=0 successes=0
INFO  [Storage] Committing block #25067 with 0 transaction(s) (hash: 0x5dfde203e6462d)
INFO  [Storage] Block #25067 serialized (257 bytes)
produced block height=25067 tx_total=0 successes=0
INFO  [Storage] Committing block #25068 with 0 transaction(s) (hash: 0x410ba0c9dfcbde)
INFO  [Storage] Block #25068 serialized (257 bytes)
produced block height=25068 tx_total=0 successes=0
INFO  [Storage] Committing block #25069 with 0 transaction(s) (hash: 0x2e8ed295192090)
INFO  [Storage] Block #25069 serialized (257 bytes)
produced block height=25069 tx_total=0 successes=0
INFO  [Storage] Committing block #25070 with 0 transaction(s) (hash: 0x320afdce608728)
INFO  [Storage] Block #25070 serialized (257 bytes)
produced block height=25070 tx_total=0 successes=0
INFO  [Storage] Committing block #25071 with 0 transaction(s) (hash: 0x0f425fadb8f9a8)
INFO  [Storage] Block #25071 serialized (257 bytes)
produced block height=25071 tx_total=0 successes=0
INFO  [Storage] Committing block #25072 with 0 transaction(s) (hash: 0xdba4f32e32d64e)
INFO  [Storage] Block #25072 serialized (257 bytes)
produced block height=25072 tx_total=0 successes=0
INFO  [Storage] Committing block #25073 with 0 transaction(s) (hash: 0xbb15efed1e67bc)
INFO  [Storage] Block #25073 serialized (257 bytes)
produced block height=25073 tx_total=0 successes=0
INFO  [Storage] Committing block #25074 with 0 transaction(s) (hash: 0xe16c89747788b5)
INFO  [Storage] Block #25074 serialized (257 bytes)
produced block height=25074 tx_total=0 successes=0
INFO  [Storage] Committing block #25075 with 0 transaction(s) (hash: 0xee4b7a4bb31cff)
INFO  [Storage] Block #25075 serialized (257 bytes)
produced block height=25075 tx_total=0 successes=0
INFO  [Storage] Committing block #25076 with 0 transaction(s) (hash: 0x393bf033e83dec)
INFO  [Storage] Block #25076 serialized (257 bytes)
produced block height=25076 tx_total=0 successes=0
INFO  [Storage] Committing block #25077 with 0 transaction(s) (hash: 0x3e1f400cf5e356)
INFO  [Storage] Block #25077 serialized (257 bytes)
produced block height=25077 tx_total=0 successes=0
INFO  [Storage] Committing block #25078 with 0 transaction(s) (hash: 0xfa10b05366a78b)
INFO  [Storage] Block #25078 serialized (257 bytes)
produced block height=25078 tx_total=0 successes=0
INFO  [Storage] Committing block #25079 with 0 transaction(s) (hash: 0x0a2a0f45135b92)
INFO  [Storage] Block #25079 serialized (257 bytes)
produced block height=25079 tx_total=0 successes=0
INFO  [Storage] Committing block #25080 with 0 transaction(s) (hash: 0x8e6424760566f4)
INFO  [Storage] Block #25080 serialized (257 bytes)
produced block height=25080 tx_total=0 successes=0
INFO  [Storage] Committing block #25081 with 0 transaction(s) (hash: 0xafebfd259e0303)
INFO  [Storage] Block #25081 serialized (257 bytes)
produced block height=25081 tx_total=0 successes=0
INFO  [Storage] Committing block #25082 with 0 transaction(s) (hash: 0x0088f6009d5c86)
INFO  [Storage] Block #25082 serialized (257 bytes)
produced block height=25082 tx_total=0 successes=0
INFO  [Storage] Committing block #25083 with 0 transaction(s) (hash: 0x18db540712e082)
INFO  [Storage] Block #25083 serialized (257 bytes)
produced block height=25083 tx_total=0 successes=0
INFO  [Storage] Committing block #25084 with 0 transaction(s) (hash: 0x29b1a126004006)
INFO  [Storage] Block #25084 serialized (257 bytes)
produced block height=25084 tx_total=0 successes=0
INFO  [Storage] Committing block #25085 with 0 transaction(s) (hash: 0xe39d6cbfd81e62)
INFO  [Storage] Block #25085 serialized (257 bytes)
produced block height=25085 tx_total=0 successes=0
INFO  [Storage] Committing block #25086 with 0 transaction(s) (hash: 0x6735956a0414c5)
INFO  [Storage] Block #25086 serialized (257 bytes)
produced block height=25086 tx_total=0 successes=0
INFO  [Storage] Committing block #25087 with 0 transaction(s) (hash: 0x893b1b71fb55ec)
INFO  [Storage] Block #25087 serialized (257 bytes)
produced block height=25087 tx_total=0 successes=0
INFO  [Storage] Committing block #25088 with 0 transaction(s) (hash: 0xfe49bb152987a8)
INFO  [Storage] Block #25088 serialized (257 bytes)
produced block height=25088 tx_total=0 successes=0
INFO  [Storage] Committing block #25089 with 0 transaction(s) (hash: 0x70cdae585c65c9)
INFO  [Storage] Block #25089 serialized (257 bytes)
produced block height=25089 tx_total=0 successes=0
INFO  [Storage] Committing block #25090 with 0 transaction(s) (hash: 0x18f94b4007e545)
INFO  [Storage] Block #25090 serialized (257 bytes)
produced block height=25090 tx_total=0 successes=0
INFO  [Storage] Committing block #25091 with 0 transaction(s) (hash: 0x7fbfee2fd315e6)
INFO  [Storage] Block #25091 serialized (257 bytes)
produced block height=25091 tx_total=0 successes=0
INFO  [Storage] Committing block #25092 with 0 transaction(s) (hash: 0x18afffcbe9e84b)
INFO  [Storage] Block #25092 serialized (257 bytes)
produced block height=25092 tx_total=0 successes=0
INFO  [Storage] Committing block #25093 with 0 transaction(s) (hash: 0xf1d95a1deaf570)
INFO  [Storage] Block #25093 serialized (257 bytes)
produced block height=25093 tx_total=0 successes=0
INFO  [Storage] Committing block #25094 with 0 transaction(s) (hash: 0x689ee942883a6f)
INFO  [Storage] Block #25094 serialized (257 bytes)
produced block height=25094 tx_total=0 successes=0
INFO  [Storage] Committing block #25095 with 0 transaction(s) (hash: 0xdaf4d1955d0a6b)
INFO  [Storage] Block #25095 serialized (257 bytes)
produced block height=25095 tx_total=0 successes=0
INFO  [Storage] Committing block #25096 with 0 transaction(s) (hash: 0xf6590ce607f254)
INFO  [Storage] Block #25096 serialized (257 bytes)
produced block height=25096 tx_total=0 successes=0
INFO  [Storage] Committing block #25097 with 0 transaction(s) (hash: 0xb7f92434b3252a)
INFO  [Storage] Block #25097 serialized (257 bytes)
produced block height=25097 tx_total=0 successes=0
INFO  [Storage] Committing block #25098 with 0 transaction(s) (hash: 0x1f250a55a9a854)
INFO  [Storage] Block #25098 serialized (257 bytes)
produced block height=25098 tx_total=0 successes=0
INFO  [Storage] Committing block #25099 with 0 transaction(s) (hash: 0xd4d166aa751878)
INFO  [Storage] Block #25099 serialized (257 bytes)
produced block height=25099 tx_total=0 successes=0
INFO  [Storage] Committing block #25100 with 0 transaction(s) (hash: 0x421208136e4fd5)
INFO  [Storage] Block #25100 serialized (257 bytes)
produced block height=25100 tx_total=0 successes=0
INFO  [Storage] Committing block #25101 with 0 transaction(s) (hash: 0xb09d56df989cfb)
INFO  [Storage] Block #25101 serialized (257 bytes)
produced block height=25101 tx_total=0 successes=0
INFO  [Storage] Committing block #25102 with 0 transaction(s) (hash: 0xbc7cfe734d9b1c)
INFO  [Storage] Block #25102 serialized (257 bytes)
produced block height=25102 tx_total=0 successes=0
INFO  [Storage] Committing block #25103 with 0 transaction(s) (hash: 0xb4252b2325db66)
INFO  [Storage] Block #25103 serialized (257 bytes)
produced block height=25103 tx_total=0 successes=0
INFO  [Storage] Committing block #25104 with 0 transaction(s) (hash: 0x29c4a9a41eee9d)
INFO  [Storage] Block #25104 serialized (257 bytes)
produced block height=25104 tx_total=0 successes=0
INFO  [Storage] Committing block #25105 with 0 transaction(s) (hash: 0x4b346f9a619e40)
INFO  [Storage] Block #25105 serialized (257 bytes)
produced block height=25105 tx_total=0 successes=0
INFO  [Storage] Committing block #25106 with 0 transaction(s) (hash: 0xd668f68816cab4)
INFO  [Storage] Block #25106 serialized (257 bytes)
produced block height=25106 tx_total=0 successes=0
INFO  [Storage] Committing block #25107 with 0 transaction(s) (hash: 0x485b49985e7f8c)
INFO  [Storage] Block #25107 serialized (257 bytes)
produced block height=25107 tx_total=0 successes=0
INFO  [Storage] Committing block #25108 with 0 transaction(s) (hash: 0xe38e78005c9dab)
INFO  [Storage] Block #25108 serialized (257 bytes)
produced block height=25108 tx_total=0 successes=0
INFO  [Storage] Committing block #25109 with 0 transaction(s) (hash: 0x2c0aab06c46805)
INFO  [Storage] Block #25109 serialized (257 bytes)
produced block height=25109 tx_total=0 successes=0
INFO  [Storage] Committing block #25110 with 0 transaction(s) (hash: 0x868b264b5aa1b5)
INFO  [Storage] Block #25110 serialized (257 bytes)
produced block height=25110 tx_total=0 successes=0
INFO  [Storage] Committing block #25111 with 0 transaction(s) (hash: 0x01f70a958e2344)
INFO  [Storage] Block #25111 serialized (257 bytes)
produced block height=25111 tx_total=0 successes=0
INFO  [Storage] Committing block #25112 with 0 transaction(s) (hash: 0x8d1897cc5fa197)
INFO  [Storage] Block #25112 serialized (257 bytes)
produced block height=25112 tx_total=0 successes=0
INFO  [Storage] Committing block #25113 with 0 transaction(s) (hash: 0xf44e19883fc4d0)
INFO  [Storage] Block #25113 serialized (257 bytes)
produced block height=25113 tx_total=0 successes=0
INFO  [Storage] Committing block #25114 with 0 transaction(s) (hash: 0x909a3fa55a10ab)
INFO  [Storage] Block #25114 serialized (257 bytes)
produced block height=25114 tx_total=0 successes=0
INFO  [Storage] Committing block #25115 with 0 transaction(s) (hash: 0xde6aaf6103b0b9)
INFO  [Storage] Block #25115 serialized (257 bytes)
produced block height=25115 tx_total=0 successes=0
INFO  [Storage] Committing block #25116 with 0 transaction(s) (hash: 0x14a844d180b61e)
INFO  [Storage] Block #25116 serialized (257 bytes)
produced block height=25116 tx_total=0 successes=0
INFO  [Storage] Committing block #25117 with 0 transaction(s) (hash: 0xe16bcc102079bb)
INFO  [Storage] Block #25117 serialized (257 bytes)
produced block height=25117 tx_total=0 successes=0
INFO  [Storage] Committing block #25118 with 0 transaction(s) (hash: 0x6c9898377c0a7b)
INFO  [Storage] Block #25118 serialized (257 bytes)
produced block height=25118 tx_total=0 successes=0
INFO  [Storage] Committing block #25119 with 0 transaction(s) (hash: 0xc04d9c0ff0a529)
INFO  [Storage] Block #25119 serialized (257 bytes)
produced block height=25119 tx_total=0 successes=0
INFO  [Storage] Committing block #25120 with 0 transaction(s) (hash: 0x7b6a98d2c9c044)
INFO  [Storage] Block #25120 serialized (257 bytes)
produced block height=25120 tx_total=0 successes=0
INFO  [Storage] Committing block #25121 with 0 transaction(s) (hash: 0x13c5b26a6370a7)
INFO  [Storage] Block #25121 serialized (257 bytes)
produced block height=25121 tx_total=0 successes=0
INFO  [Storage] Committing block #25122 with 0 transaction(s) (hash: 0x96a408d0996e7a)
INFO  [Storage] Block #25122 serialized (257 bytes)
produced block height=25122 tx_total=0 successes=0
INFO  [Storage] Committing block #25123 with 0 transaction(s) (hash: 0xd00b10e1f800aa)
INFO  [Storage] Block #25123 serialized (257 bytes)
produced block height=25123 tx_total=0 successes=0
INFO  [Storage] Committing block #25124 with 0 transaction(s) (hash: 0x7f75f1f5e0fea9)
INFO  [Storage] Block #25124 serialized (257 bytes)
produced block height=25124 tx_total=0 successes=0
