   Compiling dytallix-contracts v0.1.0 (/Users/rickglenn/dytallix/smart-contracts)
   Compiling dytallix-node v0.1.0 (/Users/rickglenn/dytallix/blockchain-core)
   Compiling dytallix-lean-node v0.1.0 (/Users/rickglenn/dytallix/dytallix-lean-launch/node)
    Finished `dev` profile [unoptimized + debuginfo] target(s) in 18.77s
     Running `target/debug/dytallix-lean-node`
Secrets mode: Plain Keystore (dev) path=/Users/rickglenn/.dytallix/keystore — no passphrase required
Validator key loaded (64 bytes) via secure provider
Node listening on 0.0.0.0:3030
produced block height=32598 tx_total=0 successes=0
produced block height=32599 tx_total=0 successes=0
produced block height=32600 tx_total=0 successes=0
produced block height=32601 tx_total=0 successes=0
produced block height=32602 tx_total=0 successes=0
produced block height=32603 tx_total=0 successes=0
produced block height=32604 tx_total=0 successes=0
produced block height=32605 tx_total=0 successes=0
produced block height=32606 tx_total=0 successes=0
produced block height=32607 tx_total=0 successes=0
produced block height=32608 tx_total=0 successes=0
produced block height=32609 tx_total=0 successes=0
produced block height=32610 tx_total=0 successes=0
produced block height=32611 tx_total=0 successes=0
produced block height=32612 tx_total=0 successes=0
produced block height=32613 tx_total=0 successes=0
produced block height=32614 tx_total=0 successes=0
produced block height=32615 tx_total=0 successes=0
produced block height=32616 tx_total=0 successes=0
produced block height=32617 tx_total=0 successes=0
produced block height=32618 tx_total=0 successes=0
produced block height=32619 tx_total=0 successes=0
produced block height=32620 tx_total=0 successes=0
produced block height=32621 tx_total=0 successes=0
produced block height=32622 tx_total=0 successes=0
produced block height=32623 tx_total=0 successes=0
produced block height=32624 tx_total=0 successes=0
produced block height=32625 tx_total=0 successes=0
produced block height=32626 tx_total=0 successes=0
produced block height=32627 tx_total=0 successes=0
produced block height=32628 tx_total=0 successes=0
produced block height=32629 tx_total=0 successes=0
produced block height=32630 tx_total=0 successes=0
produced block height=32631 tx_total=0 successes=0
produced block height=32632 tx_total=0 successes=0
produced block height=32633 tx_total=0 successes=0
produced block height=32634 tx_total=0 successes=0
produced block height=32635 tx_total=0 successes=0
produced block height=32636 tx_total=0 successes=0
produced block height=32637 tx_total=0 successes=0
produced block height=32638 tx_total=0 successes=0
produced block height=32639 tx_total=0 successes=0
produced block height=32640 tx_total=0 successes=0
produced block height=32641 tx_total=0 successes=0
produced block height=32642 tx_total=0 successes=0
produced block height=32643 tx_total=0 successes=0
produced block height=32644 tx_total=0 successes=0
produced block height=32645 tx_total=0 successes=0
produced block height=32646 tx_total=0 successes=0
produced block height=32647 tx_total=0 successes=0
produced block height=32648 tx_total=0 successes=0
produced block height=32649 tx_total=0 successes=0
produced block height=32650 tx_total=0 successes=0
produced block height=32651 tx_total=0 successes=0
produced block height=32652 tx_total=0 successes=0
produced block height=32653 tx_total=0 successes=0
produced block height=32654 tx_total=0 successes=0
produced block height=32655 tx_total=0 successes=0
produced block height=32656 tx_total=0 successes=0
produced block height=32657 tx_total=0 successes=0
produced block height=32658 tx_total=0 successes=0
produced block height=32659 tx_total=0 successes=0
produced block height=32660 tx_total=0 successes=0
produced block height=32661 tx_total=0 successes=0
produced block height=32662 tx_total=0 successes=0
produced block height=32663 tx_total=0 successes=0
produced block height=32664 tx_total=0 successes=0
produced block height=32665 tx_total=0 successes=0
produced block height=32666 tx_total=0 successes=0
produced block height=32667 tx_total=0 successes=0
produced block height=32668 tx_total=0 successes=0
produced block height=32669 tx_total=0 successes=0
produced block height=32670 tx_total=0 successes=0
produced block height=32671 tx_total=0 successes=0
produced block height=32672 tx_total=0 successes=0
produced block height=32673 tx_total=0 successes=0
produced block height=32674 tx_total=0 successes=0
produced block height=32675 tx_total=0 successes=0
produced block height=32676 tx_total=0 successes=0
produced block height=32677 tx_total=0 successes=0
produced block height=32678 tx_total=0 successes=0
produced block height=32679 tx_total=0 successes=0
produced block height=32680 tx_total=0 successes=0
produced block height=32681 tx_total=0 successes=0
produced block height=32682 tx_total=0 successes=0
produced block height=32683 tx_total=0 successes=0
produced block height=32684 tx_total=0 successes=0
produced block height=32685 tx_total=0 successes=0
produced block height=32686 tx_total=0 successes=0
produced block height=32687 tx_total=0 successes=0
produced block height=32688 tx_total=0 successes=0
produced block height=32689 tx_total=0 successes=0
produced block height=32690 tx_total=0 successes=0
produced block height=32691 tx_total=0 successes=0
produced block height=32692 tx_total=0 successes=0
produced block height=32693 tx_total=0 successes=0
produced block height=32694 tx_total=0 successes=0
produced block height=32695 tx_total=0 successes=0
produced block height=32696 tx_total=0 successes=0
produced block height=32697 tx_total=0 successes=0
produced block height=32698 tx_total=0 successes=0
produced block height=32699 tx_total=0 successes=0
produced block height=32700 tx_total=0 successes=0
produced block height=32701 tx_total=0 successes=0
produced block height=32702 tx_total=0 successes=0
produced block height=32703 tx_total=0 successes=0
produced block height=32704 tx_total=0 successes=0
produced block height=32705 tx_total=0 successes=0
produced block height=32706 tx_total=0 successes=0
produced block height=32707 tx_total=0 successes=0
produced block height=32708 tx_total=0 successes=0
produced block height=32709 tx_total=0 successes=0
produced block height=32710 tx_total=0 successes=0
produced block height=32711 tx_total=0 successes=0
produced block height=32712 tx_total=0 successes=0
produced block height=32713 tx_total=0 successes=0
produced block height=32714 tx_total=0 successes=0
produced block height=32715 tx_total=0 successes=0
produced block height=32716 tx_total=0 successes=0
produced block height=32717 tx_total=0 successes=0
produced block height=32718 tx_total=0 successes=0
produced block height=32719 tx_total=0 successes=0
produced block height=32720 tx_total=0 successes=0
produced block height=32721 tx_total=0 successes=0
produced block height=32722 tx_total=0 successes=0
produced block height=32723 tx_total=0 successes=0
produced block height=32724 tx_total=0 successes=0
produced block height=32725 tx_total=0 successes=0
produced block height=32726 tx_total=0 successes=0
produced block height=32727 tx_total=0 successes=0
produced block height=32728 tx_total=0 successes=0
produced block height=32729 tx_total=0 successes=0
produced block height=32730 tx_total=0 successes=0
produced block height=32731 tx_total=0 successes=0
produced block height=32732 tx_total=0 successes=0
produced block height=32733 tx_total=0 successes=0
produced block height=32734 tx_total=0 successes=0
produced block height=32735 tx_total=0 successes=0
produced block height=32736 tx_total=0 successes=0
produced block height=32737 tx_total=0 successes=0
produced block height=32738 tx_total=0 successes=0
produced block height=32739 tx_total=0 successes=0
produced block height=32740 tx_total=0 successes=0
produced block height=32741 tx_total=0 successes=0
produced block height=32742 tx_total=0 successes=0
produced block height=32743 tx_total=0 successes=0
produced block height=32744 tx_total=0 successes=0
produced block height=32745 tx_total=0 successes=0
produced block height=32746 tx_total=0 successes=0
produced block height=32747 tx_total=0 successes=0
produced block height=32748 tx_total=0 successes=0
produced block height=32749 tx_total=0 successes=0
produced block height=32750 tx_total=0 successes=0
produced block height=32751 tx_total=0 successes=0
produced block height=32752 tx_total=0 successes=0
produced block height=32753 tx_total=0 successes=0
produced block height=32754 tx_total=0 successes=0
produced block height=32755 tx_total=0 successes=0
produced block height=32756 tx_total=0 successes=0
produced block height=32757 tx_total=0 successes=0
produced block height=32758 tx_total=0 successes=0
produced block height=32759 tx_total=0 successes=0
produced block height=32760 tx_total=0 successes=0
produced block height=32761 tx_total=0 successes=0
produced block height=32762 tx_total=0 successes=0
produced block height=32763 tx_total=0 successes=0
produced block height=32764 tx_total=0 successes=0
produced block height=32765 tx_total=0 successes=0
produced block height=32766 tx_total=0 successes=0
produced block height=32767 tx_total=0 successes=0
produced block height=32768 tx_total=0 successes=0
produced block height=32769 tx_total=0 successes=0
produced block height=32770 tx_total=0 successes=0
produced block height=32771 tx_total=0 successes=0
produced block height=32772 tx_total=0 successes=0
produced block height=32773 tx_total=0 successes=0
produced block height=32774 tx_total=0 successes=0
produced block height=32775 tx_total=0 successes=0
produced block height=32776 tx_total=0 successes=0
produced block height=32777 tx_total=0 successes=0
produced block height=32778 tx_total=0 successes=0
produced block height=32779 tx_total=0 successes=0
produced block height=32780 tx_total=0 successes=0
produced block height=32781 tx_total=0 successes=0
produced block height=32782 tx_total=0 successes=0
produced block height=32783 tx_total=0 successes=0
produced block height=32784 tx_total=0 successes=0
produced block height=32785 tx_total=0 successes=0
produced block height=32786 tx_total=0 successes=0
produced block height=32787 tx_total=0 successes=0
produced block height=32788 tx_total=0 successes=0
produced block height=32789 tx_total=0 successes=0
produced block height=32790 tx_total=0 successes=0
produced block height=32791 tx_total=0 successes=0
produced block height=32792 tx_total=0 successes=0
produced block height=32793 tx_total=0 successes=0
produced block height=32794 tx_total=0 successes=0
produced block height=32795 tx_total=0 successes=0
produced block height=32796 tx_total=0 successes=0
produced block height=32797 tx_total=0 successes=0
produced block height=32798 tx_total=0 successes=0
produced block height=32799 tx_total=0 successes=0
produced block height=32800 tx_total=0 successes=0
produced block height=32801 tx_total=0 successes=0
produced block height=32802 tx_total=0 successes=0
produced block height=32803 tx_total=0 successes=0
produced block height=32804 tx_total=0 successes=0
produced block height=32805 tx_total=0 successes=0
produced block height=32806 tx_total=0 successes=0
produced block height=32807 tx_total=0 successes=0
produced block height=32808 tx_total=0 successes=0
produced block height=32809 tx_total=0 successes=0
produced block height=32810 tx_total=0 successes=0
produced block height=32811 tx_total=0 successes=0
produced block height=32812 tx_total=0 successes=0
produced block height=32813 tx_total=0 successes=0
produced block height=32814 tx_total=0 successes=0
produced block height=32815 tx_total=0 successes=0
produced block height=32816 tx_total=0 successes=0
produced block height=32817 tx_total=0 successes=0
produced block height=32818 tx_total=0 successes=0
produced block height=32819 tx_total=0 successes=0
produced block height=32820 tx_total=0 successes=0
produced block height=32821 tx_total=0 successes=0
produced block height=32822 tx_total=0 successes=0
produced block height=32823 tx_total=0 successes=0
produced block height=32824 tx_total=0 successes=0
produced block height=32825 tx_total=0 successes=0
produced block height=32826 tx_total=0 successes=0
produced block height=32827 tx_total=0 successes=0
produced block height=32828 tx_total=0 successes=0
produced block height=32829 tx_total=0 successes=0
produced block height=32830 tx_total=0 successes=0
produced block height=32831 tx_total=0 successes=0
produced block height=32832 tx_total=0 successes=0
produced block height=32833 tx_total=0 successes=0
produced block height=32834 tx_total=0 successes=0
produced block height=32835 tx_total=0 successes=0
produced block height=32836 tx_total=0 successes=0
produced block height=32837 tx_total=0 successes=0
produced block height=32838 tx_total=0 successes=0
produced block height=32839 tx_total=0 successes=0
produced block height=32840 tx_total=0 successes=0
produced block height=32841 tx_total=0 successes=0
produced block height=32842 tx_total=0 successes=0
produced block height=32843 tx_total=0 successes=0
produced block height=32844 tx_total=0 successes=0
produced block height=32845 tx_total=0 successes=0
produced block height=32846 tx_total=0 successes=0
produced block height=32847 tx_total=0 successes=0
produced block height=32848 tx_total=0 successes=0
produced block height=32849 tx_total=0 successes=0
produced block height=32850 tx_total=0 successes=0
produced block height=32851 tx_total=0 successes=0
produced block height=32852 tx_total=0 successes=0
produced block height=32853 tx_total=0 successes=0
produced block height=32854 tx_total=0 successes=0
produced block height=32855 tx_total=0 successes=0
produced block height=32856 tx_total=0 successes=0
produced block height=32857 tx_total=0 successes=0
produced block height=32858 tx_total=0 successes=0
produced block height=32859 tx_total=0 successes=0
produced block height=32860 tx_total=0 successes=0
produced block height=32861 tx_total=0 successes=0
produced block height=32862 tx_total=0 successes=0
produced block height=32863 tx_total=0 successes=0
produced block height=32864 tx_total=0 successes=0
produced block height=32865 tx_total=0 successes=0
produced block height=32866 tx_total=0 successes=0
produced block height=32867 tx_total=0 successes=0
produced block height=32868 tx_total=0 successes=0
produced block height=32869 tx_total=0 successes=0
produced block height=32870 tx_total=0 successes=0
produced block height=32871 tx_total=0 successes=0
produced block height=32872 tx_total=0 successes=0
produced block height=32873 tx_total=0 successes=0
produced block height=32874 tx_total=0 successes=0
produced block height=32875 tx_total=0 successes=0
produced block height=32876 tx_total=0 successes=0
produced block height=32877 tx_total=0 successes=0
produced block height=32878 tx_total=0 successes=0
produced block height=32879 tx_total=0 successes=0
produced block height=32880 tx_total=0 successes=0
produced block height=32881 tx_total=0 successes=0
produced block height=32882 tx_total=0 successes=0
produced block height=32883 tx_total=0 successes=0
produced block height=32884 tx_total=0 successes=0
produced block height=32885 tx_total=0 successes=0
produced block height=32886 tx_total=0 successes=0
produced block height=32887 tx_total=0 successes=0
produced block height=32888 tx_total=0 successes=0
produced block height=32889 tx_total=0 successes=0
produced block height=32890 tx_total=0 successes=0
produced block height=32891 tx_total=0 successes=0
produced block height=32892 tx_total=0 successes=0
produced block height=32893 tx_total=0 successes=0
produced block height=32894 tx_total=0 successes=0
produced block height=32895 tx_total=0 successes=0
produced block height=32896 tx_total=0 successes=0
produced block height=32897 tx_total=0 successes=0
produced block height=32898 tx_total=0 successes=0
produced block height=32899 tx_total=0 successes=0
produced block height=32900 tx_total=0 successes=0
produced block height=32901 tx_total=0 successes=0
produced block height=32902 tx_total=0 successes=0
produced block height=32903 tx_total=0 successes=0
produced block height=32904 tx_total=0 successes=0
produced block height=32905 tx_total=0 successes=0
produced block height=32906 tx_total=0 successes=0
produced block height=32907 tx_total=0 successes=0
produced block height=32908 tx_total=0 successes=0
produced block height=32909 tx_total=0 successes=0
produced block height=32910 tx_total=0 successes=0
produced block height=32911 tx_total=0 successes=0
produced block height=32912 tx_total=0 successes=0
produced block height=32913 tx_total=0 successes=0
produced block height=32914 tx_total=0 successes=0
produced block height=32915 tx_total=0 successes=0
produced block height=32916 tx_total=0 successes=0
produced block height=32917 tx_total=0 successes=0
produced block height=32918 tx_total=0 successes=0
produced block height=32919 tx_total=0 successes=0
produced block height=32920 tx_total=0 successes=0
produced block height=32921 tx_total=0 successes=0
produced block height=32922 tx_total=0 successes=0
produced block height=32923 tx_total=0 successes=0
produced block height=32924 tx_total=0 successes=0
produced block height=32925 tx_total=0 successes=0
produced block height=32926 tx_total=0 successes=0
produced block height=32927 tx_total=0 successes=0
produced block height=32928 tx_total=0 successes=0
produced block height=32929 tx_total=0 successes=0
produced block height=32930 tx_total=0 successes=0
produced block height=32931 tx_total=0 successes=0
produced block height=32932 tx_total=0 successes=0
produced block height=32933 tx_total=0 successes=0
produced block height=32934 tx_total=0 successes=0
produced block height=32935 tx_total=0 successes=0
produced block height=32936 tx_total=0 successes=0
produced block height=32937 tx_total=0 successes=0
produced block height=32938 tx_total=0 successes=0
produced block height=32939 tx_total=0 successes=0
produced block height=32940 tx_total=0 successes=0
produced block height=32941 tx_total=0 successes=0
produced block height=32942 tx_total=0 successes=0
produced block height=32943 tx_total=0 successes=0
produced block height=32944 tx_total=0 successes=0
produced block height=32945 tx_total=0 successes=0
produced block height=32946 tx_total=0 successes=0
produced block height=32947 tx_total=0 successes=0
produced block height=32948 tx_total=0 successes=0
produced block height=32949 tx_total=0 successes=0
produced block height=32950 tx_total=0 successes=0
produced block height=32951 tx_total=0 successes=0
produced block height=32952 tx_total=0 successes=0
produced block height=32953 tx_total=0 successes=0
produced block height=32954 tx_total=0 successes=0
produced block height=32955 tx_total=0 successes=0
produced block height=32956 tx_total=0 successes=0
produced block height=32957 tx_total=0 successes=0
produced block height=32958 tx_total=0 successes=0
produced block height=32959 tx_total=0 successes=0
produced block height=32960 tx_total=0 successes=0
produced block height=32961 tx_total=0 successes=0
produced block height=32962 tx_total=0 successes=0
produced block height=32963 tx_total=0 successes=0
produced block height=32964 tx_total=0 successes=0
produced block height=32965 tx_total=0 successes=0
produced block height=32966 tx_total=0 successes=0
produced block height=32967 tx_total=0 successes=0
produced block height=32968 tx_total=0 successes=0
produced block height=32969 tx_total=0 successes=0
produced block height=32970 tx_total=0 successes=0
produced block height=32971 tx_total=0 successes=0
produced block height=32972 tx_total=0 successes=0
produced block height=32973 tx_total=0 successes=0
produced block height=32974 tx_total=0 successes=0
produced block height=32975 tx_total=0 successes=0
produced block height=32976 tx_total=0 successes=0
produced block height=32977 tx_total=0 successes=0
produced block height=32978 tx_total=0 successes=0
produced block height=32979 tx_total=0 successes=0
produced block height=32980 tx_total=0 successes=0
produced block height=32981 tx_total=0 successes=0
produced block height=32982 tx_total=0 successes=0
produced block height=32983 tx_total=0 successes=0
produced block height=32984 tx_total=0 successes=0
produced block height=32985 tx_total=0 successes=0
produced block height=32986 tx_total=0 successes=0
produced block height=32987 tx_total=0 successes=0
produced block height=32988 tx_total=0 successes=0
produced block height=32989 tx_total=0 successes=0
produced block height=32990 tx_total=0 successes=0
produced block height=32991 tx_total=0 successes=0
produced block height=32992 tx_total=0 successes=0
produced block height=32993 tx_total=0 successes=0
produced block height=32994 tx_total=0 successes=0
produced block height=32995 tx_total=0 successes=0
produced block height=32996 tx_total=0 successes=0
produced block height=32997 tx_total=0 successes=0
produced block height=32998 tx_total=0 successes=0
produced block height=32999 tx_total=0 successes=0
produced block height=33000 tx_total=0 successes=0
produced block height=33001 tx_total=0 successes=0
produced block height=33002 tx_total=0 successes=0
produced block height=33003 tx_total=0 successes=0
produced block height=33004 tx_total=0 successes=0
produced block height=33005 tx_total=0 successes=0
produced block height=33006 tx_total=0 successes=0
produced block height=33007 tx_total=0 successes=0
produced block height=33008 tx_total=0 successes=0
produced block height=33009 tx_total=0 successes=0
produced block height=33010 tx_total=0 successes=0
produced block height=33011 tx_total=0 successes=0
produced block height=33012 tx_total=0 successes=0
produced block height=33013 tx_total=0 successes=0
produced block height=33014 tx_total=0 successes=0
produced block height=33015 tx_total=0 successes=0
produced block height=33016 tx_total=0 successes=0
produced block height=33017 tx_total=0 successes=0
produced block height=33018 tx_total=0 successes=0
produced block height=33019 tx_total=0 successes=0
produced block height=33020 tx_total=0 successes=0
produced block height=33021 tx_total=0 successes=0
produced block height=33022 tx_total=0 successes=0
produced block height=33023 tx_total=0 successes=0
produced block height=33024 tx_total=0 successes=0
produced block height=33025 tx_total=0 successes=0
produced block height=33026 tx_total=0 successes=0
produced block height=33027 tx_total=0 successes=0
produced block height=33028 tx_total=0 successes=0
produced block height=33029 tx_total=0 successes=0
produced block height=33030 tx_total=0 successes=0
produced block height=33031 tx_total=0 successes=0
produced block height=33032 tx_total=0 successes=0
produced block height=33033 tx_total=0 successes=0
produced block height=33034 tx_total=0 successes=0
produced block height=33035 tx_total=0 successes=0
produced block height=33036 tx_total=0 successes=0
produced block height=33037 tx_total=0 successes=0
produced block height=33038 tx_total=0 successes=0
produced block height=33039 tx_total=0 successes=0
produced block height=33040 tx_total=0 successes=0
produced block height=33041 tx_total=0 successes=0
produced block height=33042 tx_total=0 successes=0
produced block height=33043 tx_total=0 successes=0
produced block height=33044 tx_total=0 successes=0
produced block height=33045 tx_total=0 successes=0
produced block height=33046 tx_total=0 successes=0
produced block height=33047 tx_total=0 successes=0
produced block height=33048 tx_total=0 successes=0
produced block height=33049 tx_total=0 successes=0
produced block height=33050 tx_total=0 successes=0
produced block height=33051 tx_total=0 successes=0
produced block height=33052 tx_total=0 successes=0
produced block height=33053 tx_total=0 successes=0
produced block height=33054 tx_total=0 successes=0
produced block height=33055 tx_total=0 successes=0
produced block height=33056 tx_total=0 successes=0
produced block height=33057 tx_total=0 successes=0
produced block height=33058 tx_total=0 successes=0
produced block height=33059 tx_total=0 successes=0
produced block height=33060 tx_total=0 successes=0
produced block height=33061 tx_total=0 successes=0
produced block height=33062 tx_total=0 successes=0
produced block height=33063 tx_total=0 successes=0
produced block height=33064 tx_total=0 successes=0
produced block height=33065 tx_total=0 successes=0
produced block height=33066 tx_total=0 successes=0
produced block height=33067 tx_total=0 successes=0
produced block height=33068 tx_total=0 successes=0
produced block height=33069 tx_total=0 successes=0
produced block height=33070 tx_total=0 successes=0
produced block height=33071 tx_total=0 successes=0
produced block height=33072 tx_total=0 successes=0
produced block height=33073 tx_total=0 successes=0
produced block height=33074 tx_total=0 successes=0
produced block height=33075 tx_total=0 successes=0
produced block height=33076 tx_total=0 successes=0
produced block height=33077 tx_total=0 successes=0
produced block height=33078 tx_total=0 successes=0
produced block height=33079 tx_total=0 successes=0
produced block height=33080 tx_total=0 successes=0
produced block height=33081 tx_total=0 successes=0
produced block height=33082 tx_total=0 successes=0
produced block height=33083 tx_total=0 successes=0
produced block height=33084 tx_total=0 successes=0
produced block height=33085 tx_total=0 successes=0
produced block height=33086 tx_total=0 successes=0
produced block height=33087 tx_total=0 successes=0
produced block height=33088 tx_total=0 successes=0
produced block height=33089 tx_total=0 successes=0
produced block height=33090 tx_total=0 successes=0
produced block height=33091 tx_total=0 successes=0
produced block height=33092 tx_total=0 successes=0
produced block height=33093 tx_total=0 successes=0
produced block height=33094 tx_total=0 successes=0
produced block height=33095 tx_total=0 successes=0
produced block height=33096 tx_total=0 successes=0
produced block height=33097 tx_total=0 successes=0
produced block height=33098 tx_total=0 successes=0
produced block height=33099 tx_total=0 successes=0
produced block height=33100 tx_total=0 successes=0
produced block height=33101 tx_total=0 successes=0
produced block height=33102 tx_total=0 successes=0
produced block height=33103 tx_total=0 successes=0
produced block height=33104 tx_total=0 successes=0
produced block height=33105 tx_total=0 successes=0
produced block height=33106 tx_total=0 successes=0
produced block height=33107 tx_total=0 successes=0
produced block height=33108 tx_total=0 successes=0
produced block height=33109 tx_total=0 successes=0
produced block height=33110 tx_total=0 successes=0
produced block height=33111 tx_total=0 successes=0
produced block height=33112 tx_total=0 successes=0
produced block height=33113 tx_total=0 successes=0
produced block height=33114 tx_total=0 successes=0
produced block height=33115 tx_total=0 successes=0
produced block height=33116 tx_total=0 successes=0
produced block height=33117 tx_total=0 successes=0
produced block height=33118 tx_total=0 successes=0
produced block height=33119 tx_total=0 successes=0
produced block height=33120 tx_total=0 successes=0
produced block height=33121 tx_total=0 successes=0
produced block height=33122 tx_total=0 successes=0
produced block height=33123 tx_total=0 successes=0
produced block height=33124 tx_total=0 successes=0
produced block height=33125 tx_total=0 successes=0
produced block height=33126 tx_total=0 successes=0
produced block height=33127 tx_total=0 successes=0
produced block height=33128 tx_total=0 successes=0
produced block height=33129 tx_total=0 successes=0
produced block height=33130 tx_total=0 successes=0
produced block height=33131 tx_total=0 successes=0
produced block height=33132 tx_total=0 successes=0
produced block height=33133 tx_total=0 successes=0
produced block height=33134 tx_total=0 successes=0
produced block height=33135 tx_total=0 successes=0
produced block height=33136 tx_total=0 successes=0
produced block height=33137 tx_total=0 successes=0
produced block height=33138 tx_total=0 successes=0
produced block height=33139 tx_total=0 successes=0
produced block height=33140 tx_total=0 successes=0
produced block height=33141 tx_total=0 successes=0
produced block height=33142 tx_total=0 successes=0
produced block height=33143 tx_total=0 successes=0
produced block height=33144 tx_total=0 successes=0
produced block height=33145 tx_total=0 successes=0
produced block height=33146 tx_total=0 successes=0
produced block height=33147 tx_total=0 successes=0
produced block height=33148 tx_total=0 successes=0
produced block height=33149 tx_total=0 successes=0
produced block height=33150 tx_total=0 successes=0
produced block height=33151 tx_total=0 successes=0
produced block height=33152 tx_total=0 successes=0
produced block height=33153 tx_total=0 successes=0
produced block height=33154 tx_total=0 successes=0
produced block height=33155 tx_total=0 successes=0
produced block height=33156 tx_total=0 successes=0
produced block height=33157 tx_total=0 successes=0
produced block height=33158 tx_total=0 successes=0
produced block height=33159 tx_total=0 successes=0
produced block height=33160 tx_total=0 successes=0
produced block height=33161 tx_total=0 successes=0
produced block height=33162 tx_total=0 successes=0
produced block height=33163 tx_total=0 successes=0
produced block height=33164 tx_total=0 successes=0
produced block height=33165 tx_total=0 successes=0
produced block height=33166 tx_total=0 successes=0
produced block height=33167 tx_total=0 successes=0
produced block height=33168 tx_total=0 successes=0
produced block height=33169 tx_total=0 successes=0
produced block height=33170 tx_total=0 successes=0
produced block height=33171 tx_total=0 successes=0
produced block height=33172 tx_total=0 successes=0
produced block height=33173 tx_total=0 successes=0
produced block height=33174 tx_total=0 successes=0
produced block height=33175 tx_total=0 successes=0
produced block height=33176 tx_total=0 successes=0
produced block height=33177 tx_total=0 successes=0
produced block height=33178 tx_total=0 successes=0
produced block height=33179 tx_total=0 successes=0
produced block height=33180 tx_total=0 successes=0
produced block height=33181 tx_total=0 successes=0
produced block height=33182 tx_total=0 successes=0
produced block height=33183 tx_total=0 successes=0
produced block height=33184 tx_total=0 successes=0
produced block height=33185 tx_total=0 successes=0
produced block height=33186 tx_total=0 successes=0
produced block height=33187 tx_total=0 successes=0
produced block height=33188 tx_total=0 successes=0
produced block height=33189 tx_total=0 successes=0
produced block height=33190 tx_total=0 successes=0
produced block height=33191 tx_total=0 successes=0
produced block height=33192 tx_total=0 successes=0
produced block height=33193 tx_total=0 successes=0
produced block height=33194 tx_total=0 successes=0
produced block height=33195 tx_total=0 successes=0
produced block height=33196 tx_total=0 successes=0
produced block height=33197 tx_total=0 successes=0
produced block height=33198 tx_total=0 successes=0
produced block height=33199 tx_total=0 successes=0
produced block height=33200 tx_total=0 successes=0
produced block height=33201 tx_total=0 successes=0
produced block height=33202 tx_total=0 successes=0
produced block height=33203 tx_total=0 successes=0
produced block height=33204 tx_total=0 successes=0
produced block height=33205 tx_total=0 successes=0
produced block height=33206 tx_total=0 successes=0
produced block height=33207 tx_total=0 successes=0
produced block height=33208 tx_total=0 successes=0
produced block height=33209 tx_total=0 successes=0
produced block height=33210 tx_total=0 successes=0
produced block height=33211 tx_total=0 successes=0
produced block height=33212 tx_total=0 successes=0
produced block height=33213 tx_total=0 successes=0
produced block height=33214 tx_total=0 successes=0
produced block height=33215 tx_total=0 successes=0
produced block height=33216 tx_total=0 successes=0
produced block height=33217 tx_total=0 successes=0
produced block height=33218 tx_total=0 successes=0
produced block height=33219 tx_total=0 successes=0
produced block height=33220 tx_total=0 successes=0
produced block height=33221 tx_total=0 successes=0
produced block height=33222 tx_total=0 successes=0
produced block height=33223 tx_total=0 successes=0
produced block height=33224 tx_total=0 successes=0
produced block height=33225 tx_total=0 successes=0
produced block height=33226 tx_total=0 successes=0
produced block height=33227 tx_total=0 successes=0
produced block height=33228 tx_total=0 successes=0
produced block height=33229 tx_total=0 successes=0
produced block height=33230 tx_total=0 successes=0
produced block height=33231 tx_total=0 successes=0
produced block height=33232 tx_total=0 successes=0
produced block height=33233 tx_total=0 successes=0
produced block height=33234 tx_total=0 successes=0
produced block height=33235 tx_total=0 successes=0
produced block height=33236 tx_total=0 successes=0
produced block height=33237 tx_total=0 successes=0
produced block height=33238 tx_total=0 successes=0
produced block height=33239 tx_total=0 successes=0
produced block height=33240 tx_total=0 successes=0
produced block height=33241 tx_total=0 successes=0
produced block height=33242 tx_total=0 successes=0
produced block height=33243 tx_total=0 successes=0
produced block height=33244 tx_total=0 successes=0
produced block height=33245 tx_total=0 successes=0
produced block height=33246 tx_total=0 successes=0
produced block height=33247 tx_total=0 successes=0
produced block height=33248 tx_total=0 successes=0
produced block height=33249 tx_total=0 successes=0
produced block height=33250 tx_total=0 successes=0
produced block height=33251 tx_total=0 successes=0
produced block height=33252 tx_total=0 successes=0
produced block height=33253 tx_total=0 successes=0
produced block height=33254 tx_total=0 successes=0
produced block height=33255 tx_total=0 successes=0
produced block height=33256 tx_total=0 successes=0
produced block height=33257 tx_total=0 successes=0
produced block height=33258 tx_total=0 successes=0
produced block height=33259 tx_total=0 successes=0
produced block height=33260 tx_total=0 successes=0
produced block height=33261 tx_total=0 successes=0
produced block height=33262 tx_total=0 successes=0
produced block height=33263 tx_total=0 successes=0
produced block height=33264 tx_total=0 successes=0
produced block height=33265 tx_total=0 successes=0
produced block height=33266 tx_total=0 successes=0
produced block height=33267 tx_total=0 successes=0
produced block height=33268 tx_total=0 successes=0
produced block height=33269 tx_total=0 successes=0
produced block height=33270 tx_total=0 successes=0
produced block height=33271 tx_total=0 successes=0
produced block height=33272 tx_total=0 successes=0
produced block height=33273 tx_total=0 successes=0
produced block height=33274 tx_total=0 successes=0
produced block height=33275 tx_total=0 successes=0
produced block height=33276 tx_total=0 successes=0
produced block height=33277 tx_total=0 successes=0
produced block height=33278 tx_total=0 successes=0
produced block height=33279 tx_total=0 successes=0
produced block height=33280 tx_total=0 successes=0
produced block height=33281 tx_total=0 successes=0
produced block height=33282 tx_total=0 successes=0
produced block height=33283 tx_total=0 successes=0
produced block height=33284 tx_total=0 successes=0
produced block height=33285 tx_total=0 successes=0
produced block height=33286 tx_total=0 successes=0
produced block height=33287 tx_total=0 successes=0
produced block height=33288 tx_total=0 successes=0
produced block height=33289 tx_total=0 successes=0
produced block height=33290 tx_total=0 successes=0
produced block height=33291 tx_total=0 successes=0
produced block height=33292 tx_total=0 successes=0
produced block height=33293 tx_total=0 successes=0
produced block height=33294 tx_total=0 successes=0
produced block height=33295 tx_total=0 successes=0
produced block height=33296 tx_total=0 successes=0
produced block height=33297 tx_total=0 successes=0
produced block height=33298 tx_total=0 successes=0
produced block height=33299 tx_total=0 successes=0
produced block height=33300 tx_total=0 successes=0
produced block height=33301 tx_total=0 successes=0
produced block height=33302 tx_total=0 successes=0
produced block height=33303 tx_total=0 successes=0
produced block height=33304 tx_total=0 successes=0
produced block height=33305 tx_total=0 successes=0
produced block height=33306 tx_total=0 successes=0
produced block height=33307 tx_total=0 successes=0
produced block height=33308 tx_total=0 successes=0
produced block height=33309 tx_total=0 successes=0
produced block height=33310 tx_total=0 successes=0
produced block height=33311 tx_total=0 successes=0
produced block height=33312 tx_total=0 successes=0
produced block height=33313 tx_total=0 successes=0
produced block height=33314 tx_total=0 successes=0
produced block height=33315 tx_total=0 successes=0
produced block height=33316 tx_total=0 successes=0
produced block height=33317 tx_total=0 successes=0
produced block height=33318 tx_total=0 successes=0
produced block height=33319 tx_total=0 successes=0
produced block height=33320 tx_total=0 successes=0
produced block height=33321 tx_total=0 successes=0
produced block height=33322 tx_total=0 successes=0
produced block height=33323 tx_total=0 successes=0
produced block height=33324 tx_total=0 successes=0
produced block height=33325 tx_total=0 successes=0
produced block height=33326 tx_total=0 successes=0
produced block height=33327 tx_total=0 successes=0
produced block height=33328 tx_total=0 successes=0
produced block height=33329 tx_total=0 successes=0
produced block height=33330 tx_total=0 successes=0
produced block height=33331 tx_total=0 successes=0
produced block height=33332 tx_total=0 successes=0
produced block height=33333 tx_total=0 successes=0
produced block height=33334 tx_total=0 successes=0
produced block height=33335 tx_total=0 successes=0
produced block height=33336 tx_total=0 successes=0
produced block height=33337 tx_total=0 successes=0
produced block height=33338 tx_total=0 successes=0
produced block height=33339 tx_total=0 successes=0
produced block height=33340 tx_total=0 successes=0
produced block height=33341 tx_total=0 successes=0
produced block height=33342 tx_total=0 successes=0
produced block height=33343 tx_total=0 successes=0
produced block height=33344 tx_total=0 successes=0
produced block height=33345 tx_total=0 successes=0
produced block height=33346 tx_total=0 successes=0
produced block height=33347 tx_total=0 successes=0
produced block height=33348 tx_total=0 successes=0
produced block height=33349 tx_total=0 successes=0
produced block height=33350 tx_total=0 successes=0
produced block height=33351 tx_total=0 successes=0
produced block height=33352 tx_total=0 successes=0
produced block height=33353 tx_total=0 successes=0
produced block height=33354 tx_total=0 successes=0
produced block height=33355 tx_total=0 successes=0
produced block height=33356 tx_total=0 successes=0
produced block height=33357 tx_total=0 successes=0
produced block height=33358 tx_total=0 successes=0
produced block height=33359 tx_total=0 successes=0
produced block height=33360 tx_total=0 successes=0
produced block height=33361 tx_total=0 successes=0
produced block height=33362 tx_total=0 successes=0
produced block height=33363 tx_total=0 successes=0
produced block height=33364 tx_total=0 successes=0
produced block height=33365 tx_total=0 successes=0
produced block height=33366 tx_total=0 successes=0
produced block height=33367 tx_total=0 successes=0
produced block height=33368 tx_total=0 successes=0
produced block height=33369 tx_total=0 successes=0
produced block height=33370 tx_total=0 successes=0
produced block height=33371 tx_total=0 successes=0
produced block height=33372 tx_total=0 successes=0
produced block height=33373 tx_total=0 successes=0
produced block height=33374 tx_total=0 successes=0
produced block height=33375 tx_total=0 successes=0
produced block height=33376 tx_total=0 successes=0
produced block height=33377 tx_total=0 successes=0
produced block height=33378 tx_total=0 successes=0
produced block height=33379 tx_total=0 successes=0
produced block height=33380 tx_total=0 successes=0
produced block height=33381 tx_total=0 successes=0
produced block height=33382 tx_total=0 successes=0
produced block height=33383 tx_total=0 successes=0
produced block height=33384 tx_total=0 successes=0
produced block height=33385 tx_total=0 successes=0
produced block height=33386 tx_total=0 successes=0
produced block height=33387 tx_total=0 successes=0
produced block height=33388 tx_total=0 successes=0
produced block height=33389 tx_total=0 successes=0
produced block height=33390 tx_total=0 successes=0
produced block height=33391 tx_total=0 successes=0
produced block height=33392 tx_total=0 successes=0
produced block height=33393 tx_total=0 successes=0
produced block height=33394 tx_total=0 successes=0
produced block height=33395 tx_total=0 successes=0
produced block height=33396 tx_total=0 successes=0
produced block height=33397 tx_total=0 successes=0
produced block height=33398 tx_total=0 successes=0
produced block height=33399 tx_total=0 successes=0
produced block height=33400 tx_total=0 successes=0
produced block height=33401 tx_total=0 successes=0
produced block height=33402 tx_total=0 successes=0
produced block height=33403 tx_total=0 successes=0
produced block height=33404 tx_total=0 successes=0
produced block height=33405 tx_total=0 successes=0
produced block height=33406 tx_total=0 successes=0
produced block height=33407 tx_total=0 successes=0
produced block height=33408 tx_total=0 successes=0
produced block height=33409 tx_total=0 successes=0
produced block height=33410 tx_total=0 successes=0
produced block height=33411 tx_total=0 successes=0
produced block height=33412 tx_total=0 successes=0
produced block height=33413 tx_total=0 successes=0
produced block height=33414 tx_total=0 successes=0
produced block height=33415 tx_total=0 successes=0
produced block height=33416 tx_total=0 successes=0
produced block height=33417 tx_total=0 successes=0
produced block height=33418 tx_total=0 successes=0
produced block height=33419 tx_total=0 successes=0
produced block height=33420 tx_total=0 successes=0
produced block height=33421 tx_total=0 successes=0
produced block height=33422 tx_total=0 successes=0
produced block height=33423 tx_total=0 successes=0
produced block height=33424 tx_total=0 successes=0
produced block height=33425 tx_total=0 successes=0
produced block height=33426 tx_total=0 successes=0
produced block height=33427 tx_total=0 successes=0
produced block height=33428 tx_total=0 successes=0
produced block height=33429 tx_total=0 successes=0
produced block height=33430 tx_total=0 successes=0
produced block height=33431 tx_total=0 successes=0
produced block height=33432 tx_total=0 successes=0
produced block height=33433 tx_total=0 successes=0
produced block height=33434 tx_total=0 successes=0
produced block height=33435 tx_total=0 successes=0
produced block height=33436 tx_total=0 successes=0
produced block height=33437 tx_total=0 successes=0
produced block height=33438 tx_total=0 successes=0
produced block height=33439 tx_total=0 successes=0
produced block height=33440 tx_total=0 successes=0
produced block height=33441 tx_total=0 successes=0
produced block height=33442 tx_total=0 successes=0
produced block height=33443 tx_total=0 successes=0
produced block height=33444 tx_total=0 successes=0
produced block height=33445 tx_total=0 successes=0
produced block height=33446 tx_total=0 successes=0
produced block height=33447 tx_total=0 successes=0
produced block height=33448 tx_total=0 successes=0
produced block height=33449 tx_total=0 successes=0
produced block height=33450 tx_total=0 successes=0
produced block height=33451 tx_total=0 successes=0
produced block height=33452 tx_total=0 successes=0
produced block height=33453 tx_total=0 successes=0
produced block height=33454 tx_total=0 successes=0
produced block height=33455 tx_total=0 successes=0
produced block height=33456 tx_total=0 successes=0
produced block height=33457 tx_total=0 successes=0
produced block height=33458 tx_total=0 successes=0
produced block height=33459 tx_total=0 successes=0
produced block height=33460 tx_total=0 successes=0
produced block height=33461 tx_total=0 successes=0
produced block height=33462 tx_total=0 successes=0
produced block height=33463 tx_total=0 successes=0
produced block height=33464 tx_total=0 successes=0
produced block height=33465 tx_total=0 successes=0
produced block height=33466 tx_total=0 successes=0
produced block height=33467 tx_total=0 successes=0
produced block height=33468 tx_total=0 successes=0
produced block height=33469 tx_total=0 successes=0
produced block height=33470 tx_total=0 successes=0
produced block height=33471 tx_total=0 successes=0
produced block height=33472 tx_total=0 successes=0
produced block height=33473 tx_total=0 successes=0
produced block height=33474 tx_total=0 successes=0
produced block height=33475 tx_total=0 successes=0
produced block height=33476 tx_total=0 successes=0
produced block height=33477 tx_total=0 successes=0
produced block height=33478 tx_total=0 successes=0
produced block height=33479 tx_total=0 successes=0
produced block height=33480 tx_total=0 successes=0
produced block height=33481 tx_total=0 successes=0
produced block height=33482 tx_total=0 successes=0
produced block height=33483 tx_total=0 successes=0
produced block height=33484 tx_total=0 successes=0
produced block height=33485 tx_total=0 successes=0
produced block height=33486 tx_total=0 successes=0
produced block height=33487 tx_total=0 successes=0
produced block height=33488 tx_total=0 successes=0
produced block height=33489 tx_total=0 successes=0
produced block height=33490 tx_total=0 successes=0
produced block height=33491 tx_total=0 successes=0
produced block height=33492 tx_total=0 successes=0
produced block height=33493 tx_total=0 successes=0
produced block height=33494 tx_total=0 successes=0
produced block height=33495 tx_total=0 successes=0
produced block height=33496 tx_total=0 successes=0
produced block height=33497 tx_total=0 successes=0
produced block height=33498 tx_total=0 successes=0
produced block height=33499 tx_total=0 successes=0
produced block height=33500 tx_total=0 successes=0
produced block height=33501 tx_total=0 successes=0
produced block height=33502 tx_total=0 successes=0
produced block height=33503 tx_total=0 successes=0
produced block height=33504 tx_total=0 successes=0
produced block height=33505 tx_total=0 successes=0
produced block height=33506 tx_total=0 successes=0
produced block height=33507 tx_total=0 successes=0
produced block height=33508 tx_total=0 successes=0
produced block height=33509 tx_total=0 successes=0
produced block height=33510 tx_total=0 successes=0
produced block height=33511 tx_total=0 successes=0
produced block height=33512 tx_total=0 successes=0
produced block height=33513 tx_total=0 successes=0
produced block height=33514 tx_total=0 successes=0
produced block height=33515 tx_total=0 successes=0
produced block height=33516 tx_total=0 successes=0
produced block height=33517 tx_total=0 successes=0
produced block height=33518 tx_total=0 successes=0
produced block height=33519 tx_total=0 successes=0
produced block height=33520 tx_total=0 successes=0
produced block height=33521 tx_total=0 successes=0
produced block height=33522 tx_total=0 successes=0
produced block height=33523 tx_total=0 successes=0
produced block height=33524 tx_total=0 successes=0
produced block height=33525 tx_total=0 successes=0
produced block height=33526 tx_total=0 successes=0
produced block height=33527 tx_total=0 successes=0
produced block height=33528 tx_total=0 successes=0
produced block height=33529 tx_total=0 successes=0
produced block height=33530 tx_total=0 successes=0
produced block height=33531 tx_total=0 successes=0
produced block height=33532 tx_total=0 successes=0
produced block height=33533 tx_total=0 successes=0
produced block height=33534 tx_total=0 successes=0
produced block height=33535 tx_total=0 successes=0
produced block height=33536 tx_total=0 successes=0
produced block height=33537 tx_total=0 successes=0
produced block height=33538 tx_total=0 successes=0
produced block height=33539 tx_total=0 successes=0
produced block height=33540 tx_total=0 successes=0
produced block height=33541 tx_total=0 successes=0
produced block height=33542 tx_total=0 successes=0
produced block height=33543 tx_total=0 successes=0
produced block height=33544 tx_total=0 successes=0
produced block height=33545 tx_total=0 successes=0
produced block height=33546 tx_total=0 successes=0
produced block height=33547 tx_total=0 successes=0
produced block height=33548 tx_total=0 successes=0
produced block height=33549 tx_total=0 successes=0
produced block height=33550 tx_total=0 successes=0
produced block height=33551 tx_total=0 successes=0
produced block height=33552 tx_total=0 successes=0
produced block height=33553 tx_total=0 successes=0
produced block height=33554 tx_total=0 successes=0
produced block height=33555 tx_total=0 successes=0
produced block height=33556 tx_total=0 successes=0
produced block height=33557 tx_total=0 successes=0
produced block height=33558 tx_total=0 successes=0
produced block height=33559 tx_total=0 successes=0
produced block height=33560 tx_total=0 successes=0
produced block height=33561 tx_total=0 successes=0
produced block height=33562 tx_total=0 successes=0
produced block height=33563 tx_total=0 successes=0
produced block height=33564 tx_total=0 successes=0
produced block height=33565 tx_total=0 successes=0
produced block height=33566 tx_total=0 successes=0
produced block height=33567 tx_total=0 successes=0
produced block height=33568 tx_total=0 successes=0
produced block height=33569 tx_total=0 successes=0
produced block height=33570 tx_total=0 successes=0
produced block height=33571 tx_total=0 successes=0
produced block height=33572 tx_total=0 successes=0
produced block height=33573 tx_total=0 successes=0
produced block height=33574 tx_total=0 successes=0
produced block height=33575 tx_total=0 successes=0
produced block height=33576 tx_total=0 successes=0
produced block height=33577 tx_total=0 successes=0
produced block height=33578 tx_total=0 successes=0
produced block height=33579 tx_total=0 successes=0
produced block height=33580 tx_total=0 successes=0
produced block height=33581 tx_total=0 successes=0
produced block height=33582 tx_total=0 successes=0
produced block height=33583 tx_total=0 successes=0
produced block height=33584 tx_total=0 successes=0
produced block height=33585 tx_total=0 successes=0
produced block height=33586 tx_total=0 successes=0
produced block height=33587 tx_total=0 successes=0
produced block height=33588 tx_total=0 successes=0
produced block height=33589 tx_total=0 successes=0
produced block height=33590 tx_total=0 successes=0
produced block height=33591 tx_total=0 successes=0
produced block height=33592 tx_total=0 successes=0
produced block height=33593 tx_total=0 successes=0
produced block height=33594 tx_total=0 successes=0
produced block height=33595 tx_total=0 successes=0
produced block height=33596 tx_total=0 successes=0
produced block height=33597 tx_total=0 successes=0
produced block height=33598 tx_total=0 successes=0
produced block height=33599 tx_total=0 successes=0
produced block height=33600 tx_total=0 successes=0
produced block height=33601 tx_total=0 successes=0
produced block height=33602 tx_total=0 successes=0
produced block height=33603 tx_total=0 successes=0
produced block height=33604 tx_total=0 successes=0
produced block height=33605 tx_total=0 successes=0
produced block height=33606 tx_total=0 successes=0
produced block height=33607 tx_total=0 successes=0
produced block height=33608 tx_total=0 successes=0
produced block height=33609 tx_total=0 successes=0
produced block height=33610 tx_total=0 successes=0
produced block height=33611 tx_total=0 successes=0
produced block height=33612 tx_total=0 successes=0
produced block height=33613 tx_total=0 successes=0
produced block height=33614 tx_total=0 successes=0
produced block height=33615 tx_total=0 successes=0
produced block height=33616 tx_total=0 successes=0
produced block height=33617 tx_total=0 successes=0
produced block height=33618 tx_total=0 successes=0
produced block height=33619 tx_total=0 successes=0
produced block height=33620 tx_total=0 successes=0
produced block height=33621 tx_total=0 successes=0
produced block height=33622 tx_total=0 successes=0
produced block height=33623 tx_total=0 successes=0
produced block height=33624 tx_total=0 successes=0
produced block height=33625 tx_total=0 successes=0
produced block height=33626 tx_total=0 successes=0
produced block height=33627 tx_total=0 successes=0
produced block height=33628 tx_total=0 successes=0
produced block height=33629 tx_total=0 successes=0
produced block height=33630 tx_total=0 successes=0
produced block height=33631 tx_total=0 successes=0
produced block height=33632 tx_total=0 successes=0
produced block height=33633 tx_total=0 successes=0
produced block height=33634 tx_total=0 successes=0
produced block height=33635 tx_total=0 successes=0
produced block height=33636 tx_total=0 successes=0
produced block height=33637 tx_total=0 successes=0
produced block height=33638 tx_total=0 successes=0
produced block height=33639 tx_total=0 successes=0
produced block height=33640 tx_total=0 successes=0
produced block height=33641 tx_total=0 successes=0
produced block height=33642 tx_total=0 successes=0
produced block height=33643 tx_total=0 successes=0
produced block height=33644 tx_total=0 successes=0
produced block height=33645 tx_total=0 successes=0
produced block height=33646 tx_total=0 successes=0
produced block height=33647 tx_total=0 successes=0
produced block height=33648 tx_total=0 successes=0
produced block height=33649 tx_total=0 successes=0
produced block height=33650 tx_total=0 successes=0
produced block height=33651 tx_total=0 successes=0
produced block height=33652 tx_total=0 successes=0
produced block height=33653 tx_total=0 successes=0
produced block height=33654 tx_total=0 successes=0
produced block height=33655 tx_total=0 successes=0
produced block height=33656 tx_total=0 successes=0
produced block height=33657 tx_total=0 successes=0
produced block height=33658 tx_total=0 successes=0
produced block height=33659 tx_total=0 successes=0
produced block height=33660 tx_total=0 successes=0
produced block height=33661 tx_total=0 successes=0
produced block height=33662 tx_total=0 successes=0
produced block height=33663 tx_total=0 successes=0
produced block height=33664 tx_total=0 successes=0
produced block height=33665 tx_total=0 successes=0
produced block height=33666 tx_total=0 successes=0
produced block height=33667 tx_total=0 successes=0
produced block height=33668 tx_total=0 successes=0
produced block height=33669 tx_total=0 successes=0
produced block height=33670 tx_total=0 successes=0
produced block height=33671 tx_total=0 successes=0
produced block height=33672 tx_total=0 successes=0
produced block height=33673 tx_total=0 successes=0
produced block height=33674 tx_total=0 successes=0
produced block height=33675 tx_total=0 successes=0
produced block height=33676 tx_total=0 successes=0
produced block height=33677 tx_total=0 successes=0
produced block height=33678 tx_total=0 successes=0
produced block height=33679 tx_total=0 successes=0
produced block height=33680 tx_total=0 successes=0
produced block height=33681 tx_total=0 successes=0
produced block height=33682 tx_total=0 successes=0
produced block height=33683 tx_total=0 successes=0
produced block height=33684 tx_total=0 successes=0
produced block height=33685 tx_total=0 successes=0
produced block height=33686 tx_total=0 successes=0
produced block height=33687 tx_total=0 successes=0
produced block height=33688 tx_total=0 successes=0
produced block height=33689 tx_total=0 successes=0
produced block height=33690 tx_total=0 successes=0
produced block height=33691 tx_total=0 successes=0
produced block height=33692 tx_total=0 successes=0
produced block height=33693 tx_total=0 successes=0
produced block height=33694 tx_total=0 successes=0
produced block height=33695 tx_total=0 successes=0
produced block height=33696 tx_total=0 successes=0
produced block height=33697 tx_total=0 successes=0
produced block height=33698 tx_total=0 successes=0
produced block height=33699 tx_total=0 successes=0
produced block height=33700 tx_total=0 successes=0
produced block height=33701 tx_total=0 successes=0
produced block height=33702 tx_total=0 successes=0
produced block height=33703 tx_total=0 successes=0
produced block height=33704 tx_total=0 successes=0
produced block height=33705 tx_total=0 successes=0
produced block height=33706 tx_total=0 successes=0
produced block height=33707 tx_total=0 successes=0
produced block height=33708 tx_total=0 successes=0
produced block height=33709 tx_total=0 successes=0
produced block height=33710 tx_total=0 successes=0
produced block height=33711 tx_total=0 successes=0
produced block height=33712 tx_total=0 successes=0
produced block height=33713 tx_total=0 successes=0
produced block height=33714 tx_total=0 successes=0
produced block height=33715 tx_total=0 successes=0
produced block height=33716 tx_total=0 successes=0
produced block height=33717 tx_total=0 successes=0
produced block height=33718 tx_total=0 successes=0
produced block height=33719 tx_total=0 successes=0
produced block height=33720 tx_total=0 successes=0
produced block height=33721 tx_total=0 successes=0
produced block height=33722 tx_total=0 successes=0
produced block height=33723 tx_total=0 successes=0
produced block height=33724 tx_total=0 successes=0
produced block height=33725 tx_total=0 successes=0
produced block height=33726 tx_total=0 successes=0
produced block height=33727 tx_total=0 successes=0
produced block height=33728 tx_total=0 successes=0
produced block height=33729 tx_total=0 successes=0
produced block height=33730 tx_total=0 successes=0
produced block height=33731 tx_total=0 successes=0
produced block height=33732 tx_total=0 successes=0
produced block height=33733 tx_total=0 successes=0
produced block height=33734 tx_total=0 successes=0
produced block height=33735 tx_total=0 successes=0
produced block height=33736 tx_total=0 successes=0
produced block height=33737 tx_total=0 successes=0
produced block height=33738 tx_total=0 successes=0
produced block height=33739 tx_total=0 successes=0
produced block height=33740 tx_total=0 successes=0
produced block height=33741 tx_total=0 successes=0
produced block height=33742 tx_total=0 successes=0
produced block height=33743 tx_total=0 successes=0
produced block height=33744 tx_total=0 successes=0
produced block height=33745 tx_total=0 successes=0
produced block height=33746 tx_total=0 successes=0
produced block height=33747 tx_total=0 successes=0
produced block height=33748 tx_total=0 successes=0
produced block height=33749 tx_total=0 successes=0
produced block height=33750 tx_total=0 successes=0
produced block height=33751 tx_total=0 successes=0
produced block height=33752 tx_total=0 successes=0
produced block height=33753 tx_total=0 successes=0
produced block height=33754 tx_total=0 successes=0
produced block height=33755 tx_total=0 successes=0
produced block height=33756 tx_total=0 successes=0
produced block height=33757 tx_total=0 successes=0
produced block height=33758 tx_total=0 successes=0
produced block height=33759 tx_total=0 successes=0
produced block height=33760 tx_total=0 successes=0
produced block height=33761 tx_total=0 successes=0
produced block height=33762 tx_total=0 successes=0
produced block height=33763 tx_total=0 successes=0
produced block height=33764 tx_total=0 successes=0
produced block height=33765 tx_total=0 successes=0
produced block height=33766 tx_total=0 successes=0
produced block height=33767 tx_total=0 successes=0
produced block height=33768 tx_total=0 successes=0
produced block height=33769 tx_total=0 successes=0
produced block height=33770 tx_total=0 successes=0
produced block height=33771 tx_total=0 successes=0
produced block height=33772 tx_total=0 successes=0
produced block height=33773 tx_total=0 successes=0
produced block height=33774 tx_total=0 successes=0
produced block height=33775 tx_total=0 successes=0
produced block height=33776 tx_total=0 successes=0
produced block height=33777 tx_total=0 successes=0
produced block height=33778 tx_total=0 successes=0
produced block height=33779 tx_total=0 successes=0
produced block height=33780 tx_total=0 successes=0
produced block height=33781 tx_total=0 successes=0
produced block height=33782 tx_total=0 successes=0
produced block height=33783 tx_total=0 successes=0
produced block height=33784 tx_total=0 successes=0
produced block height=33785 tx_total=0 successes=0
produced block height=33786 tx_total=0 successes=0
produced block height=33787 tx_total=0 successes=0
produced block height=33788 tx_total=0 successes=0
produced block height=33789 tx_total=0 successes=0
produced block height=33790 tx_total=0 successes=0
produced block height=33791 tx_total=0 successes=0
produced block height=33792 tx_total=0 successes=0
produced block height=33793 tx_total=0 successes=0
produced block height=33794 tx_total=0 successes=0
produced block height=33795 tx_total=0 successes=0
produced block height=33796 tx_total=0 successes=0
produced block height=33797 tx_total=0 successes=0
produced block height=33798 tx_total=0 successes=0
produced block height=33799 tx_total=0 successes=0
produced block height=33800 tx_total=0 successes=0
produced block height=33801 tx_total=0 successes=0
produced block height=33802 tx_total=0 successes=0
produced block height=33803 tx_total=0 successes=0
produced block height=33804 tx_total=0 successes=0
produced block height=33805 tx_total=0 successes=0
produced block height=33806 tx_total=0 successes=0
produced block height=33807 tx_total=0 successes=0
produced block height=33808 tx_total=0 successes=0
produced block height=33809 tx_total=0 successes=0
produced block height=33810 tx_total=0 successes=0
produced block height=33811 tx_total=0 successes=0
produced block height=33812 tx_total=0 successes=0
produced block height=33813 tx_total=0 successes=0
produced block height=33814 tx_total=0 successes=0
produced block height=33815 tx_total=0 successes=0
produced block height=33816 tx_total=0 successes=0
produced block height=33817 tx_total=0 successes=0
produced block height=33818 tx_total=0 successes=0
produced block height=33819 tx_total=0 successes=0
produced block height=33820 tx_total=0 successes=0
produced block height=33821 tx_total=0 successes=0
produced block height=33822 tx_total=0 successes=0
produced block height=33823 tx_total=0 successes=0
produced block height=33824 tx_total=0 successes=0
produced block height=33825 tx_total=0 successes=0
produced block height=33826 tx_total=0 successes=0
produced block height=33827 tx_total=0 successes=0
produced block height=33828 tx_total=0 successes=0
produced block height=33829 tx_total=0 successes=0
produced block height=33830 tx_total=0 successes=0
produced block height=33831 tx_total=0 successes=0
produced block height=33832 tx_total=0 successes=0
produced block height=33833 tx_total=0 successes=0
produced block height=33834 tx_total=0 successes=0
produced block height=33835 tx_total=0 successes=0
produced block height=33836 tx_total=0 successes=0
produced block height=33837 tx_total=0 successes=0
produced block height=33838 tx_total=0 successes=0
produced block height=33839 tx_total=0 successes=0
produced block height=33840 tx_total=0 successes=0
produced block height=33841 tx_total=0 successes=0
produced block height=33842 tx_total=0 successes=0
produced block height=33843 tx_total=0 successes=0
produced block height=33844 tx_total=0 successes=0
produced block height=33845 tx_total=0 successes=0
produced block height=33846 tx_total=0 successes=0
produced block height=33847 tx_total=0 successes=0
produced block height=33848 tx_total=0 successes=0
produced block height=33849 tx_total=0 successes=0
produced block height=33850 tx_total=0 successes=0
produced block height=33851 tx_total=0 successes=0
produced block height=33852 tx_total=0 successes=0
produced block height=33853 tx_total=0 successes=0
produced block height=33854 tx_total=0 successes=0
produced block height=33855 tx_total=0 successes=0
produced block height=33856 tx_total=0 successes=0
produced block height=33857 tx_total=0 successes=0
produced block height=33858 tx_total=0 successes=0
produced block height=33859 tx_total=0 successes=0
produced block height=33860 tx_total=0 successes=0
produced block height=33861 tx_total=0 successes=0
produced block height=33862 tx_total=0 successes=0
produced block height=33863 tx_total=0 successes=0
produced block height=33864 tx_total=0 successes=0
produced block height=33865 tx_total=0 successes=0
produced block height=33866 tx_total=0 successes=0
produced block height=33867 tx_total=0 successes=0
produced block height=33868 tx_total=0 successes=0
produced block height=33869 tx_total=0 successes=0
produced block height=33870 tx_total=0 successes=0
produced block height=33871 tx_total=0 successes=0
produced block height=33872 tx_total=0 successes=0
produced block height=33873 tx_total=0 successes=0
produced block height=33874 tx_total=0 successes=0
produced block height=33875 tx_total=0 successes=0
produced block height=33876 tx_total=0 successes=0
produced block height=33877 tx_total=0 successes=0
produced block height=33878 tx_total=0 successes=0
produced block height=33879 tx_total=0 successes=0
produced block height=33880 tx_total=0 successes=0
produced block height=33881 tx_total=0 successes=0
produced block height=33882 tx_total=0 successes=0
produced block height=33883 tx_total=0 successes=0
produced block height=33884 tx_total=0 successes=0
produced block height=33885 tx_total=0 successes=0
produced block height=33886 tx_total=0 successes=0
produced block height=33887 tx_total=0 successes=0
produced block height=33888 tx_total=0 successes=0
produced block height=33889 tx_total=0 successes=0
produced block height=33890 tx_total=0 successes=0
produced block height=33891 tx_total=0 successes=0
produced block height=33892 tx_total=0 successes=0
produced block height=33893 tx_total=0 successes=0
produced block height=33894 tx_total=0 successes=0
produced block height=33895 tx_total=0 successes=0
produced block height=33896 tx_total=0 successes=0
produced block height=33897 tx_total=0 successes=0
produced block height=33898 tx_total=0 successes=0
produced block height=33899 tx_total=0 successes=0
produced block height=33900 tx_total=0 successes=0
produced block height=33901 tx_total=0 successes=0
produced block height=33902 tx_total=0 successes=0
produced block height=33903 tx_total=0 successes=0
produced block height=33904 tx_total=0 successes=0
produced block height=33905 tx_total=0 successes=0
produced block height=33906 tx_total=0 successes=0
produced block height=33907 tx_total=0 successes=0
produced block height=33908 tx_total=0 successes=0
produced block height=33909 tx_total=0 successes=0
produced block height=33910 tx_total=0 successes=0
produced block height=33911 tx_total=0 successes=0
produced block height=33912 tx_total=0 successes=0
produced block height=33913 tx_total=0 successes=0
produced block height=33914 tx_total=0 successes=0
produced block height=33915 tx_total=0 successes=0
produced block height=33916 tx_total=0 successes=0
produced block height=33917 tx_total=0 successes=0
produced block height=33918 tx_total=0 successes=0
produced block height=33919 tx_total=0 successes=0
produced block height=33920 tx_total=0 successes=0
produced block height=33921 tx_total=0 successes=0
produced block height=33922 tx_total=0 successes=0
produced block height=33923 tx_total=0 successes=0
produced block height=33924 tx_total=0 successes=0
produced block height=33925 tx_total=0 successes=0
produced block height=33926 tx_total=0 successes=0
produced block height=33927 tx_total=0 successes=0
produced block height=33928 tx_total=0 successes=0
produced block height=33929 tx_total=0 successes=0
produced block height=33930 tx_total=0 successes=0
produced block height=33931 tx_total=0 successes=0
produced block height=33932 tx_total=0 successes=0
produced block height=33933 tx_total=0 successes=0
produced block height=33934 tx_total=0 successes=0
produced block height=33935 tx_total=0 successes=0
produced block height=33936 tx_total=0 successes=0
produced block height=33937 tx_total=0 successes=0
produced block height=33938 tx_total=0 successes=0
produced block height=33939 tx_total=0 successes=0
produced block height=33940 tx_total=0 successes=0
produced block height=33941 tx_total=0 successes=0
produced block height=33942 tx_total=0 successes=0
produced block height=33943 tx_total=0 successes=0
produced block height=33944 tx_total=0 successes=0
produced block height=33945 tx_total=0 successes=0
produced block height=33946 tx_total=0 successes=0
produced block height=33947 tx_total=0 successes=0
produced block height=33948 tx_total=0 successes=0
produced block height=33949 tx_total=0 successes=0
produced block height=33950 tx_total=0 successes=0
produced block height=33951 tx_total=0 successes=0
produced block height=33952 tx_total=0 successes=0
produced block height=33953 tx_total=0 successes=0
produced block height=33954 tx_total=0 successes=0
produced block height=33955 tx_total=0 successes=0
produced block height=33956 tx_total=0 successes=0
produced block height=33957 tx_total=0 successes=0
produced block height=33958 tx_total=0 successes=0
produced block height=33959 tx_total=0 successes=0
produced block height=33960 tx_total=0 successes=0
produced block height=33961 tx_total=0 successes=0
produced block height=33962 tx_total=0 successes=0
produced block height=33963 tx_total=0 successes=0
produced block height=33964 tx_total=0 successes=0
produced block height=33965 tx_total=0 successes=0
produced block height=33966 tx_total=0 successes=0
produced block height=33967 tx_total=0 successes=0
produced block height=33968 tx_total=0 successes=0
produced block height=33969 tx_total=0 successes=0
produced block height=33970 tx_total=0 successes=0
produced block height=33971 tx_total=0 successes=0
produced block height=33972 tx_total=0 successes=0
produced block height=33973 tx_total=0 successes=0
produced block height=33974 tx_total=0 successes=0
produced block height=33975 tx_total=0 successes=0
produced block height=33976 tx_total=0 successes=0
produced block height=33977 tx_total=0 successes=0
produced block height=33978 tx_total=0 successes=0
produced block height=33979 tx_total=0 successes=0
produced block height=33980 tx_total=0 successes=0
produced block height=33981 tx_total=0 successes=0
produced block height=33982 tx_total=0 successes=0
produced block height=33983 tx_total=0 successes=0
produced block height=33984 tx_total=0 successes=0
produced block height=33985 tx_total=0 successes=0
produced block height=33986 tx_total=0 successes=0
produced block height=33987 tx_total=0 successes=0
produced block height=33988 tx_total=0 successes=0
produced block height=33989 tx_total=0 successes=0
produced block height=33990 tx_total=0 successes=0
produced block height=33991 tx_total=0 successes=0
produced block height=33992 tx_total=0 successes=0
produced block height=33993 tx_total=0 successes=0
produced block height=33994 tx_total=0 successes=0
produced block height=33995 tx_total=0 successes=0
produced block height=33996 tx_total=0 successes=0
produced block height=33997 tx_total=0 successes=0
produced block height=33998 tx_total=0 successes=0
produced block height=33999 tx_total=0 successes=0
produced block height=34000 tx_total=0 successes=0
produced block height=34001 tx_total=0 successes=0
produced block height=34002 tx_total=0 successes=0
produced block height=34003 tx_total=0 successes=0
produced block height=34004 tx_total=0 successes=0
produced block height=34005 tx_total=0 successes=0
produced block height=34006 tx_total=0 successes=0
produced block height=34007 tx_total=0 successes=0
produced block height=34008 tx_total=0 successes=0
produced block height=34009 tx_total=0 successes=0
produced block height=34010 tx_total=0 successes=0
produced block height=34011 tx_total=0 successes=0
produced block height=34012 tx_total=0 successes=0
produced block height=34013 tx_total=0 successes=0
produced block height=34014 tx_total=0 successes=0
produced block height=34015 tx_total=0 successes=0
produced block height=34016 tx_total=0 successes=0
produced block height=34017 tx_total=0 successes=0
produced block height=34018 tx_total=0 successes=0
produced block height=34019 tx_total=0 successes=0
produced block height=34020 tx_total=0 successes=0
produced block height=34021 tx_total=0 successes=0
produced block height=34022 tx_total=0 successes=0
produced block height=34023 tx_total=0 successes=0
produced block height=34024 tx_total=0 successes=0
produced block height=34025 tx_total=0 successes=0
produced block height=34026 tx_total=0 successes=0
produced block height=34027 tx_total=0 successes=0
produced block height=34028 tx_total=0 successes=0
produced block height=34029 tx_total=0 successes=0
produced block height=34030 tx_total=0 successes=0
produced block height=34031 tx_total=0 successes=0
produced block height=34032 tx_total=0 successes=0
produced block height=34033 tx_total=0 successes=0
produced block height=34034 tx_total=0 successes=0
produced block height=34035 tx_total=0 successes=0
produced block height=34036 tx_total=0 successes=0
produced block height=34037 tx_total=0 successes=0
produced block height=34038 tx_total=0 successes=0
produced block height=34039 tx_total=0 successes=0
produced block height=34040 tx_total=0 successes=0
produced block height=34041 tx_total=0 successes=0
produced block height=34042 tx_total=0 successes=0
produced block height=34043 tx_total=0 successes=0
produced block height=34044 tx_total=0 successes=0
produced block height=34045 tx_total=0 successes=0
produced block height=34046 tx_total=0 successes=0
produced block height=34047 tx_total=0 successes=0
produced block height=34048 tx_total=0 successes=0
produced block height=34049 tx_total=0 successes=0
produced block height=34050 tx_total=0 successes=0
produced block height=34051 tx_total=0 successes=0
produced block height=34052 tx_total=0 successes=0
produced block height=34053 tx_total=0 successes=0
produced block height=34054 tx_total=0 successes=0
produced block height=34055 tx_total=0 successes=0
produced block height=34056 tx_total=0 successes=0
produced block height=34057 tx_total=0 successes=0
produced block height=34058 tx_total=0 successes=0
produced block height=34059 tx_total=0 successes=0
produced block height=34060 tx_total=0 successes=0
produced block height=34061 tx_total=0 successes=0
produced block height=34062 tx_total=0 successes=0
produced block height=34063 tx_total=0 successes=0
produced block height=34064 tx_total=0 successes=0
produced block height=34065 tx_total=0 successes=0
produced block height=34066 tx_total=0 successes=0
produced block height=34067 tx_total=0 successes=0
produced block height=34068 tx_total=0 successes=0
produced block height=34069 tx_total=0 successes=0
produced block height=34070 tx_total=0 successes=0
produced block height=34071 tx_total=0 successes=0
produced block height=34072 tx_total=0 successes=0
produced block height=34073 tx_total=0 successes=0
produced block height=34074 tx_total=0 successes=0
produced block height=34075 tx_total=0 successes=0
produced block height=34076 tx_total=0 successes=0
produced block height=34077 tx_total=0 successes=0
produced block height=34078 tx_total=0 successes=0
produced block height=34079 tx_total=0 successes=0
produced block height=34080 tx_total=0 successes=0
produced block height=34081 tx_total=0 successes=0
produced block height=34082 tx_total=0 successes=0
produced block height=34083 tx_total=0 successes=0
produced block height=34084 tx_total=0 successes=0
produced block height=34085 tx_total=0 successes=0
produced block height=34086 tx_total=0 successes=0
produced block height=34087 tx_total=0 successes=0
produced block height=34088 tx_total=0 successes=0
produced block height=34089 tx_total=0 successes=0
produced block height=34090 tx_total=0 successes=0
produced block height=34091 tx_total=0 successes=0
produced block height=34092 tx_total=0 successes=0
produced block height=34093 tx_total=0 successes=0
produced block height=34094 tx_total=0 successes=0
produced block height=34095 tx_total=0 successes=0
produced block height=34096 tx_total=0 successes=0
produced block height=34097 tx_total=0 successes=0
produced block height=34098 tx_total=0 successes=0
produced block height=34099 tx_total=0 successes=0
produced block height=34100 tx_total=0 successes=0
produced block height=34101 tx_total=0 successes=0
produced block height=34102 tx_total=0 successes=0
produced block height=34103 tx_total=0 successes=0
produced block height=34104 tx_total=0 successes=0
produced block height=34105 tx_total=0 successes=0
produced block height=34106 tx_total=0 successes=0
produced block height=34107 tx_total=0 successes=0
produced block height=34108 tx_total=0 successes=0
produced block height=34109 tx_total=0 successes=0
produced block height=34110 tx_total=0 successes=0
produced block height=34111 tx_total=0 successes=0
produced block height=34112 tx_total=0 successes=0
produced block height=34113 tx_total=0 successes=0
produced block height=34114 tx_total=0 successes=0
produced block height=34115 tx_total=0 successes=0
produced block height=34116 tx_total=0 successes=0
produced block height=34117 tx_total=0 successes=0
produced block height=34118 tx_total=0 successes=0
produced block height=34119 tx_total=0 successes=0
produced block height=34120 tx_total=0 successes=0
produced block height=34121 tx_total=0 successes=0
produced block height=34122 tx_total=0 successes=0
produced block height=34123 tx_total=0 successes=0
produced block height=34124 tx_total=0 successes=0
produced block height=34125 tx_total=0 successes=0
produced block height=34126 tx_total=0 successes=0
produced block height=34127 tx_total=0 successes=0
produced block height=34128 tx_total=0 successes=0
produced block height=34129 tx_total=0 successes=0
produced block height=34130 tx_total=0 successes=0
produced block height=34131 tx_total=0 successes=0
produced block height=34132 tx_total=0 successes=0
produced block height=34133 tx_total=0 successes=0
produced block height=34134 tx_total=0 successes=0
produced block height=34135 tx_total=0 successes=0
produced block height=34136 tx_total=0 successes=0
produced block height=34137 tx_total=0 successes=0
produced block height=34138 tx_total=0 successes=0
produced block height=34139 tx_total=0 successes=0
produced block height=34140 tx_total=0 successes=0
produced block height=34141 tx_total=0 successes=0
produced block height=34142 tx_total=0 successes=0
produced block height=34143 tx_total=0 successes=0
produced block height=34144 tx_total=0 successes=0
produced block height=34145 tx_total=0 successes=0
produced block height=34146 tx_total=0 successes=0
produced block height=34147 tx_total=0 successes=0
produced block height=34148 tx_total=0 successes=0
produced block height=34149 tx_total=0 successes=0
produced block height=34150 tx_total=0 successes=0
produced block height=34151 tx_total=0 successes=0
produced block height=34152 tx_total=0 successes=0
produced block height=34153 tx_total=0 successes=0
produced block height=34154 tx_total=0 successes=0
produced block height=34155 tx_total=0 successes=0
produced block height=34156 tx_total=0 successes=0
produced block height=34157 tx_total=0 successes=0
produced block height=34158 tx_total=0 successes=0
produced block height=34159 tx_total=0 successes=0
produced block height=34160 tx_total=0 successes=0
produced block height=34161 tx_total=0 successes=0
produced block height=34162 tx_total=0 successes=0
produced block height=34163 tx_total=0 successes=0
produced block height=34164 tx_total=0 successes=0
produced block height=34165 tx_total=0 successes=0
produced block height=34166 tx_total=0 successes=0
produced block height=34167 tx_total=0 successes=0
produced block height=34168 tx_total=0 successes=0
produced block height=34169 tx_total=0 successes=0
produced block height=34170 tx_total=0 successes=0
produced block height=34171 tx_total=0 successes=0
produced block height=34172 tx_total=0 successes=0
produced block height=34173 tx_total=0 successes=0
produced block height=34174 tx_total=0 successes=0
produced block height=34175 tx_total=0 successes=0
produced block height=34176 tx_total=0 successes=0
produced block height=34177 tx_total=0 successes=0
produced block height=34178 tx_total=0 successes=0
produced block height=34179 tx_total=0 successes=0
produced block height=34180 tx_total=0 successes=0
produced block height=34181 tx_total=0 successes=0
produced block height=34182 tx_total=0 successes=0
produced block height=34183 tx_total=0 successes=0
produced block height=34184 tx_total=0 successes=0
produced block height=34185 tx_total=0 successes=0
produced block height=34186 tx_total=0 successes=0
produced block height=34187 tx_total=0 successes=0
produced block height=34188 tx_total=0 successes=0
produced block height=34189 tx_total=0 successes=0
produced block height=34190 tx_total=0 successes=0
produced block height=34191 tx_total=0 successes=0
produced block height=34192 tx_total=0 successes=0
produced block height=34193 tx_total=0 successes=0
produced block height=34194 tx_total=0 successes=0
produced block height=34195 tx_total=0 successes=0
produced block height=34196 tx_total=0 successes=0
produced block height=34197 tx_total=0 successes=0
produced block height=34198 tx_total=0 successes=0
produced block height=34199 tx_total=0 successes=0
produced block height=34200 tx_total=0 successes=0
produced block height=34201 tx_total=0 successes=0
produced block height=34202 tx_total=0 successes=0
produced block height=34203 tx_total=0 successes=0
produced block height=34204 tx_total=0 successes=0
produced block height=34205 tx_total=0 successes=0
produced block height=34206 tx_total=0 successes=0
produced block height=34207 tx_total=0 successes=0
produced block height=34208 tx_total=0 successes=0
produced block height=34209 tx_total=0 successes=0
produced block height=34210 tx_total=0 successes=0
produced block height=34211 tx_total=0 successes=0
produced block height=34212 tx_total=0 successes=0
produced block height=34213 tx_total=0 successes=0
produced block height=34214 tx_total=0 successes=0
produced block height=34215 tx_total=0 successes=0
produced block height=34216 tx_total=0 successes=0
produced block height=34217 tx_total=0 successes=0
produced block height=34218 tx_total=0 successes=0
produced block height=34219 tx_total=0 successes=0
produced block height=34220 tx_total=0 successes=0
produced block height=34221 tx_total=0 successes=0
produced block height=34222 tx_total=0 successes=0
produced block height=34223 tx_total=0 successes=0
produced block height=34224 tx_total=0 successes=0
produced block height=34225 tx_total=0 successes=0
produced block height=34226 tx_total=0 successes=0
produced block height=34227 tx_total=0 successes=0
produced block height=34228 tx_total=0 successes=0
produced block height=34229 tx_total=0 successes=0
produced block height=34230 tx_total=0 successes=0
produced block height=34231 tx_total=0 successes=0
produced block height=34232 tx_total=0 successes=0
produced block height=34233 tx_total=0 successes=0
produced block height=34234 tx_total=0 successes=0
produced block height=34235 tx_total=0 successes=0
produced block height=34236 tx_total=0 successes=0
produced block height=34237 tx_total=0 successes=0
produced block height=34238 tx_total=0 successes=0
produced block height=34239 tx_total=0 successes=0
produced block height=34240 tx_total=0 successes=0
produced block height=34241 tx_total=0 successes=0
produced block height=34242 tx_total=0 successes=0
produced block height=34243 tx_total=0 successes=0
produced block height=34244 tx_total=0 successes=0
produced block height=34245 tx_total=0 successes=0
produced block height=34246 tx_total=0 successes=0
produced block height=34247 tx_total=0 successes=0
produced block height=34248 tx_total=0 successes=0
produced block height=34249 tx_total=0 successes=0
produced block height=34250 tx_total=0 successes=0
produced block height=34251 tx_total=0 successes=0
produced block height=34252 tx_total=0 successes=0
produced block height=34253 tx_total=0 successes=0
produced block height=34254 tx_total=0 successes=0
produced block height=34255 tx_total=0 successes=0
produced block height=34256 tx_total=0 successes=0
produced block height=34257 tx_total=0 successes=0
produced block height=34258 tx_total=0 successes=0
produced block height=34259 tx_total=0 successes=0
produced block height=34260 tx_total=0 successes=0
produced block height=34261 tx_total=0 successes=0
produced block height=34262 tx_total=0 successes=0
produced block height=34263 tx_total=0 successes=0
produced block height=34264 tx_total=0 successes=0
produced block height=34265 tx_total=0 successes=0
produced block height=34266 tx_total=0 successes=0
produced block height=34267 tx_total=0 successes=0
produced block height=34268 tx_total=0 successes=0
produced block height=34269 tx_total=0 successes=0
produced block height=34270 tx_total=0 successes=0
produced block height=34271 tx_total=0 successes=0
produced block height=34272 tx_total=0 successes=0
produced block height=34273 tx_total=0 successes=0
produced block height=34274 tx_total=0 successes=0
produced block height=34275 tx_total=0 successes=0
produced block height=34276 tx_total=0 successes=0
produced block height=34277 tx_total=0 successes=0
produced block height=34278 tx_total=0 successes=0
produced block height=34279 tx_total=0 successes=0
produced block height=34280 tx_total=0 successes=0
produced block height=34281 tx_total=0 successes=0
produced block height=34282 tx_total=0 successes=0
produced block height=34283 tx_total=0 successes=0
produced block height=34284 tx_total=0 successes=0
produced block height=34285 tx_total=0 successes=0
produced block height=34286 tx_total=0 successes=0
produced block height=34287 tx_total=0 successes=0
produced block height=34288 tx_total=0 successes=0
produced block height=34289 tx_total=0 successes=0
produced block height=34290 tx_total=0 successes=0
produced block height=34291 tx_total=0 successes=0
produced block height=34292 tx_total=0 successes=0
produced block height=34293 tx_total=0 successes=0
produced block height=34294 tx_total=0 successes=0
produced block height=34295 tx_total=0 successes=0
produced block height=34296 tx_total=0 successes=0
produced block height=34297 tx_total=0 successes=0
produced block height=34298 tx_total=0 successes=0
produced block height=34299 tx_total=0 successes=0
produced block height=34300 tx_total=0 successes=0
produced block height=34301 tx_total=0 successes=0
produced block height=34302 tx_total=0 successes=0
produced block height=34303 tx_total=0 successes=0
produced block height=34304 tx_total=0 successes=0
produced block height=34305 tx_total=0 successes=0
produced block height=34306 tx_total=0 successes=0
produced block height=34307 tx_total=0 successes=0
produced block height=34308 tx_total=0 successes=0
produced block height=34309 tx_total=0 successes=0
produced block height=34310 tx_total=0 successes=0
produced block height=34311 tx_total=0 successes=0
produced block height=34312 tx_total=0 successes=0
produced block height=34313 tx_total=0 successes=0
produced block height=34314 tx_total=0 successes=0
produced block height=34315 tx_total=0 successes=0
produced block height=34316 tx_total=0 successes=0
produced block height=34317 tx_total=0 successes=0
produced block height=34318 tx_total=0 successes=0
produced block height=34319 tx_total=0 successes=0
produced block height=34320 tx_total=0 successes=0
produced block height=34321 tx_total=0 successes=0
produced block height=34322 tx_total=0 successes=0
produced block height=34323 tx_total=0 successes=0
produced block height=34324 tx_total=0 successes=0
produced block height=34325 tx_total=0 successes=0
produced block height=34326 tx_total=0 successes=0
produced block height=34327 tx_total=0 successes=0
produced block height=34328 tx_total=0 successes=0
produced block height=34329 tx_total=0 successes=0
produced block height=34330 tx_total=0 successes=0
produced block height=34331 tx_total=0 successes=0
produced block height=34332 tx_total=0 successes=0
produced block height=34333 tx_total=0 successes=0
produced block height=34334 tx_total=0 successes=0
produced block height=34335 tx_total=0 successes=0
produced block height=34336 tx_total=0 successes=0
produced block height=34337 tx_total=0 successes=0
produced block height=34338 tx_total=0 successes=0
produced block height=34339 tx_total=0 successes=0
produced block height=34340 tx_total=0 successes=0
produced block height=34341 tx_total=0 successes=0
produced block height=34342 tx_total=0 successes=0
produced block height=34343 tx_total=0 successes=0
produced block height=34344 tx_total=0 successes=0
produced block height=34345 tx_total=0 successes=0
produced block height=34346 tx_total=0 successes=0
produced block height=34347 tx_total=0 successes=0
produced block height=34348 tx_total=0 successes=0
produced block height=34349 tx_total=0 successes=0
produced block height=34350 tx_total=0 successes=0
produced block height=34351 tx_total=0 successes=0
produced block height=34352 tx_total=0 successes=0
produced block height=34353 tx_total=0 successes=0
produced block height=34354 tx_total=0 successes=0
produced block height=34355 tx_total=0 successes=0
produced block height=34356 tx_total=0 successes=0
produced block height=34357 tx_total=0 successes=0
produced block height=34358 tx_total=0 successes=0
produced block height=34359 tx_total=0 successes=0
produced block height=34360 tx_total=0 successes=0
produced block height=34361 tx_total=0 successes=0
produced block height=34362 tx_total=0 successes=0
produced block height=34363 tx_total=0 successes=0
produced block height=34364 tx_total=0 successes=0
produced block height=34365 tx_total=0 successes=0
produced block height=34366 tx_total=0 successes=0
produced block height=34367 tx_total=0 successes=0
produced block height=34368 tx_total=0 successes=0
produced block height=34369 tx_total=0 successes=0
produced block height=34370 tx_total=0 successes=0
produced block height=34371 tx_total=0 successes=0
produced block height=34372 tx_total=0 successes=0
produced block height=34373 tx_total=0 successes=0
produced block height=34374 tx_total=0 successes=0
produced block height=34375 tx_total=0 successes=0
produced block height=34376 tx_total=0 successes=0
produced block height=34377 tx_total=0 successes=0
produced block height=34378 tx_total=0 successes=0
produced block height=34379 tx_total=0 successes=0
produced block height=34380 tx_total=0 successes=0
produced block height=34381 tx_total=0 successes=0
produced block height=34382 tx_total=0 successes=0
produced block height=34383 tx_total=0 successes=0
produced block height=34384 tx_total=0 successes=0
produced block height=34385 tx_total=0 successes=0
produced block height=34386 tx_total=0 successes=0
produced block height=34387 tx_total=0 successes=0
produced block height=34388 tx_total=0 successes=0
produced block height=34389 tx_total=0 successes=0
produced block height=34390 tx_total=0 successes=0
produced block height=34391 tx_total=0 successes=0
produced block height=34392 tx_total=0 successes=0
produced block height=34393 tx_total=0 successes=0
produced block height=34394 tx_total=0 successes=0
produced block height=34395 tx_total=0 successes=0
produced block height=34396 tx_total=0 successes=0
produced block height=34397 tx_total=0 successes=0
produced block height=34398 tx_total=0 successes=0
produced block height=34399 tx_total=0 successes=0
produced block height=34400 tx_total=0 successes=0
produced block height=34401 tx_total=0 successes=0
produced block height=34402 tx_total=0 successes=0
produced block height=34403 tx_total=0 successes=0
produced block height=34404 tx_total=0 successes=0
produced block height=34405 tx_total=0 successes=0
produced block height=34406 tx_total=0 successes=0
produced block height=34407 tx_total=0 successes=0
produced block height=34408 tx_total=0 successes=0
produced block height=34409 tx_total=0 successes=0
produced block height=34410 tx_total=0 successes=0
produced block height=34411 tx_total=0 successes=0
produced block height=34412 tx_total=0 successes=0
produced block height=34413 tx_total=0 successes=0
produced block height=34414 tx_total=0 successes=0
produced block height=34415 tx_total=0 successes=0
produced block height=34416 tx_total=0 successes=0
produced block height=34417 tx_total=0 successes=0
produced block height=34418 tx_total=0 successes=0
produced block height=34419 tx_total=0 successes=0
produced block height=34420 tx_total=0 successes=0
produced block height=34421 tx_total=0 successes=0
produced block height=34422 tx_total=0 successes=0
produced block height=34423 tx_total=0 successes=0
produced block height=34424 tx_total=0 successes=0
produced block height=34425 tx_total=0 successes=0
produced block height=34426 tx_total=0 successes=0
produced block height=34427 tx_total=0 successes=0
produced block height=34428 tx_total=0 successes=0
produced block height=34429 tx_total=0 successes=0
produced block height=34430 tx_total=0 successes=0
produced block height=34431 tx_total=0 successes=0
produced block height=34432 tx_total=0 successes=0
produced block height=34433 tx_total=0 successes=0
produced block height=34434 tx_total=0 successes=0
produced block height=34435 tx_total=0 successes=0
produced block height=34436 tx_total=0 successes=0
produced block height=34437 tx_total=0 successes=0
produced block height=34438 tx_total=0 successes=0
produced block height=34439 tx_total=0 successes=0
produced block height=34440 tx_total=0 successes=0
produced block height=34441 tx_total=0 successes=0
produced block height=34442 tx_total=0 successes=0
produced block height=34443 tx_total=0 successes=0
produced block height=34444 tx_total=0 successes=0
produced block height=34445 tx_total=0 successes=0
produced block height=34446 tx_total=0 successes=0
produced block height=34447 tx_total=0 successes=0
produced block height=34448 tx_total=0 successes=0
produced block height=34449 tx_total=0 successes=0
produced block height=34450 tx_total=0 successes=0
produced block height=34451 tx_total=0 successes=0
produced block height=34452 tx_total=0 successes=0
produced block height=34453 tx_total=0 successes=0
produced block height=34454 tx_total=0 successes=0
produced block height=34455 tx_total=0 successes=0
produced block height=34456 tx_total=0 successes=0
produced block height=34457 tx_total=0 successes=0
produced block height=34458 tx_total=0 successes=0
produced block height=34459 tx_total=0 successes=0
produced block height=34460 tx_total=0 successes=0
produced block height=34461 tx_total=0 successes=0
produced block height=34462 tx_total=0 successes=0
produced block height=34463 tx_total=0 successes=0
produced block height=34464 tx_total=0 successes=0
produced block height=34465 tx_total=0 successes=0
produced block height=34466 tx_total=0 successes=0
produced block height=34467 tx_total=0 successes=0
produced block height=34468 tx_total=0 successes=0
produced block height=34469 tx_total=0 successes=0
produced block height=34470 tx_total=0 successes=0
produced block height=34471 tx_total=0 successes=0
produced block height=34472 tx_total=0 successes=0
produced block height=34473 tx_total=0 successes=0
produced block height=34474 tx_total=0 successes=0
produced block height=34475 tx_total=0 successes=0
produced block height=34476 tx_total=0 successes=0
produced block height=34477 tx_total=0 successes=0
produced block height=34478 tx_total=0 successes=0
produced block height=34479 tx_total=0 successes=0
produced block height=34480 tx_total=0 successes=0
produced block height=34481 tx_total=0 successes=0
produced block height=34482 tx_total=0 successes=0
produced block height=34483 tx_total=0 successes=0
produced block height=34484 tx_total=0 successes=0
produced block height=34485 tx_total=0 successes=0
produced block height=34486 tx_total=0 successes=0
produced block height=34487 tx_total=0 successes=0
produced block height=34488 tx_total=0 successes=0
produced block height=34489 tx_total=0 successes=0
produced block height=34490 tx_total=0 successes=0
produced block height=34491 tx_total=0 successes=0
produced block height=34492 tx_total=0 successes=0
produced block height=34493 tx_total=0 successes=0
produced block height=34494 tx_total=0 successes=0
produced block height=34495 tx_total=0 successes=0
produced block height=34496 tx_total=0 successes=0
produced block height=34497 tx_total=0 successes=0
produced block height=34498 tx_total=0 successes=0
produced block height=34499 tx_total=0 successes=0
produced block height=34500 tx_total=0 successes=0
produced block height=34501 tx_total=0 successes=0
produced block height=34502 tx_total=0 successes=0
produced block height=34503 tx_total=0 successes=0
produced block height=34504 tx_total=0 successes=0
produced block height=34505 tx_total=0 successes=0
produced block height=34506 tx_total=0 successes=0
produced block height=34507 tx_total=0 successes=0
produced block height=34508 tx_total=0 successes=0
produced block height=34509 tx_total=0 successes=0
produced block height=34510 tx_total=0 successes=0
produced block height=34511 tx_total=0 successes=0
produced block height=34512 tx_total=0 successes=0
produced block height=34513 tx_total=0 successes=0
produced block height=34514 tx_total=0 successes=0
produced block height=34515 tx_total=0 successes=0
produced block height=34516 tx_total=0 successes=0
produced block height=34517 tx_total=0 successes=0
produced block height=34518 tx_total=0 successes=0
produced block height=34519 tx_total=0 successes=0
produced block height=34520 tx_total=0 successes=0
produced block height=34521 tx_total=0 successes=0
produced block height=34522 tx_total=0 successes=0
produced block height=34523 tx_total=0 successes=0
produced block height=34524 tx_total=0 successes=0
produced block height=34525 tx_total=0 successes=0
produced block height=34526 tx_total=0 successes=0
produced block height=34527 tx_total=0 successes=0
produced block height=34528 tx_total=0 successes=0
produced block height=34529 tx_total=0 successes=0
produced block height=34530 tx_total=0 successes=0
produced block height=34531 tx_total=0 successes=0
produced block height=34532 tx_total=0 successes=0
produced block height=34533 tx_total=0 successes=0
produced block height=34534 tx_total=0 successes=0
produced block height=34535 tx_total=0 successes=0
produced block height=34536 tx_total=0 successes=0
produced block height=34537 tx_total=0 successes=0
produced block height=34538 tx_total=0 successes=0
produced block height=34539 tx_total=0 successes=0
produced block height=34540 tx_total=0 successes=0
produced block height=34541 tx_total=0 successes=0
produced block height=34542 tx_total=0 successes=0
produced block height=34543 tx_total=0 successes=0
produced block height=34544 tx_total=0 successes=0
produced block height=34545 tx_total=0 successes=0
produced block height=34546 tx_total=0 successes=0
produced block height=34547 tx_total=0 successes=0
produced block height=34548 tx_total=0 successes=0
produced block height=34549 tx_total=0 successes=0
produced block height=34550 tx_total=0 successes=0
produced block height=34551 tx_total=0 successes=0
produced block height=34552 tx_total=0 successes=0
produced block height=34553 tx_total=0 successes=0
produced block height=34554 tx_total=0 successes=0
produced block height=34555 tx_total=0 successes=0
produced block height=34556 tx_total=0 successes=0
produced block height=34557 tx_total=0 successes=0
produced block height=34558 tx_total=0 successes=0
produced block height=34559 tx_total=0 successes=0
produced block height=34560 tx_total=0 successes=0
produced block height=34561 tx_total=0 successes=0
produced block height=34562 tx_total=0 successes=0
produced block height=34563 tx_total=0 successes=0
produced block height=34564 tx_total=0 successes=0
produced block height=34565 tx_total=0 successes=0
produced block height=34566 tx_total=0 successes=0
produced block height=34567 tx_total=0 successes=0
produced block height=34568 tx_total=0 successes=0
produced block height=34569 tx_total=0 successes=0
produced block height=34570 tx_total=0 successes=0
produced block height=34571 tx_total=0 successes=0
produced block height=34572 tx_total=0 successes=0
produced block height=34573 tx_total=0 successes=0
produced block height=34574 tx_total=0 successes=0
produced block height=34575 tx_total=0 successes=0
produced block height=34576 tx_total=0 successes=0
produced block height=34577 tx_total=0 successes=0
produced block height=34578 tx_total=0 successes=0
produced block height=34579 tx_total=0 successes=0
produced block height=34580 tx_total=0 successes=0
produced block height=34581 tx_total=0 successes=0
produced block height=34582 tx_total=0 successes=0
produced block height=34583 tx_total=0 successes=0
produced block height=34584 tx_total=0 successes=0
produced block height=34585 tx_total=0 successes=0
produced block height=34586 tx_total=0 successes=0
produced block height=34587 tx_total=0 successes=0
produced block height=34588 tx_total=0 successes=0
produced block height=34589 tx_total=0 successes=0
produced block height=34590 tx_total=0 successes=0
produced block height=34591 tx_total=0 successes=0
produced block height=34592 tx_total=0 successes=0
produced block height=34593 tx_total=0 successes=0
produced block height=34594 tx_total=0 successes=0
produced block height=34595 tx_total=0 successes=0
produced block height=34596 tx_total=0 successes=0
produced block height=34597 tx_total=0 successes=0
produced block height=34598 tx_total=0 successes=0
produced block height=34599 tx_total=0 successes=0
produced block height=34600 tx_total=0 successes=0
produced block height=34601 tx_total=0 successes=0
produced block height=34602 tx_total=0 successes=0
produced block height=34603 tx_total=0 successes=0
produced block height=34604 tx_total=0 successes=0
produced block height=34605 tx_total=0 successes=0
produced block height=34606 tx_total=0 successes=0
produced block height=34607 tx_total=0 successes=0
produced block height=34608 tx_total=0 successes=0
produced block height=34609 tx_total=0 successes=0
produced block height=34610 tx_total=0 successes=0
produced block height=34611 tx_total=0 successes=0
produced block height=34612 tx_total=0 successes=0
produced block height=34613 tx_total=0 successes=0
produced block height=34614 tx_total=0 successes=0
produced block height=34615 tx_total=0 successes=0
produced block height=34616 tx_total=0 successes=0
produced block height=34617 tx_total=0 successes=0
produced block height=34618 tx_total=0 successes=0
produced block height=34619 tx_total=0 successes=0
produced block height=34620 tx_total=0 successes=0
produced block height=34621 tx_total=0 successes=0
produced block height=34622 tx_total=0 successes=0
produced block height=34623 tx_total=0 successes=0
produced block height=34624 tx_total=0 successes=0
produced block height=34625 tx_total=0 successes=0
produced block height=34626 tx_total=0 successes=0
produced block height=34627 tx_total=0 successes=0
produced block height=34628 tx_total=0 successes=0
produced block height=34629 tx_total=0 successes=0
produced block height=34630 tx_total=0 successes=0
produced block height=34631 tx_total=0 successes=0
produced block height=34632 tx_total=0 successes=0
produced block height=34633 tx_total=0 successes=0
produced block height=34634 tx_total=0 successes=0
produced block height=34635 tx_total=0 successes=0
produced block height=34636 tx_total=0 successes=0
produced block height=34637 tx_total=0 successes=0
produced block height=34638 tx_total=0 successes=0
produced block height=34639 tx_total=0 successes=0
produced block height=34640 tx_total=0 successes=0
produced block height=34641 tx_total=0 successes=0
produced block height=34642 tx_total=0 successes=0
produced block height=34643 tx_total=0 successes=0
produced block height=34644 tx_total=0 successes=0
produced block height=34645 tx_total=0 successes=0
produced block height=34646 tx_total=0 successes=0
produced block height=34647 tx_total=0 successes=0
produced block height=34648 tx_total=0 successes=0
produced block height=34649 tx_total=0 successes=0
produced block height=34650 tx_total=0 successes=0
produced block height=34651 tx_total=0 successes=0
produced block height=34652 tx_total=0 successes=0
produced block height=34653 tx_total=0 successes=0
produced block height=34654 tx_total=0 successes=0
produced block height=34655 tx_total=0 successes=0
produced block height=34656 tx_total=0 successes=0
produced block height=34657 tx_total=0 successes=0
produced block height=34658 tx_total=0 successes=0
produced block height=34659 tx_total=0 successes=0
produced block height=34660 tx_total=0 successes=0
produced block height=34661 tx_total=0 successes=0
produced block height=34662 tx_total=0 successes=0
produced block height=34663 tx_total=0 successes=0
produced block height=34664 tx_total=0 successes=0
produced block height=34665 tx_total=0 successes=0
produced block height=34666 tx_total=0 successes=0
produced block height=34667 tx_total=0 successes=0
produced block height=34668 tx_total=0 successes=0
produced block height=34669 tx_total=0 successes=0
produced block height=34670 tx_total=0 successes=0
produced block height=34671 tx_total=0 successes=0
produced block height=34672 tx_total=0 successes=0
produced block height=34673 tx_total=0 successes=0
produced block height=34674 tx_total=0 successes=0
produced block height=34675 tx_total=0 successes=0
produced block height=34676 tx_total=0 successes=0
produced block height=34677 tx_total=0 successes=0
produced block height=34678 tx_total=0 successes=0
produced block height=34679 tx_total=0 successes=0
produced block height=34680 tx_total=0 successes=0
produced block height=34681 tx_total=0 successes=0
produced block height=34682 tx_total=0 successes=0
produced block height=34683 tx_total=0 successes=0
produced block height=34684 tx_total=0 successes=0
produced block height=34685 tx_total=0 successes=0
produced block height=34686 tx_total=0 successes=0
produced block height=34687 tx_total=0 successes=0
produced block height=34688 tx_total=0 successes=0
produced block height=34689 tx_total=0 successes=0
produced block height=34690 tx_total=0 successes=0
produced block height=34691 tx_total=0 successes=0
produced block height=34692 tx_total=0 successes=0
produced block height=34693 tx_total=0 successes=0
produced block height=34694 tx_total=0 successes=0
produced block height=34695 tx_total=0 successes=0
produced block height=34696 tx_total=0 successes=0
produced block height=34697 tx_total=0 successes=0
produced block height=34698 tx_total=0 successes=0
produced block height=34699 tx_total=0 successes=0
produced block height=34700 tx_total=0 successes=0
produced block height=34701 tx_total=0 successes=0
produced block height=34702 tx_total=0 successes=0
produced block height=34703 tx_total=0 successes=0
produced block height=34704 tx_total=0 successes=0
produced block height=34705 tx_total=0 successes=0
produced block height=34706 tx_total=0 successes=0
produced block height=34707 tx_total=0 successes=0
produced block height=34708 tx_total=0 successes=0
produced block height=34709 tx_total=0 successes=0
produced block height=34710 tx_total=0 successes=0
produced block height=34711 tx_total=0 successes=0
produced block height=34712 tx_total=0 successes=0
produced block height=34713 tx_total=0 successes=0
produced block height=34714 tx_total=0 successes=0
produced block height=34715 tx_total=0 successes=0
produced block height=34716 tx_total=0 successes=0
produced block height=34717 tx_total=0 successes=0
produced block height=34718 tx_total=0 successes=0
produced block height=34719 tx_total=0 successes=0
produced block height=34720 tx_total=0 successes=0
produced block height=34721 tx_total=0 successes=0
produced block height=34722 tx_total=0 successes=0
produced block height=34723 tx_total=0 successes=0
produced block height=34724 tx_total=0 successes=0
produced block height=34725 tx_total=0 successes=0
produced block height=34726 tx_total=0 successes=0
produced block height=34727 tx_total=0 successes=0
produced block height=34728 tx_total=0 successes=0
produced block height=34729 tx_total=0 successes=0
produced block height=34730 tx_total=0 successes=0
produced block height=34731 tx_total=0 successes=0
produced block height=34732 tx_total=0 successes=0
produced block height=34733 tx_total=0 successes=0
produced block height=34734 tx_total=0 successes=0
produced block height=34735 tx_total=0 successes=0
produced block height=34736 tx_total=0 successes=0
produced block height=34737 tx_total=0 successes=0
produced block height=34738 tx_total=0 successes=0
produced block height=34739 tx_total=0 successes=0
produced block height=34740 tx_total=0 successes=0
produced block height=34741 tx_total=0 successes=0
produced block height=34742 tx_total=0 successes=0
produced block height=34743 tx_total=0 successes=0
produced block height=34744 tx_total=0 successes=0
produced block height=34745 tx_total=0 successes=0
produced block height=34746 tx_total=0 successes=0
produced block height=34747 tx_total=0 successes=0
produced block height=34748 tx_total=0 successes=0
produced block height=34749 tx_total=0 successes=0
produced block height=34750 tx_total=0 successes=0
produced block height=34751 tx_total=0 successes=0
produced block height=34752 tx_total=0 successes=0
produced block height=34753 tx_total=0 successes=0
produced block height=34754 tx_total=0 successes=0
produced block height=34755 tx_total=0 successes=0
produced block height=34756 tx_total=0 successes=0
produced block height=34757 tx_total=0 successes=0
produced block height=34758 tx_total=0 successes=0
produced block height=34759 tx_total=0 successes=0
produced block height=34760 tx_total=0 successes=0
produced block height=34761 tx_total=0 successes=0
produced block height=34762 tx_total=0 successes=0
produced block height=34763 tx_total=0 successes=0
produced block height=34764 tx_total=0 successes=0
produced block height=34765 tx_total=0 successes=0
produced block height=34766 tx_total=0 successes=0
produced block height=34767 tx_total=0 successes=0
produced block height=34768 tx_total=0 successes=0
produced block height=34769 tx_total=0 successes=0
produced block height=34770 tx_total=0 successes=0
produced block height=34771 tx_total=0 successes=0
produced block height=34772 tx_total=0 successes=0
produced block height=34773 tx_total=0 successes=0
produced block height=34774 tx_total=0 successes=0
produced block height=34775 tx_total=0 successes=0
produced block height=34776 tx_total=0 successes=0
produced block height=34777 tx_total=0 successes=0
produced block height=34778 tx_total=0 successes=0
produced block height=34779 tx_total=0 successes=0
produced block height=34780 tx_total=0 successes=0
produced block height=34781 tx_total=0 successes=0
produced block height=34782 tx_total=0 successes=0
produced block height=34783 tx_total=0 successes=0
produced block height=34784 tx_total=0 successes=0
produced block height=34785 tx_total=0 successes=0
produced block height=34786 tx_total=0 successes=0
produced block height=34787 tx_total=0 successes=0
produced block height=34788 tx_total=0 successes=0
produced block height=34789 tx_total=0 successes=0
produced block height=34790 tx_total=0 successes=0
produced block height=34791 tx_total=0 successes=0
produced block height=34792 tx_total=0 successes=0
produced block height=34793 tx_total=0 successes=0
produced block height=34794 tx_total=0 successes=0
produced block height=34795 tx_total=0 successes=0
produced block height=34796 tx_total=0 successes=0
produced block height=34797 tx_total=0 successes=0
produced block height=34798 tx_total=0 successes=0
produced block height=34799 tx_total=0 successes=0
produced block height=34800 tx_total=0 successes=0
produced block height=34801 tx_total=0 successes=0
produced block height=34802 tx_total=0 successes=0
produced block height=34803 tx_total=0 successes=0
produced block height=34804 tx_total=0 successes=0
produced block height=34805 tx_total=0 successes=0
produced block height=34806 tx_total=0 successes=0
produced block height=34807 tx_total=0 successes=0
produced block height=34808 tx_total=0 successes=0
produced block height=34809 tx_total=0 successes=0
produced block height=34810 tx_total=0 successes=0
produced block height=34811 tx_total=0 successes=0
produced block height=34812 tx_total=0 successes=0
produced block height=34813 tx_total=0 successes=0
produced block height=34814 tx_total=0 successes=0
produced block height=34815 tx_total=0 successes=0
produced block height=34816 tx_total=0 successes=0
produced block height=34817 tx_total=0 successes=0
produced block height=34818 tx_total=0 successes=0
produced block height=34819 tx_total=0 successes=0
produced block height=34820 tx_total=0 successes=0
produced block height=34821 tx_total=0 successes=0
produced block height=34822 tx_total=0 successes=0
produced block height=34823 tx_total=0 successes=0
produced block height=34824 tx_total=0 successes=0
produced block height=34825 tx_total=0 successes=0
produced block height=34826 tx_total=0 successes=0
produced block height=34827 tx_total=0 successes=0
produced block height=34828 tx_total=0 successes=0
produced block height=34829 tx_total=0 successes=0
produced block height=34830 tx_total=0 successes=0
produced block height=34831 tx_total=0 successes=0
produced block height=34832 tx_total=0 successes=0
produced block height=34833 tx_total=0 successes=0
produced block height=34834 tx_total=0 successes=0
produced block height=34835 tx_total=0 successes=0
produced block height=34836 tx_total=0 successes=0
produced block height=34837 tx_total=0 successes=0
produced block height=34838 tx_total=0 successes=0
produced block height=34839 tx_total=0 successes=0
produced block height=34840 tx_total=0 successes=0
produced block height=34841 tx_total=0 successes=0
produced block height=34842 tx_total=0 successes=0
produced block height=34843 tx_total=0 successes=0
produced block height=34844 tx_total=0 successes=0
produced block height=34845 tx_total=0 successes=0
produced block height=34846 tx_total=0 successes=0
produced block height=34847 tx_total=0 successes=0
produced block height=34848 tx_total=0 successes=0
produced block height=34849 tx_total=0 successes=0
produced block height=34850 tx_total=0 successes=0
produced block height=34851 tx_total=0 successes=0
produced block height=34852 tx_total=0 successes=0
produced block height=34853 tx_total=0 successes=0
produced block height=34854 tx_total=0 successes=0
produced block height=34855 tx_total=0 successes=0
produced block height=34856 tx_total=0 successes=0
produced block height=34857 tx_total=0 successes=0
produced block height=34858 tx_total=0 successes=0
produced block height=34859 tx_total=0 successes=0
produced block height=34860 tx_total=0 successes=0
produced block height=34861 tx_total=0 successes=0
produced block height=34862 tx_total=0 successes=0
produced block height=34863 tx_total=0 successes=0
produced block height=34864 tx_total=0 successes=0
produced block height=34865 tx_total=0 successes=0
produced block height=34866 tx_total=0 successes=0
produced block height=34867 tx_total=0 successes=0
produced block height=34868 tx_total=0 successes=0
produced block height=34869 tx_total=0 successes=0
produced block height=34870 tx_total=0 successes=0
produced block height=34871 tx_total=0 successes=0
produced block height=34872 tx_total=0 successes=0
produced block height=34873 tx_total=0 successes=0
produced block height=34874 tx_total=0 successes=0
produced block height=34875 tx_total=0 successes=0
produced block height=34876 tx_total=0 successes=0
produced block height=34877 tx_total=0 successes=0
produced block height=34878 tx_total=0 successes=0
produced block height=34879 tx_total=0 successes=0
produced block height=34880 tx_total=0 successes=0
produced block height=34881 tx_total=0 successes=0
produced block height=34882 tx_total=0 successes=0
produced block height=34883 tx_total=0 successes=0
produced block height=34884 tx_total=0 successes=0
produced block height=34885 tx_total=0 successes=0
produced block height=34886 tx_total=0 successes=0
produced block height=34887 tx_total=0 successes=0
produced block height=34888 tx_total=0 successes=0
produced block height=34889 tx_total=0 successes=0
produced block height=34890 tx_total=0 successes=0
produced block height=34891 tx_total=0 successes=0
produced block height=34892 tx_total=0 successes=0
produced block height=34893 tx_total=0 successes=0
produced block height=34894 tx_total=0 successes=0
produced block height=34895 tx_total=0 successes=0
produced block height=34896 tx_total=0 successes=0
produced block height=34897 tx_total=0 successes=0
produced block height=34898 tx_total=0 successes=0
produced block height=34899 tx_total=0 successes=0
produced block height=34900 tx_total=0 successes=0
produced block height=34901 tx_total=0 successes=0
produced block height=34902 tx_total=0 successes=0
produced block height=34903 tx_total=0 successes=0
produced block height=34904 tx_total=0 successes=0
produced block height=34905 tx_total=0 successes=0
produced block height=34906 tx_total=0 successes=0
produced block height=34907 tx_total=0 successes=0
produced block height=34908 tx_total=0 successes=0
produced block height=34909 tx_total=0 successes=0
produced block height=34910 tx_total=0 successes=0
produced block height=34911 tx_total=0 successes=0
produced block height=34912 tx_total=0 successes=0
produced block height=34913 tx_total=0 successes=0
produced block height=34914 tx_total=0 successes=0
produced block height=34915 tx_total=0 successes=0
produced block height=34916 tx_total=0 successes=0
produced block height=34917 tx_total=0 successes=0
produced block height=34918 tx_total=0 successes=0
produced block height=34919 tx_total=0 successes=0
produced block height=34920 tx_total=0 successes=0
produced block height=34921 tx_total=0 successes=0
produced block height=34922 tx_total=0 successes=0
produced block height=34923 tx_total=0 successes=0
produced block height=34924 tx_total=0 successes=0
produced block height=34925 tx_total=0 successes=0
produced block height=34926 tx_total=0 successes=0
produced block height=34927 tx_total=0 successes=0
produced block height=34928 tx_total=0 successes=0
produced block height=34929 tx_total=0 successes=0
produced block height=34930 tx_total=0 successes=0
produced block height=34931 tx_total=0 successes=0
produced block height=34932 tx_total=0 successes=0
produced block height=34933 tx_total=0 successes=0
produced block height=34934 tx_total=0 successes=0
produced block height=34935 tx_total=0 successes=0
produced block height=34936 tx_total=0 successes=0
produced block height=34937 tx_total=0 successes=0
produced block height=34938 tx_total=0 successes=0
produced block height=34939 tx_total=0 successes=0
produced block height=34940 tx_total=0 successes=0
produced block height=34941 tx_total=0 successes=0
produced block height=34942 tx_total=0 successes=0
produced block height=34943 tx_total=0 successes=0
produced block height=34944 tx_total=0 successes=0
produced block height=34945 tx_total=0 successes=0
produced block height=34946 tx_total=0 successes=0
produced block height=34947 tx_total=0 successes=0
produced block height=34948 tx_total=0 successes=0
produced block height=34949 tx_total=0 successes=0
produced block height=34950 tx_total=0 successes=0
produced block height=34951 tx_total=0 successes=0
produced block height=34952 tx_total=0 successes=0
produced block height=34953 tx_total=0 successes=0
produced block height=34954 tx_total=0 successes=0
produced block height=34955 tx_total=0 successes=0
produced block height=34956 tx_total=0 successes=0
produced block height=34957 tx_total=0 successes=0
produced block height=34958 tx_total=0 successes=0
produced block height=34959 tx_total=0 successes=0
produced block height=34960 tx_total=0 successes=0
produced block height=34961 tx_total=0 successes=0
produced block height=34962 tx_total=0 successes=0
produced block height=34963 tx_total=0 successes=0
produced block height=34964 tx_total=0 successes=0
produced block height=34965 tx_total=0 successes=0
produced block height=34966 tx_total=0 successes=0
produced block height=34967 tx_total=0 successes=0
produced block height=34968 tx_total=0 successes=0
produced block height=34969 tx_total=0 successes=0
produced block height=34970 tx_total=0 successes=0
produced block height=34971 tx_total=0 successes=0
produced block height=34972 tx_total=0 successes=0
produced block height=34973 tx_total=0 successes=0
produced block height=34974 tx_total=0 successes=0
produced block height=34975 tx_total=0 successes=0
produced block height=34976 tx_total=0 successes=0
produced block height=34977 tx_total=0 successes=0
produced block height=34978 tx_total=0 successes=0
produced block height=34979 tx_total=0 successes=0
produced block height=34980 tx_total=0 successes=0
produced block height=34981 tx_total=0 successes=0
produced block height=34982 tx_total=0 successes=0
produced block height=34983 tx_total=0 successes=0
produced block height=34984 tx_total=0 successes=0
produced block height=34985 tx_total=0 successes=0
produced block height=34986 tx_total=0 successes=0
produced block height=34987 tx_total=0 successes=0
produced block height=34988 tx_total=0 successes=0
produced block height=34989 tx_total=0 successes=0
produced block height=34990 tx_total=0 successes=0
produced block height=34991 tx_total=0 successes=0
produced block height=34992 tx_total=0 successes=0
produced block height=34993 tx_total=0 successes=0
produced block height=34994 tx_total=0 successes=0
produced block height=34995 tx_total=0 successes=0
produced block height=34996 tx_total=0 successes=0
produced block height=34997 tx_total=0 successes=0
produced block height=34998 tx_total=0 successes=0
produced block height=34999 tx_total=0 successes=0
produced block height=35000 tx_total=0 successes=0
produced block height=35001 tx_total=0 successes=0
produced block height=35002 tx_total=0 successes=0
produced block height=35003 tx_total=0 successes=0
produced block height=35004 tx_total=0 successes=0
produced block height=35005 tx_total=0 successes=0
produced block height=35006 tx_total=0 successes=0
produced block height=35007 tx_total=0 successes=0
produced block height=35008 tx_total=0 successes=0
produced block height=35009 tx_total=0 successes=0
produced block height=35010 tx_total=0 successes=0
produced block height=35011 tx_total=0 successes=0
produced block height=35012 tx_total=0 successes=0
produced block height=35013 tx_total=0 successes=0
produced block height=35014 tx_total=0 successes=0
produced block height=35015 tx_total=0 successes=0
produced block height=35016 tx_total=0 successes=0
produced block height=35017 tx_total=0 successes=0
produced block height=35018 tx_total=0 successes=0
produced block height=35019 tx_total=0 successes=0
produced block height=35020 tx_total=0 successes=0
produced block height=35021 tx_total=0 successes=0
produced block height=35022 tx_total=0 successes=0
produced block height=35023 tx_total=0 successes=0
produced block height=35024 tx_total=0 successes=0
produced block height=35025 tx_total=0 successes=0
produced block height=35026 tx_total=0 successes=0
produced block height=35027 tx_total=0 successes=0
produced block height=35028 tx_total=0 successes=0
produced block height=35029 tx_total=0 successes=0
produced block height=35030 tx_total=0 successes=0
produced block height=35031 tx_total=0 successes=0
produced block height=35032 tx_total=0 successes=0
produced block height=35033 tx_total=0 successes=0
produced block height=35034 tx_total=0 successes=0
produced block height=35035 tx_total=0 successes=0
produced block height=35036 tx_total=0 successes=0
produced block height=35037 tx_total=0 successes=0
produced block height=35038 tx_total=0 successes=0
produced block height=35039 tx_total=0 successes=0
produced block height=35040 tx_total=0 successes=0
produced block height=35041 tx_total=0 successes=0
produced block height=35042 tx_total=0 successes=0
produced block height=35043 tx_total=0 successes=0
produced block height=35044 tx_total=0 successes=0
produced block height=35045 tx_total=0 successes=0
produced block height=35046 tx_total=0 successes=0
produced block height=35047 tx_total=0 successes=0
produced block height=35048 tx_total=0 successes=0
produced block height=35049 tx_total=0 successes=0
produced block height=35050 tx_total=0 successes=0
produced block height=35051 tx_total=0 successes=0
produced block height=35052 tx_total=0 successes=0
produced block height=35053 tx_total=0 successes=0
produced block height=35054 tx_total=0 successes=0
produced block height=35055 tx_total=0 successes=0
produced block height=35056 tx_total=0 successes=0
produced block height=35057 tx_total=0 successes=0
produced block height=35058 tx_total=0 successes=0
produced block height=35059 tx_total=0 successes=0
produced block height=35060 tx_total=0 successes=0
produced block height=35061 tx_total=0 successes=0
produced block height=35062 tx_total=0 successes=0
produced block height=35063 tx_total=0 successes=0
produced block height=35064 tx_total=0 successes=0
produced block height=35065 tx_total=0 successes=0
produced block height=35066 tx_total=0 successes=0
produced block height=35067 tx_total=0 successes=0
produced block height=35068 tx_total=0 successes=0
produced block height=35069 tx_total=0 successes=0
produced block height=35070 tx_total=0 successes=0
produced block height=35071 tx_total=0 successes=0
produced block height=35072 tx_total=0 successes=0
produced block height=35073 tx_total=0 successes=0
produced block height=35074 tx_total=0 successes=0
produced block height=35075 tx_total=0 successes=0
produced block height=35076 tx_total=0 successes=0
produced block height=35077 tx_total=0 successes=0
produced block height=35078 tx_total=0 successes=0
produced block height=35079 tx_total=0 successes=0
produced block height=35080 tx_total=0 successes=0
produced block height=35081 tx_total=0 successes=0
produced block height=35082 tx_total=0 successes=0
produced block height=35083 tx_total=0 successes=0
produced block height=35084 tx_total=0 successes=0
produced block height=35085 tx_total=0 successes=0
produced block height=35086 tx_total=0 successes=0
produced block height=35087 tx_total=0 successes=0
produced block height=35088 tx_total=0 successes=0
produced block height=35089 tx_total=0 successes=0
produced block height=35090 tx_total=0 successes=0
produced block height=35091 tx_total=0 successes=0
produced block height=35092 tx_total=0 successes=0
produced block height=35093 tx_total=0 successes=0
produced block height=35094 tx_total=0 successes=0
produced block height=35095 tx_total=0 successes=0
produced block height=35096 tx_total=0 successes=0
produced block height=35097 tx_total=0 successes=0
produced block height=35098 tx_total=0 successes=0
produced block height=35099 tx_total=0 successes=0
produced block height=35100 tx_total=0 successes=0
produced block height=35101 tx_total=0 successes=0
produced block height=35102 tx_total=0 successes=0
produced block height=35103 tx_total=0 successes=0
produced block height=35104 tx_total=0 successes=0
produced block height=35105 tx_total=0 successes=0
produced block height=35106 tx_total=0 successes=0
produced block height=35107 tx_total=0 successes=0
produced block height=35108 tx_total=0 successes=0
produced block height=35109 tx_total=0 successes=0
produced block height=35110 tx_total=0 successes=0
produced block height=35111 tx_total=0 successes=0
produced block height=35112 tx_total=0 successes=0
produced block height=35113 tx_total=0 successes=0
produced block height=35114 tx_total=0 successes=0
produced block height=35115 tx_total=0 successes=0
produced block height=35116 tx_total=0 successes=0
produced block height=35117 tx_total=0 successes=0
produced block height=35118 tx_total=0 successes=0
produced block height=35119 tx_total=0 successes=0
produced block height=35120 tx_total=0 successes=0
produced block height=35121 tx_total=0 successes=0
produced block height=35122 tx_total=0 successes=0
produced block height=35123 tx_total=0 successes=0
produced block height=35124 tx_total=0 successes=0
produced block height=35125 tx_total=0 successes=0
produced block height=35126 tx_total=0 successes=0
produced block height=35127 tx_total=0 successes=0
produced block height=35128 tx_total=0 successes=0
produced block height=35129 tx_total=0 successes=0
produced block height=35130 tx_total=0 successes=0
produced block height=35131 tx_total=0 successes=0
produced block height=35132 tx_total=0 successes=0
produced block height=35133 tx_total=0 successes=0
produced block height=35134 tx_total=0 successes=0
produced block height=35135 tx_total=0 successes=0
produced block height=35136 tx_total=0 successes=0
produced block height=35137 tx_total=0 successes=0
produced block height=35138 tx_total=0 successes=0
produced block height=35139 tx_total=0 successes=0
produced block height=35140 tx_total=0 successes=0
produced block height=35141 tx_total=0 successes=0
produced block height=35142 tx_total=0 successes=0
produced block height=35143 tx_total=0 successes=0
produced block height=35144 tx_total=0 successes=0
produced block height=35145 tx_total=0 successes=0
produced block height=35146 tx_total=0 successes=0
produced block height=35147 tx_total=0 successes=0
produced block height=35148 tx_total=0 successes=0
produced block height=35149 tx_total=0 successes=0
produced block height=35150 tx_total=0 successes=0
produced block height=35151 tx_total=0 successes=0
produced block height=35152 tx_total=0 successes=0
produced block height=35153 tx_total=0 successes=0
produced block height=35154 tx_total=0 successes=0
produced block height=35155 tx_total=0 successes=0
produced block height=35156 tx_total=0 successes=0
produced block height=35157 tx_total=0 successes=0
produced block height=35158 tx_total=0 successes=0
produced block height=35159 tx_total=0 successes=0
produced block height=35160 tx_total=0 successes=0
produced block height=35161 tx_total=0 successes=0
produced block height=35162 tx_total=0 successes=0
produced block height=35163 tx_total=0 successes=0
produced block height=35164 tx_total=0 successes=0
produced block height=35165 tx_total=0 successes=0
produced block height=35166 tx_total=0 successes=0
produced block height=35167 tx_total=0 successes=0
produced block height=35168 tx_total=0 successes=0
produced block height=35169 tx_total=0 successes=0
produced block height=35170 tx_total=0 successes=0
produced block height=35171 tx_total=0 successes=0
produced block height=35172 tx_total=0 successes=0
produced block height=35173 tx_total=0 successes=0
produced block height=35174 tx_total=0 successes=0
produced block height=35175 tx_total=0 successes=0
produced block height=35176 tx_total=0 successes=0
produced block height=35177 tx_total=0 successes=0
produced block height=35178 tx_total=0 successes=0
produced block height=35179 tx_total=0 successes=0
produced block height=35180 tx_total=0 successes=0
produced block height=35181 tx_total=0 successes=0
produced block height=35182 tx_total=0 successes=0
produced block height=35183 tx_total=0 successes=0
produced block height=35184 tx_total=0 successes=0
produced block height=35185 tx_total=0 successes=0
produced block height=35186 tx_total=0 successes=0
produced block height=35187 tx_total=0 successes=0
produced block height=35188 tx_total=0 successes=0
produced block height=35189 tx_total=0 successes=0
produced block height=35190 tx_total=0 successes=0
produced block height=35191 tx_total=0 successes=0
produced block height=35192 tx_total=0 successes=0
produced block height=35193 tx_total=0 successes=0
produced block height=35194 tx_total=0 successes=0
produced block height=35195 tx_total=0 successes=0
produced block height=35196 tx_total=0 successes=0
produced block height=35197 tx_total=0 successes=0
produced block height=35198 tx_total=0 successes=0
produced block height=35199 tx_total=0 successes=0
produced block height=35200 tx_total=0 successes=0
produced block height=35201 tx_total=0 successes=0
produced block height=35202 tx_total=0 successes=0
produced block height=35203 tx_total=0 successes=0
produced block height=35204 tx_total=0 successes=0
produced block height=35205 tx_total=0 successes=0
produced block height=35206 tx_total=0 successes=0
produced block height=35207 tx_total=0 successes=0
produced block height=35208 tx_total=0 successes=0
produced block height=35209 tx_total=0 successes=0
produced block height=35210 tx_total=0 successes=0
produced block height=35211 tx_total=0 successes=0
produced block height=35212 tx_total=0 successes=0
produced block height=35213 tx_total=0 successes=0
produced block height=35214 tx_total=0 successes=0
produced block height=35215 tx_total=0 successes=0
produced block height=35216 tx_total=0 successes=0
produced block height=35217 tx_total=0 successes=0
produced block height=35218 tx_total=0 successes=0
produced block height=35219 tx_total=0 successes=0
produced block height=35220 tx_total=0 successes=0
produced block height=35221 tx_total=0 successes=0
produced block height=35222 tx_total=0 successes=0
produced block height=35223 tx_total=0 successes=0
produced block height=35224 tx_total=0 successes=0
produced block height=35225 tx_total=0 successes=0
produced block height=35226 tx_total=0 successes=0
produced block height=35227 tx_total=0 successes=0
produced block height=35228 tx_total=0 successes=0
produced block height=35229 tx_total=0 successes=0
produced block height=35230 tx_total=0 successes=0
produced block height=35231 tx_total=0 successes=0
produced block height=35232 tx_total=0 successes=0
produced block height=35233 tx_total=0 successes=0
produced block height=35234 tx_total=0 successes=0
produced block height=35235 tx_total=0 successes=0
produced block height=35236 tx_total=0 successes=0
produced block height=35237 tx_total=0 successes=0
produced block height=35238 tx_total=0 successes=0
produced block height=35239 tx_total=0 successes=0
produced block height=35240 tx_total=0 successes=0
produced block height=35241 tx_total=0 successes=0
produced block height=35242 tx_total=0 successes=0
produced block height=35243 tx_total=0 successes=0
produced block height=35244 tx_total=0 successes=0
produced block height=35245 tx_total=0 successes=0
produced block height=35246 tx_total=0 successes=0
produced block height=35247 tx_total=0 successes=0
produced block height=35248 tx_total=0 successes=0
produced block height=35249 tx_total=0 successes=0
produced block height=35250 tx_total=0 successes=0
produced block height=35251 tx_total=0 successes=0
produced block height=35252 tx_total=0 successes=0
produced block height=35253 tx_total=0 successes=0
produced block height=35254 tx_total=0 successes=0
produced block height=35255 tx_total=0 successes=0
produced block height=35256 tx_total=0 successes=0
produced block height=35257 tx_total=0 successes=0
produced block height=35258 tx_total=0 successes=0
produced block height=35259 tx_total=0 successes=0
produced block height=35260 tx_total=0 successes=0
produced block height=35261 tx_total=0 successes=0
produced block height=35262 tx_total=0 successes=0
produced block height=35263 tx_total=0 successes=0
produced block height=35264 tx_total=0 successes=0
produced block height=35265 tx_total=0 successes=0
produced block height=35266 tx_total=0 successes=0
produced block height=35267 tx_total=0 successes=0
produced block height=35268 tx_total=0 successes=0
produced block height=35269 tx_total=0 successes=0
produced block height=35270 tx_total=0 successes=0
produced block height=35271 tx_total=0 successes=0
produced block height=35272 tx_total=0 successes=0
produced block height=35273 tx_total=0 successes=0
produced block height=35274 tx_total=0 successes=0
produced block height=35275 tx_total=0 successes=0
produced block height=35276 tx_total=0 successes=0
produced block height=35277 tx_total=0 successes=0
produced block height=35278 tx_total=0 successes=0
produced block height=35279 tx_total=0 successes=0
produced block height=35280 tx_total=0 successes=0
produced block height=35281 tx_total=0 successes=0
produced block height=35282 tx_total=0 successes=0
produced block height=35283 tx_total=0 successes=0
produced block height=35284 tx_total=0 successes=0
produced block height=35285 tx_total=0 successes=0
produced block height=35286 tx_total=0 successes=0
produced block height=35287 tx_total=0 successes=0
produced block height=35288 tx_total=0 successes=0
produced block height=35289 tx_total=0 successes=0
produced block height=35290 tx_total=0 successes=0
produced block height=35291 tx_total=0 successes=0
produced block height=35292 tx_total=0 successes=0
produced block height=35293 tx_total=0 successes=0
produced block height=35294 tx_total=0 successes=0
produced block height=35295 tx_total=0 successes=0
produced block height=35296 tx_total=0 successes=0
produced block height=35297 tx_total=0 successes=0
produced block height=35298 tx_total=0 successes=0
produced block height=35299 tx_total=0 successes=0
produced block height=35300 tx_total=0 successes=0
produced block height=35301 tx_total=0 successes=0
produced block height=35302 tx_total=0 successes=0
produced block height=35303 tx_total=0 successes=0
produced block height=35304 tx_total=0 successes=0
produced block height=35305 tx_total=0 successes=0
produced block height=35306 tx_total=0 successes=0
produced block height=35307 tx_total=0 successes=0
produced block height=35308 tx_total=0 successes=0
produced block height=35309 tx_total=0 successes=0
produced block height=35310 tx_total=0 successes=0
produced block height=35311 tx_total=0 successes=0
produced block height=35312 tx_total=0 successes=0
produced block height=35313 tx_total=0 successes=0
produced block height=35314 tx_total=0 successes=0
produced block height=35315 tx_total=0 successes=0
produced block height=35316 tx_total=0 successes=0
produced block height=35317 tx_total=0 successes=0
produced block height=35318 tx_total=0 successes=0
produced block height=35319 tx_total=0 successes=0
produced block height=35320 tx_total=0 successes=0
produced block height=35321 tx_total=0 successes=0
produced block height=35322 tx_total=0 successes=0
produced block height=35323 tx_total=0 successes=0
produced block height=35324 tx_total=0 successes=0
produced block height=35325 tx_total=0 successes=0
produced block height=35326 tx_total=0 successes=0
produced block height=35327 tx_total=0 successes=0
produced block height=35328 tx_total=0 successes=0
produced block height=35329 tx_total=0 successes=0
produced block height=35330 tx_total=0 successes=0
produced block height=35331 tx_total=0 successes=0
produced block height=35332 tx_total=0 successes=0
produced block height=35333 tx_total=0 successes=0
produced block height=35334 tx_total=0 successes=0
produced block height=35335 tx_total=0 successes=0
produced block height=35336 tx_total=0 successes=0
produced block height=35337 tx_total=0 successes=0
produced block height=35338 tx_total=0 successes=0
produced block height=35339 tx_total=0 successes=0
produced block height=35340 tx_total=0 successes=0
produced block height=35341 tx_total=0 successes=0
produced block height=35342 tx_total=0 successes=0
produced block height=35343 tx_total=0 successes=0
produced block height=35344 tx_total=0 successes=0
produced block height=35345 tx_total=0 successes=0
produced block height=35346 tx_total=0 successes=0
produced block height=35347 tx_total=0 successes=0
produced block height=35348 tx_total=0 successes=0
produced block height=35349 tx_total=0 successes=0
produced block height=35350 tx_total=0 successes=0
produced block height=35351 tx_total=0 successes=0
produced block height=35352 tx_total=0 successes=0
produced block height=35353 tx_total=0 successes=0
produced block height=35354 tx_total=0 successes=0
produced block height=35355 tx_total=0 successes=0
produced block height=35356 tx_total=0 successes=0
produced block height=35357 tx_total=0 successes=0
produced block height=35358 tx_total=0 successes=0
produced block height=35359 tx_total=0 successes=0
produced block height=35360 tx_total=0 successes=0
produced block height=35361 tx_total=0 successes=0
produced block height=35362 tx_total=0 successes=0
produced block height=35363 tx_total=0 successes=0
produced block height=35364 tx_total=0 successes=0
produced block height=35365 tx_total=0 successes=0
produced block height=35366 tx_total=0 successes=0
produced block height=35367 tx_total=0 successes=0
produced block height=35368 tx_total=0 successes=0
produced block height=35369 tx_total=0 successes=0
produced block height=35370 tx_total=0 successes=0
produced block height=35371 tx_total=0 successes=0
produced block height=35372 tx_total=0 successes=0
produced block height=35373 tx_total=0 successes=0
produced block height=35374 tx_total=0 successes=0
produced block height=35375 tx_total=0 successes=0
produced block height=35376 tx_total=0 successes=0
produced block height=35377 tx_total=0 successes=0
produced block height=35378 tx_total=0 successes=0
produced block height=35379 tx_total=0 successes=0
produced block height=35380 tx_total=0 successes=0
produced block height=35381 tx_total=0 successes=0
produced block height=35382 tx_total=0 successes=0
produced block height=35383 tx_total=0 successes=0
produced block height=35384 tx_total=0 successes=0
produced block height=35385 tx_total=0 successes=0
produced block height=35386 tx_total=0 successes=0
produced block height=35387 tx_total=0 successes=0
produced block height=35388 tx_total=0 successes=0
produced block height=35389 tx_total=0 successes=0
produced block height=35390 tx_total=0 successes=0
produced block height=35391 tx_total=0 successes=0
produced block height=35392 tx_total=0 successes=0
produced block height=35393 tx_total=0 successes=0
produced block height=35394 tx_total=0 successes=0
produced block height=35395 tx_total=0 successes=0
produced block height=35396 tx_total=0 successes=0
produced block height=35397 tx_total=0 successes=0
produced block height=35398 tx_total=0 successes=0
produced block height=35399 tx_total=0 successes=0
produced block height=35400 tx_total=0 successes=0
produced block height=35401 tx_total=0 successes=0
produced block height=35402 tx_total=0 successes=0
produced block height=35403 tx_total=0 successes=0
produced block height=35404 tx_total=0 successes=0
produced block height=35405 tx_total=0 successes=0
produced block height=35406 tx_total=0 successes=0
produced block height=35407 tx_total=0 successes=0
produced block height=35408 tx_total=0 successes=0
produced block height=35409 tx_total=0 successes=0
produced block height=35410 tx_total=0 successes=0
produced block height=35411 tx_total=0 successes=0
produced block height=35412 tx_total=0 successes=0
produced block height=35413 tx_total=0 successes=0
produced block height=35414 tx_total=0 successes=0
produced block height=35415 tx_total=0 successes=0
produced block height=35416 tx_total=0 successes=0
produced block height=35417 tx_total=0 successes=0
produced block height=35418 tx_total=0 successes=0
produced block height=35419 tx_total=0 successes=0
produced block height=35420 tx_total=0 successes=0
produced block height=35421 tx_total=0 successes=0
produced block height=35422 tx_total=0 successes=0
produced block height=35423 tx_total=0 successes=0
produced block height=35424 tx_total=0 successes=0
produced block height=35425 tx_total=0 successes=0
produced block height=35426 tx_total=0 successes=0
produced block height=35427 tx_total=0 successes=0
produced block height=35428 tx_total=0 successes=0
produced block height=35429 tx_total=0 successes=0
produced block height=35430 tx_total=0 successes=0
produced block height=35431 tx_total=0 successes=0
produced block height=35432 tx_total=0 successes=0
produced block height=35433 tx_total=0 successes=0
produced block height=35434 tx_total=0 successes=0
produced block height=35435 tx_total=0 successes=0
produced block height=35436 tx_total=0 successes=0
produced block height=35437 tx_total=0 successes=0
produced block height=35438 tx_total=0 successes=0
produced block height=35439 tx_total=0 successes=0
produced block height=35440 tx_total=0 successes=0
produced block height=35441 tx_total=0 successes=0
produced block height=35442 tx_total=0 successes=0
produced block height=35443 tx_total=0 successes=0
produced block height=35444 tx_total=0 successes=0
produced block height=35445 tx_total=0 successes=0
produced block height=35446 tx_total=0 successes=0
produced block height=35447 tx_total=0 successes=0
produced block height=35448 tx_total=0 successes=0
produced block height=35449 tx_total=0 successes=0
produced block height=35450 tx_total=0 successes=0
produced block height=35451 tx_total=0 successes=0
produced block height=35452 tx_total=0 successes=0
produced block height=35453 tx_total=0 successes=0
produced block height=35454 tx_total=0 successes=0
produced block height=35455 tx_total=0 successes=0
produced block height=35456 tx_total=0 successes=0
produced block height=35457 tx_total=0 successes=0
produced block height=35458 tx_total=0 successes=0
produced block height=35459 tx_total=0 successes=0
produced block height=35460 tx_total=0 successes=0
produced block height=35461 tx_total=0 successes=0
produced block height=35462 tx_total=0 successes=0
produced block height=35463 tx_total=0 successes=0
produced block height=35464 tx_total=0 successes=0
produced block height=35465 tx_total=0 successes=0
produced block height=35466 tx_total=0 successes=0
produced block height=35467 tx_total=0 successes=0
produced block height=35468 tx_total=0 successes=0
produced block height=35469 tx_total=0 successes=0
produced block height=35470 tx_total=0 successes=0
produced block height=35471 tx_total=0 successes=0
produced block height=35472 tx_total=0 successes=0
produced block height=35473 tx_total=0 successes=0
produced block height=35474 tx_total=0 successes=0
produced block height=35475 tx_total=0 successes=0
produced block height=35476 tx_total=0 successes=0
produced block height=35477 tx_total=0 successes=0
produced block height=35478 tx_total=0 successes=0
produced block height=35479 tx_total=0 successes=0
produced block height=35480 tx_total=0 successes=0
produced block height=35481 tx_total=0 successes=0
produced block height=35482 tx_total=0 successes=0
produced block height=35483 tx_total=0 successes=0
produced block height=35484 tx_total=0 successes=0
produced block height=35485 tx_total=0 successes=0
produced block height=35486 tx_total=0 successes=0
produced block height=35487 tx_total=0 successes=0
produced block height=35488 tx_total=0 successes=0
produced block height=35489 tx_total=0 successes=0
produced block height=35490 tx_total=0 successes=0
produced block height=35491 tx_total=0 successes=0
produced block height=35492 tx_total=0 successes=0
produced block height=35493 tx_total=0 successes=0
produced block height=35494 tx_total=0 successes=0
produced block height=35495 tx_total=0 successes=0
produced block height=35496 tx_total=0 successes=0
produced block height=35497 tx_total=0 successes=0
produced block height=35498 tx_total=0 successes=0
produced block height=35499 tx_total=0 successes=0
produced block height=35500 tx_total=0 successes=0
produced block height=35501 tx_total=0 successes=0
produced block height=35502 tx_total=0 successes=0
produced block height=35503 tx_total=0 successes=0
produced block height=35504 tx_total=0 successes=0
produced block height=35505 tx_total=0 successes=0
produced block height=35506 tx_total=0 successes=0
produced block height=35507 tx_total=0 successes=0
produced block height=35508 tx_total=0 successes=0
produced block height=35509 tx_total=0 successes=0
produced block height=35510 tx_total=0 successes=0
produced block height=35511 tx_total=0 successes=0
produced block height=35512 tx_total=0 successes=0
produced block height=35513 tx_total=0 successes=0
produced block height=35514 tx_total=0 successes=0
produced block height=35515 tx_total=0 successes=0
produced block height=35516 tx_total=0 successes=0
produced block height=35517 tx_total=0 successes=0
produced block height=35518 tx_total=0 successes=0
produced block height=35519 tx_total=0 successes=0
produced block height=35520 tx_total=0 successes=0
produced block height=35521 tx_total=0 successes=0
produced block height=35522 tx_total=0 successes=0
produced block height=35523 tx_total=0 successes=0
produced block height=35524 tx_total=0 successes=0
produced block height=35525 tx_total=0 successes=0
produced block height=35526 tx_total=0 successes=0
produced block height=35527 tx_total=0 successes=0
produced block height=35528 tx_total=0 successes=0
produced block height=35529 tx_total=0 successes=0
produced block height=35530 tx_total=0 successes=0
produced block height=35531 tx_total=0 successes=0
produced block height=35532 tx_total=0 successes=0
produced block height=35533 tx_total=0 successes=0
produced block height=35534 tx_total=0 successes=0
produced block height=35535 tx_total=0 successes=0
produced block height=35536 tx_total=0 successes=0
produced block height=35537 tx_total=0 successes=0
produced block height=35538 tx_total=0 successes=0
produced block height=35539 tx_total=0 successes=0
produced block height=35540 tx_total=0 successes=0
produced block height=35541 tx_total=0 successes=0
produced block height=35542 tx_total=0 successes=0
produced block height=35543 tx_total=0 successes=0
produced block height=35544 tx_total=0 successes=0
produced block height=35545 tx_total=0 successes=0
produced block height=35546 tx_total=0 successes=0
produced block height=35547 tx_total=0 successes=0
produced block height=35548 tx_total=0 successes=0
produced block height=35549 tx_total=0 successes=0
produced block height=35550 tx_total=0 successes=0
produced block height=35551 tx_total=0 successes=0
produced block height=35552 tx_total=0 successes=0
produced block height=35553 tx_total=0 successes=0
produced block height=35554 tx_total=0 successes=0
produced block height=35555 tx_total=0 successes=0
produced block height=35556 tx_total=0 successes=0
produced block height=35557 tx_total=0 successes=0
produced block height=35558 tx_total=0 successes=0
produced block height=35559 tx_total=0 successes=0
produced block height=35560 tx_total=0 successes=0
produced block height=35561 tx_total=0 successes=0
produced block height=35562 tx_total=0 successes=0
produced block height=35563 tx_total=0 successes=0
produced block height=35564 tx_total=0 successes=0
produced block height=35565 tx_total=0 successes=0
produced block height=35566 tx_total=0 successes=0
produced block height=35567 tx_total=0 successes=0
produced block height=35568 tx_total=0 successes=0
produced block height=35569 tx_total=0 successes=0
produced block height=35570 tx_total=0 successes=0
produced block height=35571 tx_total=0 successes=0
produced block height=35572 tx_total=0 successes=0
produced block height=35573 tx_total=0 successes=0
produced block height=35574 tx_total=0 successes=0
produced block height=35575 tx_total=0 successes=0
produced block height=35576 tx_total=0 successes=0
produced block height=35577 tx_total=0 successes=0
produced block height=35578 tx_total=0 successes=0
produced block height=35579 tx_total=0 successes=0
produced block height=35580 tx_total=0 successes=0
produced block height=35581 tx_total=0 successes=0
produced block height=35582 tx_total=0 successes=0
produced block height=35583 tx_total=0 successes=0
produced block height=35584 tx_total=0 successes=0
produced block height=35585 tx_total=0 successes=0
produced block height=35586 tx_total=0 successes=0
produced block height=35587 tx_total=0 successes=0
produced block height=35588 tx_total=0 successes=0
produced block height=35589 tx_total=0 successes=0
produced block height=35590 tx_total=0 successes=0
produced block height=35591 tx_total=0 successes=0
produced block height=35592 tx_total=0 successes=0
produced block height=35593 tx_total=0 successes=0
produced block height=35594 tx_total=0 successes=0
produced block height=35595 tx_total=0 successes=0
produced block height=35596 tx_total=0 successes=0
produced block height=35597 tx_total=0 successes=0
produced block height=35598 tx_total=0 successes=0
produced block height=35599 tx_total=0 successes=0
produced block height=35600 tx_total=0 successes=0
produced block height=35601 tx_total=0 successes=0
produced block height=35602 tx_total=0 successes=0
produced block height=35603 tx_total=0 successes=0
produced block height=35604 tx_total=0 successes=0
produced block height=35605 tx_total=0 successes=0
produced block height=35606 tx_total=0 successes=0
produced block height=35607 tx_total=0 successes=0
produced block height=35608 tx_total=0 successes=0
produced block height=35609 tx_total=0 successes=0
produced block height=35610 tx_total=0 successes=0
produced block height=35611 tx_total=0 successes=0
produced block height=35612 tx_total=0 successes=0
produced block height=35613 tx_total=0 successes=0
produced block height=35614 tx_total=0 successes=0
produced block height=35615 tx_total=0 successes=0
produced block height=35616 tx_total=0 successes=0
produced block height=35617 tx_total=0 successes=0
produced block height=35618 tx_total=0 successes=0
produced block height=35619 tx_total=0 successes=0
produced block height=35620 tx_total=0 successes=0
produced block height=35621 tx_total=0 successes=0
produced block height=35622 tx_total=0 successes=0
produced block height=35623 tx_total=0 successes=0
produced block height=35624 tx_total=0 successes=0
produced block height=35625 tx_total=0 successes=0
produced block height=35626 tx_total=0 successes=0
produced block height=35627 tx_total=0 successes=0
produced block height=35628 tx_total=0 successes=0
produced block height=35629 tx_total=0 successes=0
produced block height=35630 tx_total=0 successes=0
produced block height=35631 tx_total=0 successes=0
produced block height=35632 tx_total=0 successes=0
produced block height=35633 tx_total=0 successes=0
produced block height=35634 tx_total=0 successes=0
produced block height=35635 tx_total=0 successes=0
produced block height=35636 tx_total=0 successes=0
produced block height=35637 tx_total=0 successes=0
produced block height=35638 tx_total=0 successes=0
produced block height=35639 tx_total=0 successes=0
produced block height=35640 tx_total=0 successes=0
produced block height=35641 tx_total=0 successes=0
produced block height=35642 tx_total=0 successes=0
produced block height=35643 tx_total=0 successes=0
produced block height=35644 tx_total=0 successes=0
produced block height=35645 tx_total=0 successes=0
produced block height=35646 tx_total=0 successes=0
produced block height=35647 tx_total=0 successes=0
produced block height=35648 tx_total=0 successes=0
produced block height=35649 tx_total=0 successes=0
produced block height=35650 tx_total=0 successes=0
produced block height=35651 tx_total=0 successes=0
produced block height=35652 tx_total=0 successes=0
produced block height=35653 tx_total=0 successes=0
produced block height=35654 tx_total=0 successes=0
produced block height=35655 tx_total=0 successes=0
produced block height=35656 tx_total=0 successes=0
produced block height=35657 tx_total=0 successes=0
produced block height=35658 tx_total=0 successes=0
produced block height=35659 tx_total=0 successes=0
produced block height=35660 tx_total=0 successes=0
produced block height=35661 tx_total=0 successes=0
produced block height=35662 tx_total=0 successes=0
produced block height=35663 tx_total=0 successes=0
produced block height=35664 tx_total=0 successes=0
produced block height=35665 tx_total=0 successes=0
produced block height=35666 tx_total=0 successes=0
produced block height=35667 tx_total=0 successes=0
produced block height=35668 tx_total=0 successes=0
produced block height=35669 tx_total=0 successes=0
produced block height=35670 tx_total=0 successes=0
produced block height=35671 tx_total=0 successes=0
produced block height=35672 tx_total=0 successes=0
produced block height=35673 tx_total=0 successes=0
produced block height=35674 tx_total=0 successes=0
produced block height=35675 tx_total=0 successes=0
produced block height=35676 tx_total=0 successes=0
produced block height=35677 tx_total=0 successes=0
produced block height=35678 tx_total=0 successes=0
produced block height=35679 tx_total=0 successes=0
produced block height=35680 tx_total=0 successes=0
produced block height=35681 tx_total=0 successes=0
produced block height=35682 tx_total=0 successes=0
produced block height=35683 tx_total=0 successes=0
produced block height=35684 tx_total=0 successes=0
produced block height=35685 tx_total=0 successes=0
produced block height=35686 tx_total=0 successes=0
produced block height=35687 tx_total=0 successes=0
produced block height=35688 tx_total=0 successes=0
produced block height=35689 tx_total=0 successes=0
produced block height=35690 tx_total=0 successes=0
produced block height=35691 tx_total=0 successes=0
produced block height=35692 tx_total=0 successes=0
produced block height=35693 tx_total=0 successes=0
produced block height=35694 tx_total=0 successes=0
produced block height=35695 tx_total=0 successes=0
produced block height=35696 tx_total=0 successes=0
produced block height=35697 tx_total=0 successes=0
produced block height=35698 tx_total=0 successes=0
produced block height=35699 tx_total=0 successes=0
produced block height=35700 tx_total=0 successes=0
produced block height=35701 tx_total=0 successes=0
produced block height=35702 tx_total=0 successes=0
produced block height=35703 tx_total=0 successes=0
produced block height=35704 tx_total=0 successes=0
produced block height=35705 tx_total=0 successes=0
produced block height=35706 tx_total=0 successes=0
produced block height=35707 tx_total=0 successes=0
produced block height=35708 tx_total=0 successes=0
produced block height=35709 tx_total=0 successes=0
produced block height=35710 tx_total=0 successes=0
produced block height=35711 tx_total=0 successes=0
produced block height=35712 tx_total=0 successes=0
produced block height=35713 tx_total=0 successes=0
produced block height=35714 tx_total=0 successes=0
produced block height=35715 tx_total=0 successes=0
produced block height=35716 tx_total=0 successes=0
produced block height=35717 tx_total=0 successes=0
produced block height=35718 tx_total=0 successes=0
produced block height=35719 tx_total=0 successes=0
produced block height=35720 tx_total=0 successes=0
produced block height=35721 tx_total=0 successes=0
produced block height=35722 tx_total=0 successes=0
produced block height=35723 tx_total=0 successes=0
produced block height=35724 tx_total=0 successes=0
produced block height=35725 tx_total=0 successes=0
produced block height=35726 tx_total=0 successes=0
produced block height=35727 tx_total=0 successes=0
produced block height=35728 tx_total=0 successes=0
produced block height=35729 tx_total=0 successes=0
produced block height=35730 tx_total=0 successes=0
produced block height=35731 tx_total=0 successes=0
produced block height=35732 tx_total=0 successes=0
produced block height=35733 tx_total=0 successes=0
produced block height=35734 tx_total=0 successes=0
produced block height=35735 tx_total=0 successes=0
produced block height=35736 tx_total=0 successes=0
produced block height=35737 tx_total=0 successes=0
produced block height=35738 tx_total=0 successes=0
produced block height=35739 tx_total=0 successes=0
produced block height=35740 tx_total=0 successes=0
produced block height=35741 tx_total=0 successes=0
produced block height=35742 tx_total=0 successes=0
produced block height=35743 tx_total=0 successes=0
produced block height=35744 tx_total=0 successes=0
produced block height=35745 tx_total=0 successes=0
produced block height=35746 tx_total=0 successes=0
produced block height=35747 tx_total=0 successes=0
produced block height=35748 tx_total=0 successes=0
produced block height=35749 tx_total=0 successes=0
produced block height=35750 tx_total=0 successes=0
produced block height=35751 tx_total=0 successes=0
produced block height=35752 tx_total=0 successes=0
produced block height=35753 tx_total=0 successes=0
produced block height=35754 tx_total=0 successes=0
produced block height=35755 tx_total=0 successes=0
produced block height=35756 tx_total=0 successes=0
produced block height=35757 tx_total=0 successes=0
produced block height=35758 tx_total=0 successes=0
produced block height=35759 tx_total=0 successes=0
produced block height=35760 tx_total=0 successes=0
produced block height=35761 tx_total=0 successes=0
produced block height=35762 tx_total=0 successes=0
produced block height=35763 tx_total=0 successes=0
produced block height=35764 tx_total=0 successes=0
produced block height=35765 tx_total=0 successes=0
produced block height=35766 tx_total=0 successes=0
produced block height=35767 tx_total=0 successes=0
produced block height=35768 tx_total=0 successes=0
produced block height=35769 tx_total=0 successes=0
produced block height=35770 tx_total=0 successes=0
produced block height=35771 tx_total=0 successes=0
produced block height=35772 tx_total=0 successes=0
produced block height=35773 tx_total=0 successes=0
produced block height=35774 tx_total=0 successes=0
produced block height=35775 tx_total=0 successes=0
produced block height=35776 tx_total=0 successes=0
produced block height=35777 tx_total=0 successes=0
produced block height=35778 tx_total=0 successes=0
produced block height=35779 tx_total=0 successes=0
produced block height=35780 tx_total=0 successes=0
produced block height=35781 tx_total=0 successes=0
produced block height=35782 tx_total=0 successes=0
produced block height=35783 tx_total=0 successes=0
produced block height=35784 tx_total=0 successes=0
produced block height=35785 tx_total=0 successes=0
produced block height=35786 tx_total=0 successes=0
produced block height=35787 tx_total=0 successes=0
produced block height=35788 tx_total=0 successes=0
produced block height=35789 tx_total=0 successes=0
produced block height=35790 tx_total=0 successes=0
produced block height=35791 tx_total=0 successes=0
produced block height=35792 tx_total=0 successes=0
produced block height=35793 tx_total=0 successes=0
produced block height=35794 tx_total=0 successes=0
produced block height=35795 tx_total=0 successes=0
produced block height=35796 tx_total=0 successes=0
produced block height=35797 tx_total=0 successes=0
produced block height=35798 tx_total=0 successes=0
produced block height=35799 tx_total=0 successes=0
produced block height=35800 tx_total=0 successes=0
produced block height=35801 tx_total=0 successes=0
produced block height=35802 tx_total=0 successes=0
produced block height=35803 tx_total=0 successes=0
produced block height=35804 tx_total=0 successes=0
produced block height=35805 tx_total=0 successes=0
produced block height=35806 tx_total=0 successes=0
produced block height=35807 tx_total=0 successes=0
produced block height=35808 tx_total=0 successes=0
produced block height=35809 tx_total=0 successes=0
produced block height=35810 tx_total=0 successes=0
produced block height=35811 tx_total=0 successes=0
produced block height=35812 tx_total=0 successes=0
produced block height=35813 tx_total=0 successes=0
produced block height=35814 tx_total=0 successes=0
produced block height=35815 tx_total=0 successes=0
produced block height=35816 tx_total=0 successes=0
produced block height=35817 tx_total=0 successes=0
produced block height=35818 tx_total=0 successes=0
produced block height=35819 tx_total=0 successes=0
produced block height=35820 tx_total=0 successes=0
produced block height=35821 tx_total=0 successes=0
produced block height=35822 tx_total=0 successes=0
produced block height=35823 tx_total=0 successes=0
produced block height=35824 tx_total=0 successes=0
produced block height=35825 tx_total=0 successes=0
produced block height=35826 tx_total=0 successes=0
produced block height=35827 tx_total=0 successes=0
produced block height=35828 tx_total=0 successes=0
produced block height=35829 tx_total=0 successes=0
produced block height=35830 tx_total=0 successes=0
produced block height=35831 tx_total=0 successes=0
produced block height=35832 tx_total=0 successes=0
produced block height=35833 tx_total=0 successes=0
produced block height=35834 tx_total=0 successes=0
produced block height=35835 tx_total=0 successes=0
produced block height=35836 tx_total=0 successes=0
produced block height=35837 tx_total=0 successes=0
produced block height=35838 tx_total=0 successes=0
produced block height=35839 tx_total=0 successes=0
produced block height=35840 tx_total=0 successes=0
produced block height=35841 tx_total=0 successes=0
produced block height=35842 tx_total=0 successes=0
produced block height=35843 tx_total=0 successes=0
produced block height=35844 tx_total=0 successes=0
produced block height=35845 tx_total=0 successes=0
produced block height=35846 tx_total=0 successes=0
produced block height=35847 tx_total=0 successes=0
produced block height=35848 tx_total=0 successes=0
produced block height=35849 tx_total=0 successes=0
produced block height=35850 tx_total=0 successes=0
produced block height=35851 tx_total=0 successes=0
produced block height=35852 tx_total=0 successes=0
produced block height=35853 tx_total=0 successes=0
produced block height=35854 tx_total=0 successes=0
produced block height=35855 tx_total=0 successes=0
produced block height=35856 tx_total=0 successes=0
produced block height=35857 tx_total=0 successes=0
produced block height=35858 tx_total=0 successes=0
produced block height=35859 tx_total=0 successes=0
produced block height=35860 tx_total=0 successes=0
produced block height=35861 tx_total=0 successes=0
produced block height=35862 tx_total=0 successes=0
produced block height=35863 tx_total=0 successes=0
produced block height=35864 tx_total=0 successes=0
produced block height=35865 tx_total=0 successes=0
produced block height=35866 tx_total=0 successes=0
produced block height=35867 tx_total=0 successes=0
produced block height=35868 tx_total=0 successes=0
produced block height=35869 tx_total=0 successes=0
produced block height=35870 tx_total=0 successes=0
produced block height=35871 tx_total=0 successes=0
produced block height=35872 tx_total=0 successes=0
produced block height=35873 tx_total=0 successes=0
produced block height=35874 tx_total=0 successes=0
produced block height=35875 tx_total=0 successes=0
produced block height=35876 tx_total=0 successes=0
produced block height=35877 tx_total=0 successes=0
produced block height=35878 tx_total=0 successes=0
produced block height=35879 tx_total=0 successes=0
produced block height=35880 tx_total=0 successes=0
produced block height=35881 tx_total=0 successes=0
produced block height=35882 tx_total=0 successes=0
produced block height=35883 tx_total=0 successes=0
produced block height=35884 tx_total=0 successes=0
produced block height=35885 tx_total=0 successes=0
produced block height=35886 tx_total=0 successes=0
produced block height=35887 tx_total=0 successes=0
produced block height=35888 tx_total=0 successes=0
produced block height=35889 tx_total=0 successes=0
produced block height=35890 tx_total=0 successes=0
produced block height=35891 tx_total=0 successes=0
produced block height=35892 tx_total=0 successes=0
produced block height=35893 tx_total=0 successes=0
produced block height=35894 tx_total=0 successes=0
produced block height=35895 tx_total=0 successes=0
produced block height=35896 tx_total=0 successes=0
produced block height=35897 tx_total=0 successes=0
produced block height=35898 tx_total=0 successes=0
produced block height=35899 tx_total=0 successes=0
produced block height=35900 tx_total=0 successes=0
produced block height=35901 tx_total=0 successes=0
produced block height=35902 tx_total=0 successes=0
produced block height=35903 tx_total=0 successes=0
produced block height=35904 tx_total=0 successes=0
produced block height=35905 tx_total=0 successes=0
produced block height=35906 tx_total=0 successes=0
produced block height=35907 tx_total=0 successes=0
produced block height=35908 tx_total=0 successes=0
produced block height=35909 tx_total=0 successes=0
produced block height=35910 tx_total=0 successes=0
produced block height=35911 tx_total=0 successes=0
produced block height=35912 tx_total=0 successes=0
produced block height=35913 tx_total=0 successes=0
produced block height=35914 tx_total=0 successes=0
produced block height=35915 tx_total=0 successes=0
produced block height=35916 tx_total=0 successes=0
produced block height=35917 tx_total=0 successes=0
produced block height=35918 tx_total=0 successes=0
produced block height=35919 tx_total=0 successes=0
produced block height=35920 tx_total=0 successes=0
produced block height=35921 tx_total=0 successes=0
produced block height=35922 tx_total=0 successes=0
produced block height=35923 tx_total=0 successes=0
produced block height=35924 tx_total=0 successes=0
produced block height=35925 tx_total=0 successes=0
produced block height=35926 tx_total=0 successes=0
produced block height=35927 tx_total=0 successes=0
produced block height=35928 tx_total=0 successes=0
produced block height=35929 tx_total=0 successes=0
produced block height=35930 tx_total=0 successes=0
produced block height=35931 tx_total=0 successes=0
produced block height=35932 tx_total=0 successes=0
produced block height=35933 tx_total=0 successes=0
produced block height=35934 tx_total=0 successes=0
produced block height=35935 tx_total=0 successes=0
produced block height=35936 tx_total=0 successes=0
produced block height=35937 tx_total=0 successes=0
produced block height=35938 tx_total=0 successes=0
produced block height=35939 tx_total=0 successes=0
produced block height=35940 tx_total=0 successes=0
produced block height=35941 tx_total=0 successes=0
produced block height=35942 tx_total=0 successes=0
produced block height=35943 tx_total=0 successes=0
produced block height=35944 tx_total=0 successes=0
produced block height=35945 tx_total=0 successes=0
produced block height=35946 tx_total=0 successes=0
produced block height=35947 tx_total=0 successes=0
produced block height=35948 tx_total=0 successes=0
produced block height=35949 tx_total=0 successes=0
produced block height=35950 tx_total=0 successes=0
produced block height=35951 tx_total=0 successes=0
produced block height=35952 tx_total=0 successes=0
produced block height=35953 tx_total=0 successes=0
produced block height=35954 tx_total=0 successes=0
produced block height=35955 tx_total=0 successes=0
produced block height=35956 tx_total=0 successes=0
produced block height=35957 tx_total=0 successes=0
produced block height=35958 tx_total=0 successes=0
produced block height=35959 tx_total=0 successes=0
produced block height=35960 tx_total=0 successes=0
produced block height=35961 tx_total=0 successes=0
produced block height=35962 tx_total=0 successes=0
produced block height=35963 tx_total=0 successes=0
produced block height=35964 tx_total=0 successes=0
produced block height=35965 tx_total=0 successes=0
produced block height=35966 tx_total=0 successes=0
produced block height=35967 tx_total=0 successes=0
produced block height=35968 tx_total=0 successes=0
produced block height=35969 tx_total=0 successes=0
produced block height=35970 tx_total=0 successes=0
produced block height=35971 tx_total=0 successes=0
produced block height=35972 tx_total=0 successes=0
produced block height=35973 tx_total=0 successes=0
produced block height=35974 tx_total=0 successes=0
produced block height=35975 tx_total=0 successes=0
produced block height=35976 tx_total=0 successes=0
produced block height=35977 tx_total=0 successes=0
produced block height=35978 tx_total=0 successes=0
produced block height=35979 tx_total=0 successes=0
produced block height=35980 tx_total=0 successes=0
produced block height=35981 tx_total=0 successes=0
produced block height=35982 tx_total=0 successes=0
produced block height=35983 tx_total=0 successes=0
produced block height=35984 tx_total=0 successes=0
produced block height=35985 tx_total=0 successes=0
produced block height=35986 tx_total=0 successes=0
produced block height=35987 tx_total=0 successes=0
produced block height=35988 tx_total=0 successes=0
produced block height=35989 tx_total=0 successes=0
produced block height=35990 tx_total=0 successes=0
produced block height=35991 tx_total=0 successes=0
produced block height=35992 tx_total=0 successes=0
produced block height=35993 tx_total=0 successes=0
produced block height=35994 tx_total=0 successes=0
produced block height=35995 tx_total=0 successes=0
produced block height=35996 tx_total=0 successes=0
produced block height=35997 tx_total=0 successes=0
produced block height=35998 tx_total=0 successes=0
produced block height=35999 tx_total=0 successes=0
produced block height=36000 tx_total=0 successes=0
produced block height=36001 tx_total=0 successes=0
produced block height=36002 tx_total=0 successes=0
produced block height=36003 tx_total=0 successes=0
produced block height=36004 tx_total=0 successes=0
produced block height=36005 tx_total=0 successes=0
produced block height=36006 tx_total=0 successes=0
produced block height=36007 tx_total=0 successes=0
produced block height=36008 tx_total=0 successes=0
produced block height=36009 tx_total=0 successes=0
produced block height=36010 tx_total=0 successes=0
produced block height=36011 tx_total=0 successes=0
produced block height=36012 tx_total=0 successes=0
produced block height=36013 tx_total=0 successes=0
produced block height=36014 tx_total=0 successes=0
produced block height=36015 tx_total=0 successes=0
produced block height=36016 tx_total=0 successes=0
produced block height=36017 tx_total=0 successes=0
produced block height=36018 tx_total=0 successes=0
produced block height=36019 tx_total=0 successes=0
produced block height=36020 tx_total=0 successes=0
produced block height=36021 tx_total=0 successes=0
produced block height=36022 tx_total=0 successes=0
produced block height=36023 tx_total=0 successes=0
produced block height=36024 tx_total=0 successes=0
produced block height=36025 tx_total=0 successes=0
produced block height=36026 tx_total=0 successes=0
produced block height=36027 tx_total=0 successes=0
produced block height=36028 tx_total=0 successes=0
produced block height=36029 tx_total=0 successes=0
produced block height=36030 tx_total=0 successes=0
produced block height=36031 tx_total=0 successes=0
produced block height=36032 tx_total=0 successes=0
produced block height=36033 tx_total=0 successes=0
produced block height=36034 tx_total=0 successes=0
produced block height=36035 tx_total=0 successes=0
produced block height=36036 tx_total=0 successes=0
produced block height=36037 tx_total=0 successes=0
produced block height=36038 tx_total=0 successes=0
produced block height=36039 tx_total=0 successes=0
produced block height=36040 tx_total=0 successes=0
produced block height=36041 tx_total=0 successes=0
produced block height=36042 tx_total=0 successes=0
produced block height=36043 tx_total=0 successes=0
produced block height=36044 tx_total=0 successes=0
produced block height=36045 tx_total=0 successes=0
produced block height=36046 tx_total=0 successes=0
produced block height=36047 tx_total=0 successes=0
produced block height=36048 tx_total=0 successes=0
produced block height=36049 tx_total=0 successes=0
produced block height=36050 tx_total=0 successes=0
produced block height=36051 tx_total=0 successes=0
produced block height=36052 tx_total=0 successes=0
produced block height=36053 tx_total=0 successes=0
produced block height=36054 tx_total=0 successes=0
produced block height=36055 tx_total=0 successes=0
produced block height=36056 tx_total=0 successes=0
produced block height=36057 tx_total=0 successes=0
produced block height=36058 tx_total=0 successes=0
produced block height=36059 tx_total=0 successes=0
produced block height=36060 tx_total=0 successes=0
produced block height=36061 tx_total=0 successes=0
produced block height=36062 tx_total=0 successes=0
produced block height=36063 tx_total=0 successes=0
produced block height=36064 tx_total=0 successes=0
produced block height=36065 tx_total=0 successes=0
produced block height=36066 tx_total=0 successes=0
produced block height=36067 tx_total=0 successes=0
produced block height=36068 tx_total=0 successes=0
produced block height=36069 tx_total=0 successes=0
produced block height=36070 tx_total=0 successes=0
produced block height=36071 tx_total=0 successes=0
produced block height=36072 tx_total=0 successes=0
produced block height=36073 tx_total=0 successes=0
produced block height=36074 tx_total=0 successes=0
produced block height=36075 tx_total=0 successes=0
produced block height=36076 tx_total=0 successes=0
produced block height=36077 tx_total=0 successes=0
produced block height=36078 tx_total=0 successes=0
produced block height=36079 tx_total=0 successes=0
produced block height=36080 tx_total=0 successes=0
produced block height=36081 tx_total=0 successes=0
produced block height=36082 tx_total=0 successes=0
produced block height=36083 tx_total=0 successes=0
produced block height=36084 tx_total=0 successes=0
produced block height=36085 tx_total=0 successes=0
produced block height=36086 tx_total=0 successes=0
produced block height=36087 tx_total=0 successes=0
produced block height=36088 tx_total=0 successes=0
produced block height=36089 tx_total=0 successes=0
produced block height=36090 tx_total=0 successes=0
produced block height=36091 tx_total=0 successes=0
produced block height=36092 tx_total=0 successes=0
produced block height=36093 tx_total=0 successes=0
produced block height=36094 tx_total=0 successes=0
produced block height=36095 tx_total=0 successes=0
produced block height=36096 tx_total=0 successes=0
produced block height=36097 tx_total=0 successes=0
produced block height=36098 tx_total=0 successes=0
produced block height=36099 tx_total=0 successes=0
produced block height=36100 tx_total=0 successes=0
produced block height=36101 tx_total=0 successes=0
produced block height=36102 tx_total=0 successes=0
produced block height=36103 tx_total=0 successes=0
produced block height=36104 tx_total=0 successes=0
produced block height=36105 tx_total=0 successes=0
produced block height=36106 tx_total=0 successes=0
produced block height=36107 tx_total=0 successes=0
produced block height=36108 tx_total=0 successes=0
produced block height=36109 tx_total=0 successes=0
produced block height=36110 tx_total=0 successes=0
produced block height=36111 tx_total=0 successes=0
produced block height=36112 tx_total=0 successes=0
produced block height=36113 tx_total=0 successes=0
produced block height=36114 tx_total=0 successes=0
produced block height=36115 tx_total=0 successes=0
produced block height=36116 tx_total=0 successes=0
produced block height=36117 tx_total=0 successes=0
produced block height=36118 tx_total=0 successes=0
produced block height=36119 tx_total=0 successes=0
produced block height=36120 tx_total=0 successes=0
produced block height=36121 tx_total=0 successes=0
produced block height=36122 tx_total=0 successes=0
produced block height=36123 tx_total=0 successes=0
produced block height=36124 tx_total=0 successes=0
produced block height=36125 tx_total=0 successes=0
produced block height=36126 tx_total=0 successes=0
produced block height=36127 tx_total=0 successes=0
produced block height=36128 tx_total=0 successes=0
produced block height=36129 tx_total=0 successes=0
produced block height=36130 tx_total=0 successes=0
produced block height=36131 tx_total=0 successes=0
produced block height=36132 tx_total=0 successes=0
produced block height=36133 tx_total=0 successes=0
produced block height=36134 tx_total=0 successes=0
produced block height=36135 tx_total=0 successes=0
produced block height=36136 tx_total=0 successes=0
produced block height=36137 tx_total=0 successes=0
produced block height=36138 tx_total=0 successes=0
produced block height=36139 tx_total=0 successes=0
produced block height=36140 tx_total=0 successes=0
produced block height=36141 tx_total=0 successes=0
produced block height=36142 tx_total=0 successes=0
produced block height=36143 tx_total=0 successes=0
produced block height=36144 tx_total=0 successes=0
produced block height=36145 tx_total=0 successes=0
produced block height=36146 tx_total=0 successes=0
produced block height=36147 tx_total=0 successes=0
produced block height=36148 tx_total=0 successes=0
produced block height=36149 tx_total=0 successes=0
produced block height=36150 tx_total=0 successes=0
produced block height=36151 tx_total=0 successes=0
produced block height=36152 tx_total=0 successes=0
produced block height=36153 tx_total=0 successes=0
produced block height=36154 tx_total=0 successes=0
produced block height=36155 tx_total=0 successes=0
produced block height=36156 tx_total=0 successes=0
produced block height=36157 tx_total=0 successes=0
produced block height=36158 tx_total=0 successes=0
produced block height=36159 tx_total=0 successes=0
produced block height=36160 tx_total=0 successes=0
produced block height=36161 tx_total=0 successes=0
produced block height=36162 tx_total=0 successes=0
produced block height=36163 tx_total=0 successes=0
produced block height=36164 tx_total=0 successes=0
produced block height=36165 tx_total=0 successes=0
produced block height=36166 tx_total=0 successes=0
produced block height=36167 tx_total=0 successes=0
produced block height=36168 tx_total=0 successes=0
produced block height=36169 tx_total=0 successes=0
produced block height=36170 tx_total=0 successes=0
produced block height=36171 tx_total=0 successes=0
produced block height=36172 tx_total=0 successes=0
produced block height=36173 tx_total=0 successes=0
produced block height=36174 tx_total=0 successes=0
produced block height=36175 tx_total=0 successes=0
produced block height=36176 tx_total=0 successes=0
produced block height=36177 tx_total=0 successes=0
produced block height=36178 tx_total=0 successes=0
produced block height=36179 tx_total=0 successes=0
produced block height=36180 tx_total=0 successes=0
produced block height=36181 tx_total=0 successes=0
produced block height=36182 tx_total=0 successes=0
produced block height=36183 tx_total=0 successes=0
produced block height=36184 tx_total=0 successes=0
produced block height=36185 tx_total=0 successes=0
produced block height=36186 tx_total=0 successes=0
produced block height=36187 tx_total=0 successes=0
produced block height=36188 tx_total=0 successes=0
produced block height=36189 tx_total=0 successes=0
produced block height=36190 tx_total=0 successes=0
produced block height=36191 tx_total=0 successes=0
produced block height=36192 tx_total=0 successes=0
produced block height=36193 tx_total=0 successes=0
produced block height=36194 tx_total=0 successes=0
produced block height=36195 tx_total=0 successes=0
produced block height=36196 tx_total=0 successes=0
produced block height=36197 tx_total=0 successes=0
produced block height=36198 tx_total=0 successes=0
produced block height=36199 tx_total=0 successes=0
produced block height=36200 tx_total=0 successes=0
produced block height=36201 tx_total=0 successes=0
produced block height=36202 tx_total=0 successes=0
produced block height=36203 tx_total=0 successes=0
produced block height=36204 tx_total=0 successes=0
produced block height=36205 tx_total=0 successes=0
produced block height=36206 tx_total=0 successes=0
produced block height=36207 tx_total=0 successes=0
produced block height=36208 tx_total=0 successes=0
produced block height=36209 tx_total=0 successes=0
produced block height=36210 tx_total=0 successes=0
produced block height=36211 tx_total=0 successes=0
produced block height=36212 tx_total=0 successes=0
produced block height=36213 tx_total=0 successes=0
produced block height=36214 tx_total=0 successes=0
produced block height=36215 tx_total=0 successes=0
produced block height=36216 tx_total=0 successes=0
produced block height=36217 tx_total=0 successes=0
produced block height=36218 tx_total=0 successes=0
produced block height=36219 tx_total=0 successes=0
produced block height=36220 tx_total=0 successes=0
produced block height=36221 tx_total=0 successes=0
produced block height=36222 tx_total=0 successes=0
produced block height=36223 tx_total=0 successes=0
produced block height=36224 tx_total=0 successes=0
produced block height=36225 tx_total=0 successes=0
produced block height=36226 tx_total=0 successes=0
produced block height=36227 tx_total=0 successes=0
produced block height=36228 tx_total=0 successes=0
produced block height=36229 tx_total=0 successes=0
produced block height=36230 tx_total=0 successes=0
produced block height=36231 tx_total=0 successes=0
produced block height=36232 tx_total=0 successes=0
produced block height=36233 tx_total=0 successes=0
produced block height=36234 tx_total=0 successes=0
produced block height=36235 tx_total=0 successes=0
produced block height=36236 tx_total=0 successes=0
produced block height=36237 tx_total=0 successes=0
produced block height=36238 tx_total=0 successes=0
produced block height=36239 tx_total=0 successes=0
produced block height=36240 tx_total=0 successes=0
produced block height=36241 tx_total=0 successes=0
produced block height=36242 tx_total=0 successes=0
produced block height=36243 tx_total=0 successes=0
produced block height=36244 tx_total=0 successes=0
produced block height=36245 tx_total=0 successes=0
produced block height=36246 tx_total=0 successes=0
produced block height=36247 tx_total=0 successes=0
produced block height=36248 tx_total=0 successes=0
produced block height=36249 tx_total=0 successes=0
produced block height=36250 tx_total=0 successes=0
produced block height=36251 tx_total=0 successes=0
produced block height=36252 tx_total=0 successes=0
produced block height=36253 tx_total=0 successes=0
produced block height=36254 tx_total=0 successes=0
produced block height=36255 tx_total=0 successes=0
produced block height=36256 tx_total=0 successes=0
produced block height=36257 tx_total=0 successes=0
produced block height=36258 tx_total=0 successes=0
produced block height=36259 tx_total=0 successes=0
produced block height=36260 tx_total=0 successes=0
produced block height=36261 tx_total=0 successes=0
produced block height=36262 tx_total=0 successes=0
produced block height=36263 tx_total=0 successes=0
produced block height=36264 tx_total=0 successes=0
produced block height=36265 tx_total=0 successes=0
produced block height=36266 tx_total=0 successes=0
produced block height=36267 tx_total=0 successes=0
produced block height=36268 tx_total=0 successes=0
produced block height=36269 tx_total=0 successes=0
produced block height=36270 tx_total=0 successes=0
produced block height=36271 tx_total=0 successes=0
produced block height=36272 tx_total=0 successes=0
produced block height=36273 tx_total=0 successes=0
produced block height=36274 tx_total=0 successes=0
produced block height=36275 tx_total=0 successes=0
produced block height=36276 tx_total=0 successes=0
produced block height=36277 tx_total=0 successes=0
produced block height=36278 tx_total=0 successes=0
produced block height=36279 tx_total=0 successes=0
produced block height=36280 tx_total=0 successes=0
produced block height=36281 tx_total=0 successes=0
produced block height=36282 tx_total=0 successes=0
produced block height=36283 tx_total=0 successes=0
produced block height=36284 tx_total=0 successes=0
produced block height=36285 tx_total=0 successes=0
produced block height=36286 tx_total=0 successes=0
produced block height=36287 tx_total=0 successes=0
produced block height=36288 tx_total=0 successes=0
produced block height=36289 tx_total=0 successes=0
produced block height=36290 tx_total=0 successes=0
produced block height=36291 tx_total=0 successes=0
produced block height=36292 tx_total=0 successes=0
produced block height=36293 tx_total=0 successes=0
produced block height=36294 tx_total=0 successes=0
produced block height=36295 tx_total=0 successes=0
produced block height=36296 tx_total=0 successes=0
produced block height=36297 tx_total=0 successes=0
produced block height=36298 tx_total=0 successes=0
produced block height=36299 tx_total=0 successes=0
produced block height=36300 tx_total=0 successes=0
produced block height=36301 tx_total=0 successes=0
produced block height=36302 tx_total=0 successes=0
produced block height=36303 tx_total=0 successes=0
produced block height=36304 tx_total=0 successes=0
produced block height=36305 tx_total=0 successes=0
produced block height=36306 tx_total=0 successes=0
produced block height=36307 tx_total=0 successes=0
produced block height=36308 tx_total=0 successes=0
produced block height=36309 tx_total=0 successes=0
produced block height=36310 tx_total=0 successes=0
produced block height=36311 tx_total=0 successes=0
produced block height=36312 tx_total=0 successes=0
produced block height=36313 tx_total=0 successes=0
produced block height=36314 tx_total=0 successes=0
produced block height=36315 tx_total=0 successes=0
produced block height=36316 tx_total=0 successes=0
produced block height=36317 tx_total=0 successes=0
produced block height=36318 tx_total=0 successes=0
produced block height=36319 tx_total=0 successes=0
produced block height=36320 tx_total=0 successes=0
produced block height=36321 tx_total=0 successes=0
produced block height=36322 tx_total=0 successes=0
produced block height=36323 tx_total=0 successes=0
produced block height=36324 tx_total=0 successes=0
produced block height=36325 tx_total=0 successes=0
produced block height=36326 tx_total=0 successes=0
produced block height=36327 tx_total=0 successes=0
produced block height=36328 tx_total=0 successes=0
produced block height=36329 tx_total=0 successes=0
produced block height=36330 tx_total=0 successes=0
produced block height=36331 tx_total=0 successes=0
produced block height=36332 tx_total=0 successes=0
produced block height=36333 tx_total=0 successes=0
produced block height=36334 tx_total=0 successes=0
produced block height=36335 tx_total=0 successes=0
produced block height=36336 tx_total=0 successes=0
produced block height=36337 tx_total=0 successes=0
produced block height=36338 tx_total=0 successes=0
produced block height=36339 tx_total=0 successes=0
produced block height=36340 tx_total=0 successes=0
produced block height=36341 tx_total=0 successes=0
produced block height=36342 tx_total=0 successes=0
produced block height=36343 tx_total=0 successes=0
produced block height=36344 tx_total=0 successes=0
produced block height=36345 tx_total=0 successes=0
produced block height=36346 tx_total=0 successes=0
produced block height=36347 tx_total=0 successes=0
produced block height=36348 tx_total=0 successes=0
produced block height=36349 tx_total=0 successes=0
produced block height=36350 tx_total=0 successes=0
produced block height=36351 tx_total=0 successes=0
produced block height=36352 tx_total=0 successes=0
produced block height=36353 tx_total=0 successes=0
produced block height=36354 tx_total=0 successes=0
produced block height=36355 tx_total=0 successes=0
produced block height=36356 tx_total=0 successes=0
produced block height=36357 tx_total=0 successes=0
produced block height=36358 tx_total=0 successes=0
produced block height=36359 tx_total=0 successes=0
produced block height=36360 tx_total=0 successes=0
produced block height=36361 tx_total=0 successes=0
produced block height=36362 tx_total=0 successes=0
produced block height=36363 tx_total=0 successes=0
produced block height=36364 tx_total=0 successes=0
produced block height=36365 tx_total=0 successes=0
produced block height=36366 tx_total=0 successes=0
produced block height=36367 tx_total=0 successes=0
produced block height=36368 tx_total=0 successes=0
produced block height=36369 tx_total=0 successes=0
produced block height=36370 tx_total=0 successes=0
produced block height=36371 tx_total=0 successes=0
produced block height=36372 tx_total=0 successes=0
produced block height=36373 tx_total=0 successes=0
produced block height=36374 tx_total=0 successes=0
produced block height=36375 tx_total=0 successes=0
produced block height=36376 tx_total=0 successes=0
produced block height=36377 tx_total=0 successes=0
produced block height=36378 tx_total=0 successes=0
produced block height=36379 tx_total=0 successes=0
produced block height=36380 tx_total=0 successes=0
produced block height=36381 tx_total=0 successes=0
produced block height=36382 tx_total=0 successes=0
produced block height=36383 tx_total=0 successes=0
produced block height=36384 tx_total=0 successes=0
produced block height=36385 tx_total=0 successes=0
produced block height=36386 tx_total=0 successes=0
produced block height=36387 tx_total=0 successes=0
produced block height=36388 tx_total=0 successes=0
produced block height=36389 tx_total=0 successes=0
produced block height=36390 tx_total=0 successes=0
produced block height=36391 tx_total=0 successes=0
produced block height=36392 tx_total=0 successes=0
produced block height=36393 tx_total=0 successes=0
produced block height=36394 tx_total=0 successes=0
produced block height=36395 tx_total=0 successes=0
produced block height=36396 tx_total=0 successes=0
produced block height=36397 tx_total=0 successes=0
produced block height=36398 tx_total=0 successes=0
produced block height=36399 tx_total=0 successes=0
produced block height=36400 tx_total=0 successes=0
produced block height=36401 tx_total=0 successes=0
produced block height=36402 tx_total=0 successes=0
produced block height=36403 tx_total=0 successes=0
produced block height=36404 tx_total=0 successes=0
produced block height=36405 tx_total=0 successes=0
produced block height=36406 tx_total=0 successes=0
produced block height=36407 tx_total=0 successes=0
produced block height=36408 tx_total=0 successes=0
produced block height=36409 tx_total=0 successes=0
produced block height=36410 tx_total=0 successes=0
produced block height=36411 tx_total=0 successes=0
produced block height=36412 tx_total=0 successes=0
produced block height=36413 tx_total=0 successes=0
produced block height=36414 tx_total=0 successes=0
produced block height=36415 tx_total=0 successes=0
produced block height=36416 tx_total=0 successes=0
produced block height=36417 tx_total=0 successes=0
produced block height=36418 tx_total=0 successes=0
produced block height=36419 tx_total=0 successes=0
produced block height=36420 tx_total=0 successes=0
produced block height=36421 tx_total=0 successes=0
produced block height=36422 tx_total=0 successes=0
produced block height=36423 tx_total=0 successes=0
produced block height=36424 tx_total=0 successes=0
produced block height=36425 tx_total=0 successes=0
produced block height=36426 tx_total=0 successes=0
produced block height=36427 tx_total=0 successes=0
produced block height=36428 tx_total=0 successes=0
produced block height=36429 tx_total=0 successes=0
produced block height=36430 tx_total=0 successes=0
produced block height=36431 tx_total=0 successes=0
produced block height=36432 tx_total=0 successes=0
produced block height=36433 tx_total=0 successes=0
produced block height=36434 tx_total=0 successes=0
produced block height=36435 tx_total=0 successes=0
produced block height=36436 tx_total=0 successes=0
produced block height=36437 tx_total=0 successes=0
produced block height=36438 tx_total=0 successes=0
produced block height=36439 tx_total=0 successes=0
produced block height=36440 tx_total=0 successes=0
produced block height=36441 tx_total=0 successes=0
produced block height=36442 tx_total=0 successes=0
produced block height=36443 tx_total=0 successes=0
produced block height=36444 tx_total=0 successes=0
produced block height=36445 tx_total=0 successes=0
produced block height=36446 tx_total=0 successes=0
produced block height=36447 tx_total=0 successes=0
produced block height=36448 tx_total=0 successes=0
produced block height=36449 tx_total=0 successes=0
produced block height=36450 tx_total=0 successes=0
produced block height=36451 tx_total=0 successes=0
produced block height=36452 tx_total=0 successes=0
produced block height=36453 tx_total=0 successes=0
produced block height=36454 tx_total=0 successes=0
produced block height=36455 tx_total=0 successes=0
produced block height=36456 tx_total=0 successes=0
produced block height=36457 tx_total=0 successes=0
produced block height=36458 tx_total=0 successes=0
produced block height=36459 tx_total=0 successes=0
produced block height=36460 tx_total=0 successes=0
produced block height=36461 tx_total=0 successes=0
produced block height=36462 tx_total=0 successes=0
produced block height=36463 tx_total=0 successes=0
produced block height=36464 tx_total=0 successes=0
produced block height=36465 tx_total=0 successes=0
produced block height=36466 tx_total=0 successes=0
produced block height=36467 tx_total=0 successes=0
produced block height=36468 tx_total=0 successes=0
produced block height=36469 tx_total=0 successes=0
produced block height=36470 tx_total=0 successes=0
produced block height=36471 tx_total=0 successes=0
produced block height=36472 tx_total=0 successes=0
produced block height=36473 tx_total=0 successes=0
produced block height=36474 tx_total=0 successes=0
produced block height=36475 tx_total=0 successes=0
produced block height=36476 tx_total=0 successes=0
produced block height=36477 tx_total=0 successes=0
produced block height=36478 tx_total=0 successes=0
produced block height=36479 tx_total=0 successes=0
produced block height=36480 tx_total=0 successes=0
produced block height=36481 tx_total=0 successes=0
produced block height=36482 tx_total=0 successes=0
produced block height=36483 tx_total=0 successes=0
produced block height=36484 tx_total=0 successes=0
produced block height=36485 tx_total=0 successes=0
produced block height=36486 tx_total=0 successes=0
produced block height=36487 tx_total=0 successes=0
produced block height=36488 tx_total=0 successes=0
produced block height=36489 tx_total=0 successes=0
produced block height=36490 tx_total=0 successes=0
produced block height=36491 tx_total=0 successes=0
produced block height=36492 tx_total=0 successes=0
produced block height=36493 tx_total=0 successes=0
produced block height=36494 tx_total=0 successes=0
produced block height=36495 tx_total=0 successes=0
produced block height=36496 tx_total=0 successes=0
produced block height=36497 tx_total=0 successes=0
produced block height=36498 tx_total=0 successes=0
produced block height=36499 tx_total=0 successes=0
produced block height=36500 tx_total=0 successes=0
produced block height=36501 tx_total=0 successes=0
produced block height=36502 tx_total=0 successes=0
produced block height=36503 tx_total=0 successes=0
produced block height=36504 tx_total=0 successes=0
produced block height=36505 tx_total=0 successes=0
produced block height=36506 tx_total=0 successes=0
produced block height=36507 tx_total=0 successes=0
produced block height=36508 tx_total=0 successes=0
produced block height=36509 tx_total=0 successes=0
produced block height=36510 tx_total=0 successes=0
produced block height=36511 tx_total=0 successes=0
produced block height=36512 tx_total=0 successes=0
produced block height=36513 tx_total=0 successes=0
produced block height=36514 tx_total=0 successes=0
produced block height=36515 tx_total=0 successes=0
produced block height=36516 tx_total=0 successes=0
produced block height=36517 tx_total=0 successes=0
produced block height=36518 tx_total=0 successes=0
produced block height=36519 tx_total=0 successes=0
produced block height=36520 tx_total=0 successes=0
produced block height=36521 tx_total=0 successes=0
produced block height=36522 tx_total=0 successes=0
produced block height=36523 tx_total=0 successes=0
produced block height=36524 tx_total=0 successes=0
produced block height=36525 tx_total=0 successes=0
produced block height=36526 tx_total=0 successes=0
produced block height=36527 tx_total=0 successes=0
produced block height=36528 tx_total=0 successes=0
produced block height=36529 tx_total=0 successes=0
produced block height=36530 tx_total=0 successes=0
produced block height=36531 tx_total=0 successes=0
produced block height=36532 tx_total=0 successes=0
produced block height=36533 tx_total=0 successes=0
produced block height=36534 tx_total=0 successes=0
produced block height=36535 tx_total=0 successes=0
produced block height=36536 tx_total=0 successes=0
produced block height=36537 tx_total=0 successes=0
produced block height=36538 tx_total=0 successes=0
produced block height=36539 tx_total=0 successes=0
produced block height=36540 tx_total=0 successes=0
produced block height=36541 tx_total=0 successes=0
produced block height=36542 tx_total=0 successes=0
produced block height=36543 tx_total=0 successes=0
produced block height=36544 tx_total=0 successes=0
produced block height=36545 tx_total=0 successes=0
produced block height=36546 tx_total=0 successes=0
produced block height=36547 tx_total=0 successes=0
produced block height=36548 tx_total=0 successes=0
produced block height=36549 tx_total=0 successes=0
produced block height=36550 tx_total=0 successes=0
produced block height=36551 tx_total=0 successes=0
produced block height=36552 tx_total=0 successes=0
produced block height=36553 tx_total=0 successes=0
produced block height=36554 tx_total=0 successes=0
produced block height=36555 tx_total=0 successes=0
produced block height=36556 tx_total=0 successes=0
produced block height=36557 tx_total=0 successes=0
produced block height=36558 tx_total=0 successes=0
produced block height=36559 tx_total=0 successes=0
produced block height=36560 tx_total=0 successes=0
produced block height=36561 tx_total=0 successes=0
produced block height=36562 tx_total=0 successes=0
produced block height=36563 tx_total=0 successes=0
produced block height=36564 tx_total=0 successes=0
produced block height=36565 tx_total=0 successes=0
produced block height=36566 tx_total=0 successes=0
produced block height=36567 tx_total=0 successes=0
produced block height=36568 tx_total=0 successes=0
produced block height=36569 tx_total=0 successes=0
produced block height=36570 tx_total=0 successes=0
produced block height=36571 tx_total=0 successes=0
produced block height=36572 tx_total=0 successes=0
produced block height=36573 tx_total=0 successes=0
produced block height=36574 tx_total=0 successes=0
produced block height=36575 tx_total=0 successes=0
produced block height=36576 tx_total=0 successes=0
produced block height=36577 tx_total=0 successes=0
produced block height=36578 tx_total=0 successes=0
produced block height=36579 tx_total=0 successes=0
produced block height=36580 tx_total=0 successes=0
produced block height=36581 tx_total=0 successes=0
produced block height=36582 tx_total=0 successes=0
produced block height=36583 tx_total=0 successes=0
produced block height=36584 tx_total=0 successes=0
produced block height=36585 tx_total=0 successes=0
produced block height=36586 tx_total=0 successes=0
produced block height=36587 tx_total=0 successes=0
produced block height=36588 tx_total=0 successes=0
produced block height=36589 tx_total=0 successes=0
produced block height=36590 tx_total=0 successes=0
produced block height=36591 tx_total=0 successes=0
produced block height=36592 tx_total=0 successes=0
produced block height=36593 tx_total=0 successes=0
produced block height=36594 tx_total=0 successes=0
produced block height=36595 tx_total=0 successes=0
produced block height=36596 tx_total=0 successes=0
produced block height=36597 tx_total=0 successes=0
produced block height=36598 tx_total=0 successes=0
produced block height=36599 tx_total=0 successes=0
produced block height=36600 tx_total=0 successes=0
produced block height=36601 tx_total=0 successes=0
produced block height=36602 tx_total=0 successes=0
produced block height=36603 tx_total=0 successes=0
produced block height=36604 tx_total=0 successes=0
produced block height=36605 tx_total=0 successes=0
produced block height=36606 tx_total=0 successes=0
produced block height=36607 tx_total=0 successes=0
produced block height=36608 tx_total=0 successes=0
produced block height=36609 tx_total=0 successes=0
produced block height=36610 tx_total=0 successes=0
produced block height=36611 tx_total=0 successes=0
produced block height=36612 tx_total=0 successes=0
produced block height=36613 tx_total=0 successes=0
produced block height=36614 tx_total=0 successes=0
produced block height=36615 tx_total=0 successes=0
produced block height=36616 tx_total=0 successes=0
produced block height=36617 tx_total=0 successes=0
produced block height=36618 tx_total=0 successes=0
produced block height=36619 tx_total=0 successes=0
produced block height=36620 tx_total=0 successes=0
produced block height=36621 tx_total=0 successes=0
produced block height=36622 tx_total=0 successes=0
produced block height=36623 tx_total=0 successes=0
produced block height=36624 tx_total=0 successes=0
produced block height=36625 tx_total=0 successes=0
produced block height=36626 tx_total=0 successes=0
produced block height=36627 tx_total=0 successes=0
produced block height=36628 tx_total=0 successes=0
produced block height=36629 tx_total=0 successes=0
produced block height=36630 tx_total=0 successes=0
produced block height=36631 tx_total=0 successes=0
produced block height=36632 tx_total=0 successes=0
produced block height=36633 tx_total=0 successes=0
produced block height=36634 tx_total=0 successes=0
produced block height=36635 tx_total=0 successes=0
produced block height=36636 tx_total=0 successes=0
produced block height=36637 tx_total=0 successes=0
produced block height=36638 tx_total=0 successes=0
produced block height=36639 tx_total=0 successes=0
produced block height=36640 tx_total=0 successes=0
produced block height=36641 tx_total=0 successes=0
produced block height=36642 tx_total=0 successes=0
produced block height=36643 tx_total=0 successes=0
produced block height=36644 tx_total=0 successes=0
produced block height=36645 tx_total=0 successes=0
produced block height=36646 tx_total=0 successes=0
produced block height=36647 tx_total=0 successes=0
produced block height=36648 tx_total=0 successes=0
produced block height=36649 tx_total=0 successes=0
produced block height=36650 tx_total=0 successes=0
produced block height=36651 tx_total=0 successes=0
produced block height=36652 tx_total=0 successes=0
produced block height=36653 tx_total=0 successes=0
produced block height=36654 tx_total=0 successes=0
produced block height=36655 tx_total=0 successes=0
produced block height=36656 tx_total=0 successes=0
produced block height=36657 tx_total=0 successes=0
produced block height=36658 tx_total=0 successes=0
produced block height=36659 tx_total=0 successes=0
produced block height=36660 tx_total=0 successes=0
produced block height=36661 tx_total=0 successes=0
produced block height=36662 tx_total=0 successes=0
produced block height=36663 tx_total=0 successes=0
produced block height=36664 tx_total=0 successes=0
produced block height=36665 tx_total=0 successes=0
produced block height=36666 tx_total=0 successes=0
produced block height=36667 tx_total=0 successes=0
produced block height=36668 tx_total=0 successes=0
produced block height=36669 tx_total=0 successes=0
produced block height=36670 tx_total=0 successes=0
produced block height=36671 tx_total=0 successes=0
produced block height=36672 tx_total=0 successes=0
produced block height=36673 tx_total=0 successes=0
produced block height=36674 tx_total=0 successes=0
produced block height=36675 tx_total=0 successes=0
produced block height=36676 tx_total=0 successes=0
produced block height=36677 tx_total=0 successes=0
produced block height=36678 tx_total=0 successes=0
produced block height=36679 tx_total=0 successes=0
produced block height=36680 tx_total=0 successes=0
produced block height=36681 tx_total=0 successes=0
produced block height=36682 tx_total=0 successes=0
produced block height=36683 tx_total=0 successes=0
produced block height=36684 tx_total=0 successes=0
produced block height=36685 tx_total=0 successes=0
produced block height=36686 tx_total=0 successes=0
produced block height=36687 tx_total=0 successes=0
produced block height=36688 tx_total=0 successes=0
produced block height=36689 tx_total=0 successes=0
produced block height=36690 tx_total=0 successes=0
produced block height=36691 tx_total=0 successes=0
produced block height=36692 tx_total=0 successes=0
produced block height=36693 tx_total=0 successes=0
produced block height=36694 tx_total=0 successes=0
produced block height=36695 tx_total=0 successes=0
produced block height=36696 tx_total=0 successes=0
produced block height=36697 tx_total=0 successes=0
produced block height=36698 tx_total=0 successes=0
produced block height=36699 tx_total=0 successes=0
produced block height=36700 tx_total=0 successes=0
produced block height=36701 tx_total=0 successes=0
produced block height=36702 tx_total=0 successes=0
produced block height=36703 tx_total=0 successes=0
produced block height=36704 tx_total=0 successes=0
produced block height=36705 tx_total=0 successes=0
produced block height=36706 tx_total=0 successes=0
produced block height=36707 tx_total=0 successes=0
produced block height=36708 tx_total=0 successes=0
produced block height=36709 tx_total=0 successes=0
produced block height=36710 tx_total=0 successes=0
produced block height=36711 tx_total=0 successes=0
produced block height=36712 tx_total=0 successes=0
produced block height=36713 tx_total=0 successes=0
produced block height=36714 tx_total=0 successes=0
produced block height=36715 tx_total=0 successes=0
produced block height=36716 tx_total=0 successes=0
produced block height=36717 tx_total=0 successes=0
produced block height=36718 tx_total=0 successes=0
produced block height=36719 tx_total=0 successes=0
produced block height=36720 tx_total=0 successes=0
produced block height=36721 tx_total=0 successes=0
produced block height=36722 tx_total=0 successes=0
produced block height=36723 tx_total=0 successes=0
produced block height=36724 tx_total=0 successes=0
produced block height=36725 tx_total=0 successes=0
produced block height=36726 tx_total=0 successes=0
produced block height=36727 tx_total=0 successes=0
produced block height=36728 tx_total=0 successes=0
produced block height=36729 tx_total=0 successes=0
produced block height=36730 tx_total=0 successes=0
produced block height=36731 tx_total=0 successes=0
produced block height=36732 tx_total=0 successes=0
produced block height=36733 tx_total=0 successes=0
produced block height=36734 tx_total=0 successes=0
produced block height=36735 tx_total=0 successes=0
produced block height=36736 tx_total=0 successes=0
produced block height=36737 tx_total=0 successes=0
produced block height=36738 tx_total=0 successes=0
produced block height=36739 tx_total=0 successes=0
produced block height=36740 tx_total=0 successes=0
produced block height=36741 tx_total=0 successes=0
produced block height=36742 tx_total=0 successes=0
produced block height=36743 tx_total=0 successes=0
produced block height=36744 tx_total=0 successes=0
produced block height=36745 tx_total=0 successes=0
produced block height=36746 tx_total=0 successes=0
produced block height=36747 tx_total=0 successes=0
produced block height=36748 tx_total=0 successes=0
produced block height=36749 tx_total=0 successes=0
produced block height=36750 tx_total=0 successes=0
produced block height=36751 tx_total=0 successes=0
produced block height=36752 tx_total=0 successes=0
produced block height=36753 tx_total=0 successes=0
produced block height=36754 tx_total=0 successes=0
produced block height=36755 tx_total=0 successes=0
produced block height=36756 tx_total=0 successes=0
produced block height=36757 tx_total=0 successes=0
produced block height=36758 tx_total=0 successes=0
produced block height=36759 tx_total=0 successes=0
produced block height=36760 tx_total=0 successes=0
produced block height=36761 tx_total=0 successes=0
produced block height=36762 tx_total=0 successes=0
produced block height=36763 tx_total=0 successes=0
produced block height=36764 tx_total=0 successes=0
produced block height=36765 tx_total=0 successes=0
produced block height=36766 tx_total=0 successes=0
produced block height=36767 tx_total=0 successes=0
produced block height=36768 tx_total=0 successes=0
produced block height=36769 tx_total=0 successes=0
produced block height=36770 tx_total=0 successes=0
produced block height=36771 tx_total=0 successes=0
produced block height=36772 tx_total=0 successes=0
produced block height=36773 tx_total=0 successes=0
produced block height=36774 tx_total=0 successes=0
produced block height=36775 tx_total=0 successes=0
produced block height=36776 tx_total=0 successes=0
produced block height=36777 tx_total=0 successes=0
produced block height=36778 tx_total=0 successes=0
produced block height=36779 tx_total=0 successes=0
produced block height=36780 tx_total=0 successes=0
produced block height=36781 tx_total=0 successes=0
produced block height=36782 tx_total=0 successes=0
produced block height=36783 tx_total=0 successes=0
produced block height=36784 tx_total=0 successes=0
produced block height=36785 tx_total=0 successes=0
produced block height=36786 tx_total=0 successes=0
produced block height=36787 tx_total=0 successes=0
produced block height=36788 tx_total=0 successes=0
produced block height=36789 tx_total=0 successes=0
produced block height=36790 tx_total=0 successes=0
produced block height=36791 tx_total=0 successes=0
produced block height=36792 tx_total=0 successes=0
produced block height=36793 tx_total=0 successes=0
produced block height=36794 tx_total=0 successes=0
produced block height=36795 tx_total=0 successes=0
produced block height=36796 tx_total=0 successes=0
produced block height=36797 tx_total=0 successes=0
produced block height=36798 tx_total=0 successes=0
produced block height=36799 tx_total=0 successes=0
produced block height=36800 tx_total=0 successes=0
produced block height=36801 tx_total=0 successes=0
produced block height=36802 tx_total=0 successes=0
produced block height=36803 tx_total=0 successes=0
produced block height=36804 tx_total=0 successes=0
produced block height=36805 tx_total=0 successes=0
produced block height=36806 tx_total=0 successes=0
produced block height=36807 tx_total=0 successes=0
produced block height=36808 tx_total=0 successes=0
produced block height=36809 tx_total=0 successes=0
produced block height=36810 tx_total=0 successes=0
produced block height=36811 tx_total=0 successes=0
produced block height=36812 tx_total=0 successes=0
produced block height=36813 tx_total=0 successes=0
produced block height=36814 tx_total=0 successes=0
produced block height=36815 tx_total=0 successes=0
produced block height=36816 tx_total=0 successes=0
produced block height=36817 tx_total=0 successes=0
produced block height=36818 tx_total=0 successes=0
produced block height=36819 tx_total=0 successes=0
produced block height=36820 tx_total=0 successes=0
produced block height=36821 tx_total=0 successes=0
produced block height=36822 tx_total=0 successes=0
produced block height=36823 tx_total=0 successes=0
produced block height=36824 tx_total=0 successes=0
produced block height=36825 tx_total=0 successes=0
produced block height=36826 tx_total=0 successes=0
produced block height=36827 tx_total=0 successes=0
produced block height=36828 tx_total=0 successes=0
produced block height=36829 tx_total=0 successes=0
produced block height=36830 tx_total=0 successes=0
produced block height=36831 tx_total=0 successes=0
produced block height=36832 tx_total=0 successes=0
produced block height=36833 tx_total=0 successes=0
produced block height=36834 tx_total=0 successes=0
produced block height=36835 tx_total=0 successes=0
produced block height=36836 tx_total=0 successes=0
produced block height=36837 tx_total=0 successes=0
produced block height=36838 tx_total=0 successes=0
produced block height=36839 tx_total=0 successes=0
produced block height=36840 tx_total=0 successes=0
produced block height=36841 tx_total=0 successes=0
produced block height=36842 tx_total=0 successes=0
produced block height=36843 tx_total=0 successes=0
produced block height=36844 tx_total=0 successes=0
produced block height=36845 tx_total=0 successes=0
produced block height=36846 tx_total=0 successes=0
produced block height=36847 tx_total=0 successes=0
produced block height=36848 tx_total=0 successes=0
produced block height=36849 tx_total=0 successes=0
produced block height=36850 tx_total=0 successes=0
produced block height=36851 tx_total=0 successes=0
produced block height=36852 tx_total=0 successes=0
produced block height=36853 tx_total=0 successes=0
produced block height=36854 tx_total=0 successes=0
produced block height=36855 tx_total=0 successes=0
produced block height=36856 tx_total=0 successes=0
produced block height=36857 tx_total=0 successes=0
produced block height=36858 tx_total=0 successes=0
produced block height=36859 tx_total=0 successes=0
produced block height=36860 tx_total=0 successes=0
produced block height=36861 tx_total=0 successes=0
produced block height=36862 tx_total=0 successes=0
produced block height=36863 tx_total=0 successes=0
produced block height=36864 tx_total=0 successes=0
produced block height=36865 tx_total=0 successes=0
produced block height=36866 tx_total=0 successes=0
produced block height=36867 tx_total=0 successes=0
produced block height=36868 tx_total=0 successes=0
produced block height=36869 tx_total=0 successes=0
produced block height=36870 tx_total=0 successes=0
produced block height=36871 tx_total=0 successes=0
produced block height=36872 tx_total=0 successes=0
produced block height=36873 tx_total=0 successes=0
produced block height=36874 tx_total=0 successes=0
produced block height=36875 tx_total=0 successes=0
produced block height=36876 tx_total=0 successes=0
produced block height=36877 tx_total=0 successes=0
produced block height=36878 tx_total=0 successes=0
produced block height=36879 tx_total=0 successes=0
produced block height=36880 tx_total=0 successes=0
produced block height=36881 tx_total=0 successes=0
produced block height=36882 tx_total=0 successes=0
produced block height=36883 tx_total=0 successes=0
produced block height=36884 tx_total=0 successes=0
produced block height=36885 tx_total=0 successes=0
produced block height=36886 tx_total=0 successes=0
produced block height=36887 tx_total=0 successes=0
produced block height=36888 tx_total=0 successes=0
produced block height=36889 tx_total=0 successes=0
produced block height=36890 tx_total=0 successes=0
produced block height=36891 tx_total=0 successes=0
produced block height=36892 tx_total=0 successes=0
produced block height=36893 tx_total=0 successes=0
produced block height=36894 tx_total=0 successes=0
produced block height=36895 tx_total=0 successes=0
produced block height=36896 tx_total=0 successes=0
produced block height=36897 tx_total=0 successes=0
produced block height=36898 tx_total=0 successes=0
produced block height=36899 tx_total=0 successes=0
produced block height=36900 tx_total=0 successes=0
produced block height=36901 tx_total=0 successes=0
produced block height=36902 tx_total=0 successes=0
produced block height=36903 tx_total=0 successes=0
produced block height=36904 tx_total=0 successes=0
produced block height=36905 tx_total=0 successes=0
produced block height=36906 tx_total=0 successes=0
produced block height=36907 tx_total=0 successes=0
produced block height=36908 tx_total=0 successes=0
produced block height=36909 tx_total=0 successes=0
produced block height=36910 tx_total=0 successes=0
produced block height=36911 tx_total=0 successes=0
produced block height=36912 tx_total=0 successes=0
produced block height=36913 tx_total=0 successes=0
produced block height=36914 tx_total=0 successes=0
produced block height=36915 tx_total=0 successes=0
produced block height=36916 tx_total=0 successes=0
produced block height=36917 tx_total=0 successes=0
produced block height=36918 tx_total=0 successes=0
produced block height=36919 tx_total=0 successes=0
produced block height=36920 tx_total=0 successes=0
produced block height=36921 tx_total=0 successes=0
produced block height=36922 tx_total=0 successes=0
produced block height=36923 tx_total=0 successes=0
produced block height=36924 tx_total=0 successes=0
produced block height=36925 tx_total=0 successes=0
produced block height=36926 tx_total=0 successes=0
produced block height=36927 tx_total=0 successes=0
produced block height=36928 tx_total=0 successes=0
produced block height=36929 tx_total=0 successes=0
produced block height=36930 tx_total=0 successes=0
produced block height=36931 tx_total=0 successes=0
produced block height=36932 tx_total=0 successes=0
produced block height=36933 tx_total=0 successes=0
produced block height=36934 tx_total=0 successes=0
produced block height=36935 tx_total=0 successes=0
produced block height=36936 tx_total=0 successes=0
produced block height=36937 tx_total=0 successes=0
produced block height=36938 tx_total=0 successes=0
produced block height=36939 tx_total=0 successes=0
produced block height=36940 tx_total=0 successes=0
produced block height=36941 tx_total=0 successes=0
produced block height=36942 tx_total=0 successes=0
produced block height=36943 tx_total=0 successes=0
produced block height=36944 tx_total=0 successes=0
produced block height=36945 tx_total=0 successes=0
produced block height=36946 tx_total=0 successes=0
produced block height=36947 tx_total=0 successes=0
produced block height=36948 tx_total=0 successes=0
produced block height=36949 tx_total=0 successes=0
produced block height=36950 tx_total=0 successes=0
produced block height=36951 tx_total=0 successes=0
produced block height=36952 tx_total=0 successes=0
produced block height=36953 tx_total=0 successes=0
produced block height=36954 tx_total=0 successes=0
produced block height=36955 tx_total=0 successes=0
produced block height=36956 tx_total=0 successes=0
produced block height=36957 tx_total=0 successes=0
produced block height=36958 tx_total=0 successes=0
produced block height=36959 tx_total=0 successes=0
produced block height=36960 tx_total=0 successes=0
produced block height=36961 tx_total=0 successes=0
produced block height=36962 tx_total=0 successes=0
produced block height=36963 tx_total=0 successes=0
produced block height=36964 tx_total=0 successes=0
produced block height=36965 tx_total=0 successes=0
produced block height=36966 tx_total=0 successes=0
produced block height=36967 tx_total=0 successes=0
produced block height=36968 tx_total=0 successes=0
produced block height=36969 tx_total=0 successes=0
produced block height=36970 tx_total=0 successes=0
produced block height=36971 tx_total=0 successes=0
produced block height=36972 tx_total=0 successes=0
produced block height=36973 tx_total=0 successes=0
produced block height=36974 tx_total=0 successes=0
produced block height=36975 tx_total=0 successes=0
produced block height=36976 tx_total=0 successes=0
produced block height=36977 tx_total=0 successes=0
produced block height=36978 tx_total=0 successes=0
produced block height=36979 tx_total=0 successes=0
produced block height=36980 tx_total=0 successes=0
produced block height=36981 tx_total=0 successes=0
produced block height=36982 tx_total=0 successes=0
produced block height=36983 tx_total=0 successes=0
produced block height=36984 tx_total=0 successes=0
produced block height=36985 tx_total=0 successes=0
produced block height=36986 tx_total=0 successes=0
produced block height=36987 tx_total=0 successes=0
produced block height=36988 tx_total=0 successes=0
produced block height=36989 tx_total=0 successes=0
produced block height=36990 tx_total=0 successes=0
produced block height=36991 tx_total=0 successes=0
produced block height=36992 tx_total=0 successes=0
produced block height=36993 tx_total=0 successes=0
produced block height=36994 tx_total=0 successes=0
produced block height=36995 tx_total=0 successes=0
produced block height=36996 tx_total=0 successes=0
produced block height=36997 tx_total=0 successes=0
produced block height=36998 tx_total=0 successes=0
produced block height=36999 tx_total=0 successes=0
produced block height=37000 tx_total=0 successes=0
produced block height=37001 tx_total=0 successes=0
produced block height=37002 tx_total=0 successes=0
produced block height=37003 tx_total=0 successes=0
produced block height=37004 tx_total=0 successes=0
produced block height=37005 tx_total=0 successes=0
produced block height=37006 tx_total=0 successes=0
produced block height=37007 tx_total=0 successes=0
produced block height=37008 tx_total=0 successes=0
produced block height=37009 tx_total=0 successes=0
produced block height=37010 tx_total=0 successes=0
produced block height=37011 tx_total=0 successes=0
produced block height=37012 tx_total=0 successes=0
produced block height=37013 tx_total=0 successes=0
produced block height=37014 tx_total=0 successes=0
produced block height=37015 tx_total=0 successes=0
produced block height=37016 tx_total=0 successes=0
produced block height=37017 tx_total=0 successes=0
produced block height=37018 tx_total=0 successes=0
produced block height=37019 tx_total=0 successes=0
produced block height=37020 tx_total=0 successes=0
produced block height=37021 tx_total=0 successes=0
produced block height=37022 tx_total=0 successes=0
produced block height=37023 tx_total=0 successes=0
produced block height=37024 tx_total=0 successes=0
produced block height=37025 tx_total=0 successes=0
produced block height=37026 tx_total=0 successes=0
produced block height=37027 tx_total=0 successes=0
produced block height=37028 tx_total=0 successes=0
produced block height=37029 tx_total=0 successes=0
produced block height=37030 tx_total=0 successes=0
produced block height=37031 tx_total=0 successes=0
produced block height=37032 tx_total=0 successes=0
produced block height=37033 tx_total=0 successes=0
produced block height=37034 tx_total=0 successes=0
produced block height=37035 tx_total=0 successes=0
produced block height=37036 tx_total=0 successes=0
produced block height=37037 tx_total=0 successes=0
produced block height=37038 tx_total=0 successes=0
produced block height=37039 tx_total=0 successes=0
produced block height=37040 tx_total=0 successes=0
produced block height=37041 tx_total=0 successes=0
produced block height=37042 tx_total=0 successes=0
produced block height=37043 tx_total=0 successes=0
produced block height=37044 tx_total=0 successes=0
produced block height=37045 tx_total=0 successes=0
produced block height=37046 tx_total=0 successes=0
produced block height=37047 tx_total=0 successes=0
produced block height=37048 tx_total=0 successes=0
produced block height=37049 tx_total=0 successes=0
produced block height=37050 tx_total=0 successes=0
produced block height=37051 tx_total=0 successes=0
produced block height=37052 tx_total=0 successes=0
produced block height=37053 tx_total=0 successes=0
produced block height=37054 tx_total=0 successes=0
produced block height=37055 tx_total=0 successes=0
produced block height=37056 tx_total=0 successes=0
produced block height=37057 tx_total=0 successes=0
produced block height=37058 tx_total=0 successes=0
produced block height=37059 tx_total=0 successes=0
produced block height=37060 tx_total=0 successes=0
produced block height=37061 tx_total=0 successes=0
produced block height=37062 tx_total=0 successes=0
produced block height=37063 tx_total=0 successes=0
produced block height=37064 tx_total=0 successes=0
produced block height=37065 tx_total=0 successes=0
produced block height=37066 tx_total=0 successes=0
produced block height=37067 tx_total=0 successes=0
produced block height=37068 tx_total=0 successes=0
produced block height=37069 tx_total=0 successes=0
produced block height=37070 tx_total=0 successes=0
produced block height=37071 tx_total=0 successes=0
produced block height=37072 tx_total=0 successes=0
produced block height=37073 tx_total=0 successes=0
produced block height=37074 tx_total=0 successes=0
produced block height=37075 tx_total=0 successes=0
produced block height=37076 tx_total=0 successes=0
produced block height=37077 tx_total=0 successes=0
produced block height=37078 tx_total=0 successes=0
produced block height=37079 tx_total=0 successes=0
produced block height=37080 tx_total=0 successes=0
produced block height=37081 tx_total=0 successes=0
produced block height=37082 tx_total=0 successes=0
produced block height=37083 tx_total=0 successes=0
produced block height=37084 tx_total=0 successes=0
produced block height=37085 tx_total=0 successes=0
produced block height=37086 tx_total=0 successes=0
produced block height=37087 tx_total=0 successes=0
produced block height=37088 tx_total=0 successes=0
produced block height=37089 tx_total=0 successes=0
produced block height=37090 tx_total=0 successes=0
produced block height=37091 tx_total=0 successes=0
produced block height=37092 tx_total=0 successes=0
produced block height=37093 tx_total=0 successes=0
produced block height=37094 tx_total=0 successes=0
produced block height=37095 tx_total=0 successes=0
produced block height=37096 tx_total=0 successes=0
produced block height=37097 tx_total=0 successes=0
produced block height=37098 tx_total=0 successes=0
produced block height=37099 tx_total=0 successes=0
produced block height=37100 tx_total=0 successes=0
produced block height=37101 tx_total=0 successes=0
produced block height=37102 tx_total=0 successes=0
produced block height=37103 tx_total=0 successes=0
produced block height=37104 tx_total=0 successes=0
produced block height=37105 tx_total=0 successes=0
produced block height=37106 tx_total=0 successes=0
produced block height=37107 tx_total=0 successes=0
produced block height=37108 tx_total=0 successes=0
produced block height=37109 tx_total=0 successes=0
produced block height=37110 tx_total=0 successes=0
produced block height=37111 tx_total=0 successes=0
produced block height=37112 tx_total=0 successes=0
produced block height=37113 tx_total=0 successes=0
produced block height=37114 tx_total=0 successes=0
produced block height=37115 tx_total=0 successes=0
produced block height=37116 tx_total=0 successes=0
produced block height=37117 tx_total=0 successes=0
produced block height=37118 tx_total=0 successes=0
produced block height=37119 tx_total=0 successes=0
produced block height=37120 tx_total=0 successes=0
produced block height=37121 tx_total=0 successes=0
produced block height=37122 tx_total=0 successes=0
produced block height=37123 tx_total=0 successes=0
produced block height=37124 tx_total=0 successes=0
produced block height=37125 tx_total=0 successes=0
produced block height=37126 tx_total=0 successes=0
produced block height=37127 tx_total=0 successes=0
produced block height=37128 tx_total=0 successes=0
produced block height=37129 tx_total=0 successes=0
produced block height=37130 tx_total=0 successes=0
produced block height=37131 tx_total=0 successes=0
produced block height=37132 tx_total=0 successes=0
produced block height=37133 tx_total=0 successes=0
produced block height=37134 tx_total=0 successes=0
produced block height=37135 tx_total=0 successes=0
produced block height=37136 tx_total=0 successes=0
produced block height=37137 tx_total=0 successes=0
produced block height=37138 tx_total=0 successes=0
produced block height=37139 tx_total=0 successes=0
produced block height=37140 tx_total=0 successes=0
produced block height=37141 tx_total=0 successes=0
produced block height=37142 tx_total=0 successes=0
produced block height=37143 tx_total=0 successes=0
produced block height=37144 tx_total=0 successes=0
produced block height=37145 tx_total=0 successes=0
produced block height=37146 tx_total=0 successes=0
produced block height=37147 tx_total=0 successes=0
produced block height=37148 tx_total=0 successes=0
produced block height=37149 tx_total=0 successes=0
produced block height=37150 tx_total=0 successes=0
produced block height=37151 tx_total=0 successes=0
produced block height=37152 tx_total=0 successes=0
produced block height=37153 tx_total=0 successes=0
produced block height=37154 tx_total=0 successes=0
produced block height=37155 tx_total=0 successes=0
produced block height=37156 tx_total=0 successes=0
produced block height=37157 tx_total=0 successes=0
produced block height=37158 tx_total=0 successes=0
produced block height=37159 tx_total=0 successes=0
produced block height=37160 tx_total=0 successes=0
produced block height=37161 tx_total=0 successes=0
produced block height=37162 tx_total=0 successes=0
produced block height=37163 tx_total=0 successes=0
produced block height=37164 tx_total=0 successes=0
produced block height=37165 tx_total=0 successes=0
produced block height=37166 tx_total=0 successes=0
produced block height=37167 tx_total=0 successes=0
produced block height=37168 tx_total=0 successes=0
produced block height=37169 tx_total=0 successes=0
produced block height=37170 tx_total=0 successes=0
produced block height=37171 tx_total=0 successes=0
produced block height=37172 tx_total=0 successes=0
produced block height=37173 tx_total=0 successes=0
produced block height=37174 tx_total=0 successes=0
produced block height=37175 tx_total=0 successes=0
produced block height=37176 tx_total=0 successes=0
produced block height=37177 tx_total=0 successes=0
produced block height=37178 tx_total=0 successes=0
produced block height=37179 tx_total=0 successes=0
produced block height=37180 tx_total=0 successes=0
produced block height=37181 tx_total=0 successes=0
produced block height=37182 tx_total=0 successes=0
produced block height=37183 tx_total=0 successes=0
produced block height=37184 tx_total=0 successes=0
produced block height=37185 tx_total=0 successes=0
produced block height=37186 tx_total=0 successes=0
produced block height=37187 tx_total=0 successes=0
produced block height=37188 tx_total=0 successes=0
produced block height=37189 tx_total=0 successes=0
produced block height=37190 tx_total=0 successes=0
produced block height=37191 tx_total=0 successes=0
produced block height=37192 tx_total=0 successes=0
produced block height=37193 tx_total=0 successes=0
produced block height=37194 tx_total=0 successes=0
produced block height=37195 tx_total=0 successes=0
produced block height=37196 tx_total=0 successes=0
produced block height=37197 tx_total=0 successes=0
produced block height=37198 tx_total=0 successes=0
produced block height=37199 tx_total=0 successes=0
produced block height=37200 tx_total=0 successes=0
produced block height=37201 tx_total=0 successes=0
produced block height=37202 tx_total=0 successes=0
produced block height=37203 tx_total=0 successes=0
produced block height=37204 tx_total=0 successes=0
produced block height=37205 tx_total=0 successes=0
produced block height=37206 tx_total=0 successes=0
produced block height=37207 tx_total=0 successes=0
produced block height=37208 tx_total=0 successes=0
produced block height=37209 tx_total=0 successes=0
produced block height=37210 tx_total=0 successes=0
produced block height=37211 tx_total=0 successes=0
produced block height=37212 tx_total=0 successes=0
produced block height=37213 tx_total=0 successes=0
produced block height=37214 tx_total=0 successes=0
produced block height=37215 tx_total=0 successes=0
produced block height=37216 tx_total=0 successes=0
produced block height=37217 tx_total=0 successes=0
produced block height=37218 tx_total=0 successes=0
produced block height=37219 tx_total=0 successes=0
produced block height=37220 tx_total=0 successes=0
produced block height=37221 tx_total=0 successes=0
produced block height=37222 tx_total=0 successes=0
produced block height=37223 tx_total=0 successes=0
produced block height=37224 tx_total=0 successes=0
produced block height=37225 tx_total=0 successes=0
produced block height=37226 tx_total=0 successes=0
produced block height=37227 tx_total=0 successes=0
produced block height=37228 tx_total=0 successes=0
produced block height=37229 tx_total=0 successes=0
produced block height=37230 tx_total=0 successes=0
produced block height=37231 tx_total=0 successes=0
produced block height=37232 tx_total=0 successes=0
produced block height=37233 tx_total=0 successes=0
produced block height=37234 tx_total=0 successes=0
produced block height=37235 tx_total=0 successes=0
produced block height=37236 tx_total=0 successes=0
produced block height=37237 tx_total=0 successes=0
produced block height=37238 tx_total=0 successes=0
produced block height=37239 tx_total=0 successes=0
produced block height=37240 tx_total=0 successes=0
produced block height=37241 tx_total=0 successes=0
produced block height=37242 tx_total=0 successes=0
produced block height=37243 tx_total=0 successes=0
produced block height=37244 tx_total=0 successes=0
produced block height=37245 tx_total=0 successes=0
produced block height=37246 tx_total=0 successes=0
produced block height=37247 tx_total=0 successes=0
produced block height=37248 tx_total=0 successes=0
produced block height=37249 tx_total=0 successes=0
produced block height=37250 tx_total=0 successes=0
produced block height=37251 tx_total=0 successes=0
produced block height=37252 tx_total=0 successes=0
produced block height=37253 tx_total=0 successes=0
produced block height=37254 tx_total=0 successes=0
produced block height=37255 tx_total=0 successes=0
produced block height=37256 tx_total=0 successes=0
produced block height=37257 tx_total=0 successes=0
produced block height=37258 tx_total=0 successes=0
produced block height=37259 tx_total=0 successes=0
produced block height=37260 tx_total=0 successes=0
produced block height=37261 tx_total=0 successes=0
produced block height=37262 tx_total=0 successes=0
produced block height=37263 tx_total=0 successes=0
produced block height=37264 tx_total=0 successes=0
produced block height=37265 tx_total=0 successes=0
produced block height=37266 tx_total=0 successes=0
produced block height=37267 tx_total=0 successes=0
produced block height=37268 tx_total=0 successes=0
produced block height=37269 tx_total=0 successes=0
produced block height=37270 tx_total=0 successes=0
produced block height=37271 tx_total=0 successes=0
produced block height=37272 tx_total=0 successes=0
produced block height=37273 tx_total=0 successes=0
produced block height=37274 tx_total=0 successes=0
produced block height=37275 tx_total=0 successes=0
produced block height=37276 tx_total=0 successes=0
produced block height=37277 tx_total=0 successes=0
produced block height=37278 tx_total=0 successes=0
produced block height=37279 tx_total=0 successes=0
produced block height=37280 tx_total=0 successes=0
produced block height=37281 tx_total=0 successes=0
produced block height=37282 tx_total=0 successes=0
produced block height=37283 tx_total=0 successes=0
produced block height=37284 tx_total=0 successes=0
produced block height=37285 tx_total=0 successes=0
produced block height=37286 tx_total=0 successes=0
produced block height=37287 tx_total=0 successes=0
produced block height=37288 tx_total=0 successes=0
produced block height=37289 tx_total=0 successes=0
produced block height=37290 tx_total=0 successes=0
produced block height=37291 tx_total=0 successes=0
produced block height=37292 tx_total=0 successes=0
produced block height=37293 tx_total=0 successes=0
produced block height=37294 tx_total=0 successes=0
produced block height=37295 tx_total=0 successes=0
produced block height=37296 tx_total=0 successes=0
produced block height=37297 tx_total=0 successes=0
produced block height=37298 tx_total=0 successes=0
produced block height=37299 tx_total=0 successes=0
produced block height=37300 tx_total=0 successes=0
produced block height=37301 tx_total=0 successes=0
produced block height=37302 tx_total=0 successes=0
produced block height=37303 tx_total=0 successes=0
produced block height=37304 tx_total=0 successes=0
produced block height=37305 tx_total=0 successes=0
produced block height=37306 tx_total=0 successes=0
produced block height=37307 tx_total=0 successes=0
produced block height=37308 tx_total=0 successes=0
produced block height=37309 tx_total=0 successes=0
produced block height=37310 tx_total=0 successes=0
produced block height=37311 tx_total=0 successes=0
produced block height=37312 tx_total=0 successes=0
produced block height=37313 tx_total=0 successes=0
produced block height=37314 tx_total=0 successes=0
produced block height=37315 tx_total=0 successes=0
produced block height=37316 tx_total=0 successes=0
produced block height=37317 tx_total=0 successes=0
produced block height=37318 tx_total=0 successes=0
produced block height=37319 tx_total=0 successes=0
produced block height=37320 tx_total=0 successes=0
produced block height=37321 tx_total=0 successes=0
produced block height=37322 tx_total=0 successes=0
produced block height=37323 tx_total=0 successes=0
produced block height=37324 tx_total=0 successes=0
produced block height=37325 tx_total=0 successes=0
produced block height=37326 tx_total=0 successes=0
produced block height=37327 tx_total=0 successes=0
produced block height=37328 tx_total=0 successes=0
produced block height=37329 tx_total=0 successes=0
produced block height=37330 tx_total=0 successes=0
produced block height=37331 tx_total=0 successes=0
produced block height=37332 tx_total=0 successes=0
produced block height=37333 tx_total=0 successes=0
produced block height=37334 tx_total=0 successes=0
produced block height=37335 tx_total=0 successes=0
produced block height=37336 tx_total=0 successes=0
produced block height=37337 tx_total=0 successes=0
produced block height=37338 tx_total=0 successes=0
produced block height=37339 tx_total=0 successes=0
produced block height=37340 tx_total=0 successes=0
produced block height=37341 tx_total=0 successes=0
produced block height=37342 tx_total=0 successes=0
produced block height=37343 tx_total=0 successes=0
produced block height=37344 tx_total=0 successes=0
produced block height=37345 tx_total=0 successes=0
produced block height=37346 tx_total=0 successes=0
produced block height=37347 tx_total=0 successes=0
produced block height=37348 tx_total=0 successes=0
produced block height=37349 tx_total=0 successes=0
produced block height=37350 tx_total=0 successes=0
produced block height=37351 tx_total=0 successes=0
produced block height=37352 tx_total=0 successes=0
produced block height=37353 tx_total=0 successes=0
produced block height=37354 tx_total=0 successes=0
produced block height=37355 tx_total=0 successes=0
produced block height=37356 tx_total=0 successes=0
produced block height=37357 tx_total=0 successes=0
produced block height=37358 tx_total=0 successes=0
produced block height=37359 tx_total=0 successes=0
produced block height=37360 tx_total=0 successes=0
produced block height=37361 tx_total=0 successes=0
produced block height=37362 tx_total=0 successes=0
produced block height=37363 tx_total=0 successes=0
produced block height=37364 tx_total=0 successes=0
produced block height=37365 tx_total=0 successes=0
produced block height=37366 tx_total=0 successes=0
produced block height=37367 tx_total=0 successes=0
produced block height=37368 tx_total=0 successes=0
produced block height=37369 tx_total=0 successes=0
produced block height=37370 tx_total=0 successes=0
produced block height=37371 tx_total=0 successes=0
produced block height=37372 tx_total=0 successes=0
produced block height=37373 tx_total=0 successes=0
produced block height=37374 tx_total=0 successes=0
produced block height=37375 tx_total=0 successes=0
produced block height=37376 tx_total=0 successes=0
produced block height=37377 tx_total=0 successes=0
produced block height=37378 tx_total=0 successes=0
produced block height=37379 tx_total=0 successes=0
produced block height=37380 tx_total=0 successes=0
produced block height=37381 tx_total=0 successes=0
produced block height=37382 tx_total=0 successes=0
produced block height=37383 tx_total=0 successes=0
produced block height=37384 tx_total=0 successes=0
produced block height=37385 tx_total=0 successes=0
produced block height=37386 tx_total=0 successes=0
produced block height=37387 tx_total=0 successes=0
produced block height=37388 tx_total=0 successes=0
produced block height=37389 tx_total=0 successes=0
produced block height=37390 tx_total=0 successes=0
produced block height=37391 tx_total=0 successes=0
produced block height=37392 tx_total=0 successes=0
produced block height=37393 tx_total=0 successes=0
produced block height=37394 tx_total=0 successes=0
produced block height=37395 tx_total=0 successes=0
produced block height=37396 tx_total=0 successes=0
produced block height=37397 tx_total=0 successes=0
produced block height=37398 tx_total=0 successes=0
produced block height=37399 tx_total=0 successes=0
produced block height=37400 tx_total=0 successes=0
produced block height=37401 tx_total=0 successes=0
produced block height=37402 tx_total=0 successes=0
produced block height=37403 tx_total=0 successes=0
produced block height=37404 tx_total=0 successes=0
produced block height=37405 tx_total=0 successes=0
produced block height=37406 tx_total=0 successes=0
produced block height=37407 tx_total=0 successes=0
produced block height=37408 tx_total=0 successes=0
produced block height=37409 tx_total=0 successes=0
produced block height=37410 tx_total=0 successes=0
produced block height=37411 tx_total=0 successes=0
produced block height=37412 tx_total=0 successes=0
produced block height=37413 tx_total=0 successes=0
produced block height=37414 tx_total=0 successes=0
produced block height=37415 tx_total=0 successes=0
produced block height=37416 tx_total=0 successes=0
produced block height=37417 tx_total=0 successes=0
produced block height=37418 tx_total=0 successes=0
produced block height=37419 tx_total=0 successes=0
produced block height=37420 tx_total=0 successes=0
produced block height=37421 tx_total=0 successes=0
produced block height=37422 tx_total=0 successes=0
produced block height=37423 tx_total=0 successes=0
produced block height=37424 tx_total=0 successes=0
produced block height=37425 tx_total=0 successes=0
produced block height=37426 tx_total=0 successes=0
produced block height=37427 tx_total=0 successes=0
produced block height=37428 tx_total=0 successes=0
produced block height=37429 tx_total=0 successes=0
produced block height=37430 tx_total=0 successes=0
produced block height=37431 tx_total=0 successes=0
produced block height=37432 tx_total=0 successes=0
produced block height=37433 tx_total=0 successes=0
produced block height=37434 tx_total=0 successes=0
produced block height=37435 tx_total=0 successes=0
produced block height=37436 tx_total=0 successes=0
produced block height=37437 tx_total=0 successes=0
produced block height=37438 tx_total=0 successes=0
produced block height=37439 tx_total=0 successes=0
produced block height=37440 tx_total=0 successes=0
produced block height=37441 tx_total=0 successes=0
produced block height=37442 tx_total=0 successes=0
produced block height=37443 tx_total=0 successes=0
produced block height=37444 tx_total=0 successes=0
produced block height=37445 tx_total=0 successes=0
produced block height=37446 tx_total=0 successes=0
produced block height=37447 tx_total=0 successes=0
produced block height=37448 tx_total=0 successes=0
produced block height=37449 tx_total=0 successes=0
produced block height=37450 tx_total=0 successes=0
produced block height=37451 tx_total=0 successes=0
produced block height=37452 tx_total=0 successes=0
produced block height=37453 tx_total=0 successes=0
produced block height=37454 tx_total=0 successes=0
produced block height=37455 tx_total=0 successes=0
produced block height=37456 tx_total=0 successes=0
produced block height=37457 tx_total=0 successes=0
produced block height=37458 tx_total=0 successes=0
produced block height=37459 tx_total=0 successes=0
produced block height=37460 tx_total=0 successes=0
produced block height=37461 tx_total=0 successes=0
produced block height=37462 tx_total=0 successes=0
produced block height=37463 tx_total=0 successes=0
produced block height=37464 tx_total=0 successes=0
produced block height=37465 tx_total=0 successes=0
produced block height=37466 tx_total=0 successes=0
produced block height=37467 tx_total=0 successes=0
produced block height=37468 tx_total=0 successes=0
produced block height=37469 tx_total=0 successes=0
produced block height=37470 tx_total=0 successes=0
produced block height=37471 tx_total=0 successes=0
produced block height=37472 tx_total=0 successes=0
produced block height=37473 tx_total=0 successes=0
produced block height=37474 tx_total=0 successes=0
produced block height=37475 tx_total=0 successes=0
produced block height=37476 tx_total=0 successes=0
produced block height=37477 tx_total=0 successes=0
produced block height=37478 tx_total=0 successes=0
produced block height=37479 tx_total=0 successes=0
produced block height=37480 tx_total=0 successes=0
produced block height=37481 tx_total=0 successes=0
produced block height=37482 tx_total=0 successes=0
produced block height=37483 tx_total=0 successes=0
produced block height=37484 tx_total=0 successes=0
produced block height=37485 tx_total=0 successes=0
produced block height=37486 tx_total=0 successes=0
produced block height=37487 tx_total=0 successes=0
produced block height=37488 tx_total=0 successes=0
produced block height=37489 tx_total=0 successes=0
produced block height=37490 tx_total=0 successes=0
produced block height=37491 tx_total=0 successes=0
produced block height=37492 tx_total=0 successes=0
produced block height=37493 tx_total=0 successes=0
produced block height=37494 tx_total=0 successes=0
produced block height=37495 tx_total=0 successes=0
produced block height=37496 tx_total=0 successes=0
produced block height=37497 tx_total=0 successes=0
produced block height=37498 tx_total=0 successes=0
produced block height=37499 tx_total=0 successes=0
produced block height=37500 tx_total=0 successes=0
produced block height=37501 tx_total=0 successes=0
produced block height=37502 tx_total=0 successes=0
produced block height=37503 tx_total=0 successes=0
produced block height=37504 tx_total=0 successes=0
produced block height=37505 tx_total=0 successes=0
produced block height=37506 tx_total=0 successes=0
produced block height=37507 tx_total=0 successes=0
produced block height=37508 tx_total=0 successes=0
produced block height=37509 tx_total=0 successes=0
produced block height=37510 tx_total=0 successes=0
produced block height=37511 tx_total=0 successes=0
produced block height=37512 tx_total=0 successes=0
produced block height=37513 tx_total=0 successes=0
produced block height=37514 tx_total=0 successes=0
produced block height=37515 tx_total=0 successes=0
produced block height=37516 tx_total=0 successes=0
produced block height=37517 tx_total=0 successes=0
produced block height=37518 tx_total=0 successes=0
produced block height=37519 tx_total=0 successes=0
produced block height=37520 tx_total=0 successes=0
produced block height=37521 tx_total=0 successes=0
produced block height=37522 tx_total=0 successes=0
produced block height=37523 tx_total=0 successes=0
produced block height=37524 tx_total=0 successes=0
produced block height=37525 tx_total=0 successes=0
produced block height=37526 tx_total=0 successes=0
produced block height=37527 tx_total=0 successes=0
produced block height=37528 tx_total=0 successes=0
produced block height=37529 tx_total=0 successes=0
produced block height=37530 tx_total=0 successes=0
produced block height=37531 tx_total=0 successes=0
produced block height=37532 tx_total=0 successes=0
produced block height=37533 tx_total=0 successes=0
produced block height=37534 tx_total=0 successes=0
produced block height=37535 tx_total=0 successes=0
produced block height=37536 tx_total=0 successes=0
produced block height=37537 tx_total=0 successes=0
produced block height=37538 tx_total=0 successes=0
produced block height=37539 tx_total=0 successes=0
produced block height=37540 tx_total=0 successes=0
produced block height=37541 tx_total=0 successes=0
produced block height=37542 tx_total=0 successes=0
produced block height=37543 tx_total=0 successes=0
produced block height=37544 tx_total=0 successes=0
produced block height=37545 tx_total=0 successes=0
produced block height=37546 tx_total=0 successes=0
produced block height=37547 tx_total=0 successes=0
produced block height=37548 tx_total=0 successes=0
produced block height=37549 tx_total=0 successes=0
produced block height=37550 tx_total=0 successes=0
produced block height=37551 tx_total=0 successes=0
produced block height=37552 tx_total=0 successes=0
produced block height=37553 tx_total=0 successes=0
produced block height=37554 tx_total=0 successes=0
produced block height=37555 tx_total=0 successes=0
produced block height=37556 tx_total=0 successes=0
produced block height=37557 tx_total=0 successes=0
produced block height=37558 tx_total=0 successes=0
produced block height=37559 tx_total=0 successes=0
produced block height=37560 tx_total=0 successes=0
produced block height=37561 tx_total=0 successes=0
produced block height=37562 tx_total=0 successes=0
produced block height=37563 tx_total=0 successes=0
produced block height=37564 tx_total=0 successes=0
produced block height=37565 tx_total=0 successes=0
produced block height=37566 tx_total=0 successes=0
produced block height=37567 tx_total=0 successes=0
produced block height=37568 tx_total=0 successes=0
produced block height=37569 tx_total=0 successes=0
produced block height=37570 tx_total=0 successes=0
produced block height=37571 tx_total=0 successes=0
produced block height=37572 tx_total=0 successes=0
produced block height=37573 tx_total=0 successes=0
produced block height=37574 tx_total=0 successes=0
produced block height=37575 tx_total=0 successes=0
produced block height=37576 tx_total=0 successes=0
produced block height=37577 tx_total=0 successes=0
produced block height=37578 tx_total=0 successes=0
produced block height=37579 tx_total=0 successes=0
produced block height=37580 tx_total=0 successes=0
produced block height=37581 tx_total=0 successes=0
produced block height=37582 tx_total=0 successes=0
produced block height=37583 tx_total=0 successes=0
produced block height=37584 tx_total=0 successes=0
produced block height=37585 tx_total=0 successes=0
produced block height=37586 tx_total=0 successes=0
produced block height=37587 tx_total=0 successes=0
produced block height=37588 tx_total=0 successes=0
produced block height=37589 tx_total=0 successes=0
produced block height=37590 tx_total=0 successes=0
produced block height=37591 tx_total=0 successes=0
produced block height=37592 tx_total=0 successes=0
produced block height=37593 tx_total=0 successes=0
produced block height=37594 tx_total=0 successes=0
produced block height=37595 tx_total=0 successes=0
produced block height=37596 tx_total=0 successes=0
produced block height=37597 tx_total=0 successes=0
produced block height=37598 tx_total=0 successes=0
produced block height=37599 tx_total=0 successes=0
produced block height=37600 tx_total=0 successes=0
produced block height=37601 tx_total=0 successes=0
produced block height=37602 tx_total=0 successes=0
produced block height=37603 tx_total=0 successes=0
produced block height=37604 tx_total=0 successes=0
produced block height=37605 tx_total=0 successes=0
produced block height=37606 tx_total=0 successes=0
produced block height=37607 tx_total=0 successes=0
produced block height=37608 tx_total=0 successes=0
produced block height=37609 tx_total=0 successes=0
produced block height=37610 tx_total=0 successes=0
produced block height=37611 tx_total=0 successes=0
produced block height=37612 tx_total=0 successes=0
produced block height=37613 tx_total=0 successes=0
produced block height=37614 tx_total=0 successes=0
produced block height=37615 tx_total=0 successes=0
produced block height=37616 tx_total=0 successes=0
produced block height=37617 tx_total=0 successes=0
produced block height=37618 tx_total=0 successes=0
produced block height=37619 tx_total=0 successes=0
produced block height=37620 tx_total=0 successes=0
produced block height=37621 tx_total=0 successes=0
produced block height=37622 tx_total=0 successes=0
produced block height=37623 tx_total=0 successes=0
produced block height=37624 tx_total=0 successes=0
produced block height=37625 tx_total=0 successes=0
produced block height=37626 tx_total=0 successes=0
produced block height=37627 tx_total=0 successes=0
produced block height=37628 tx_total=0 successes=0
produced block height=37629 tx_total=0 successes=0
produced block height=37630 tx_total=0 successes=0
produced block height=37631 tx_total=0 successes=0
produced block height=37632 tx_total=0 successes=0
produced block height=37633 tx_total=0 successes=0
produced block height=37634 tx_total=0 successes=0
produced block height=37635 tx_total=0 successes=0
produced block height=37636 tx_total=0 successes=0
produced block height=37637 tx_total=0 successes=0
produced block height=37638 tx_total=0 successes=0
produced block height=37639 tx_total=0 successes=0
produced block height=37640 tx_total=0 successes=0
produced block height=37641 tx_total=0 successes=0
produced block height=37642 tx_total=0 successes=0
produced block height=37643 tx_total=0 successes=0
produced block height=37644 tx_total=0 successes=0
produced block height=37645 tx_total=0 successes=0
produced block height=37646 tx_total=0 successes=0
produced block height=37647 tx_total=0 successes=0
produced block height=37648 tx_total=0 successes=0
produced block height=37649 tx_total=0 successes=0
produced block height=37650 tx_total=0 successes=0
produced block height=37651 tx_total=0 successes=0
produced block height=37652 tx_total=0 successes=0
produced block height=37653 tx_total=0 successes=0
produced block height=37654 tx_total=0 successes=0
produced block height=37655 tx_total=0 successes=0
produced block height=37656 tx_total=0 successes=0
produced block height=37657 tx_total=0 successes=0
produced block height=37658 tx_total=0 successes=0
produced block height=37659 tx_total=0 successes=0
produced block height=37660 tx_total=0 successes=0
produced block height=37661 tx_total=0 successes=0
produced block height=37662 tx_total=0 successes=0
produced block height=37663 tx_total=0 successes=0
produced block height=37664 tx_total=0 successes=0
produced block height=37665 tx_total=0 successes=0
produced block height=37666 tx_total=0 successes=0
produced block height=37667 tx_total=0 successes=0
produced block height=37668 tx_total=0 successes=0
produced block height=37669 tx_total=0 successes=0
produced block height=37670 tx_total=0 successes=0
produced block height=37671 tx_total=0 successes=0
produced block height=37672 tx_total=0 successes=0
produced block height=37673 tx_total=0 successes=0
produced block height=37674 tx_total=0 successes=0
produced block height=37675 tx_total=0 successes=0
produced block height=37676 tx_total=0 successes=0
produced block height=37677 tx_total=0 successes=0
produced block height=37678 tx_total=0 successes=0
produced block height=37679 tx_total=0 successes=0
produced block height=37680 tx_total=0 successes=0
produced block height=37681 tx_total=0 successes=0
produced block height=37682 tx_total=0 successes=0
produced block height=37683 tx_total=0 successes=0
produced block height=37684 tx_total=0 successes=0
produced block height=37685 tx_total=0 successes=0
produced block height=37686 tx_total=0 successes=0
produced block height=37687 tx_total=0 successes=0
produced block height=37688 tx_total=0 successes=0
produced block height=37689 tx_total=0 successes=0
produced block height=37690 tx_total=0 successes=0
produced block height=37691 tx_total=0 successes=0
produced block height=37692 tx_total=0 successes=0
produced block height=37693 tx_total=0 successes=0
produced block height=37694 tx_total=0 successes=0
produced block height=37695 tx_total=0 successes=0
produced block height=37696 tx_total=0 successes=0
produced block height=37697 tx_total=0 successes=0
produced block height=37698 tx_total=0 successes=0
produced block height=37699 tx_total=0 successes=0
produced block height=37700 tx_total=0 successes=0
produced block height=37701 tx_total=0 successes=0
produced block height=37702 tx_total=0 successes=0
produced block height=37703 tx_total=0 successes=0
produced block height=37704 tx_total=0 successes=0
produced block height=37705 tx_total=0 successes=0
produced block height=37706 tx_total=0 successes=0
produced block height=37707 tx_total=0 successes=0
produced block height=37708 tx_total=0 successes=0
produced block height=37709 tx_total=0 successes=0
produced block height=37710 tx_total=0 successes=0
produced block height=37711 tx_total=0 successes=0
produced block height=37712 tx_total=0 successes=0
produced block height=37713 tx_total=0 successes=0
produced block height=37714 tx_total=0 successes=0
produced block height=37715 tx_total=0 successes=0
produced block height=37716 tx_total=0 successes=0
produced block height=37717 tx_total=0 successes=0
produced block height=37718 tx_total=0 successes=0
produced block height=37719 tx_total=0 successes=0
produced block height=37720 tx_total=0 successes=0
produced block height=37721 tx_total=0 successes=0
produced block height=37722 tx_total=0 successes=0
produced block height=37723 tx_total=0 successes=0
produced block height=37724 tx_total=0 successes=0
produced block height=37725 tx_total=0 successes=0
produced block height=37726 tx_total=0 successes=0
produced block height=37727 tx_total=0 successes=0
produced block height=37728 tx_total=0 successes=0
produced block height=37729 tx_total=0 successes=0
produced block height=37730 tx_total=0 successes=0
produced block height=37731 tx_total=0 successes=0
produced block height=37732 tx_total=0 successes=0
produced block height=37733 tx_total=0 successes=0
produced block height=37734 tx_total=0 successes=0
produced block height=37735 tx_total=0 successes=0
produced block height=37736 tx_total=0 successes=0
produced block height=37737 tx_total=0 successes=0
produced block height=37738 tx_total=0 successes=0
produced block height=37739 tx_total=0 successes=0
produced block height=37740 tx_total=0 successes=0
produced block height=37741 tx_total=0 successes=0
produced block height=37742 tx_total=0 successes=0
produced block height=37743 tx_total=0 successes=0
produced block height=37744 tx_total=0 successes=0
produced block height=37745 tx_total=0 successes=0
produced block height=37746 tx_total=0 successes=0
produced block height=37747 tx_total=0 successes=0
produced block height=37748 tx_total=0 successes=0
produced block height=37749 tx_total=0 successes=0
produced block height=37750 tx_total=0 successes=0
produced block height=37751 tx_total=0 successes=0
produced block height=37752 tx_total=0 successes=0
produced block height=37753 tx_total=0 successes=0
produced block height=37754 tx_total=0 successes=0
produced block height=37755 tx_total=0 successes=0
produced block height=37756 tx_total=0 successes=0
produced block height=37757 tx_total=0 successes=0
produced block height=37758 tx_total=0 successes=0
produced block height=37759 tx_total=0 successes=0
produced block height=37760 tx_total=0 successes=0
produced block height=37761 tx_total=0 successes=0
produced block height=37762 tx_total=0 successes=0
produced block height=37763 tx_total=0 successes=0
produced block height=37764 tx_total=0 successes=0
produced block height=37765 tx_total=0 successes=0
produced block height=37766 tx_total=0 successes=0
produced block height=37767 tx_total=0 successes=0
produced block height=37768 tx_total=0 successes=0
produced block height=37769 tx_total=0 successes=0
produced block height=37770 tx_total=0 successes=0
produced block height=37771 tx_total=0 successes=0
produced block height=37772 tx_total=0 successes=0
produced block height=37773 tx_total=0 successes=0
produced block height=37774 tx_total=0 successes=0
produced block height=37775 tx_total=0 successes=0
produced block height=37776 tx_total=0 successes=0
produced block height=37777 tx_total=0 successes=0
produced block height=37778 tx_total=0 successes=0
produced block height=37779 tx_total=0 successes=0
produced block height=37780 tx_total=0 successes=0
produced block height=37781 tx_total=0 successes=0
produced block height=37782 tx_total=0 successes=0
produced block height=37783 tx_total=0 successes=0
produced block height=37784 tx_total=0 successes=0
produced block height=37785 tx_total=0 successes=0
produced block height=37786 tx_total=0 successes=0
produced block height=37787 tx_total=0 successes=0
produced block height=37788 tx_total=0 successes=0
produced block height=37789 tx_total=0 successes=0
produced block height=37790 tx_total=0 successes=0
produced block height=37791 tx_total=0 successes=0
produced block height=37792 tx_total=0 successes=0
produced block height=37793 tx_total=0 successes=0
produced block height=37794 tx_total=0 successes=0
produced block height=37795 tx_total=0 successes=0
produced block height=37796 tx_total=0 successes=0
produced block height=37797 tx_total=0 successes=0
produced block height=37798 tx_total=0 successes=0
produced block height=37799 tx_total=0 successes=0
produced block height=37800 tx_total=0 successes=0
produced block height=37801 tx_total=0 successes=0
produced block height=37802 tx_total=0 successes=0
produced block height=37803 tx_total=0 successes=0
produced block height=37804 tx_total=0 successes=0
produced block height=37805 tx_total=0 successes=0
produced block height=37806 tx_total=0 successes=0
produced block height=37807 tx_total=0 successes=0
produced block height=37808 tx_total=0 successes=0
produced block height=37809 tx_total=0 successes=0
produced block height=37810 tx_total=0 successes=0
produced block height=37811 tx_total=0 successes=0
produced block height=37812 tx_total=0 successes=0
produced block height=37813 tx_total=0 successes=0
produced block height=37814 tx_total=0 successes=0
produced block height=37815 tx_total=0 successes=0
produced block height=37816 tx_total=0 successes=0
produced block height=37817 tx_total=0 successes=0
produced block height=37818 tx_total=0 successes=0
produced block height=37819 tx_total=0 successes=0
produced block height=37820 tx_total=0 successes=0
produced block height=37821 tx_total=0 successes=0
produced block height=37822 tx_total=0 successes=0
produced block height=37823 tx_total=0 successes=0
produced block height=37824 tx_total=0 successes=0
produced block height=37825 tx_total=0 successes=0
produced block height=37826 tx_total=0 successes=0
produced block height=37827 tx_total=0 successes=0
produced block height=37828 tx_total=0 successes=0
produced block height=37829 tx_total=0 successes=0
produced block height=37830 tx_total=0 successes=0
produced block height=37831 tx_total=0 successes=0
produced block height=37832 tx_total=0 successes=0
produced block height=37833 tx_total=0 successes=0
produced block height=37834 tx_total=0 successes=0
produced block height=37835 tx_total=0 successes=0
produced block height=37836 tx_total=0 successes=0
produced block height=37837 tx_total=0 successes=0
produced block height=37838 tx_total=0 successes=0
produced block height=37839 tx_total=0 successes=0
produced block height=37840 tx_total=0 successes=0
produced block height=37841 tx_total=0 successes=0
produced block height=37842 tx_total=0 successes=0
produced block height=37843 tx_total=0 successes=0
produced block height=37844 tx_total=0 successes=0
produced block height=37845 tx_total=0 successes=0
produced block height=37846 tx_total=0 successes=0
produced block height=37847 tx_total=0 successes=0
produced block height=37848 tx_total=0 successes=0
produced block height=37849 tx_total=0 successes=0
produced block height=37850 tx_total=0 successes=0
produced block height=37851 tx_total=0 successes=0
produced block height=37852 tx_total=0 successes=0
produced block height=37853 tx_total=0 successes=0
produced block height=37854 tx_total=0 successes=0
produced block height=37855 tx_total=0 successes=0
produced block height=37856 tx_total=0 successes=0
produced block height=37857 tx_total=0 successes=0
produced block height=37858 tx_total=0 successes=0
produced block height=37859 tx_total=0 successes=0
produced block height=37860 tx_total=0 successes=0
produced block height=37861 tx_total=0 successes=0
produced block height=37862 tx_total=0 successes=0
produced block height=37863 tx_total=0 successes=0
produced block height=37864 tx_total=0 successes=0
produced block height=37865 tx_total=0 successes=0
produced block height=37866 tx_total=0 successes=0
produced block height=37867 tx_total=0 successes=0
produced block height=37868 tx_total=0 successes=0
produced block height=37869 tx_total=0 successes=0
produced block height=37870 tx_total=0 successes=0
produced block height=37871 tx_total=0 successes=0
produced block height=37872 tx_total=0 successes=0
produced block height=37873 tx_total=0 successes=0
produced block height=37874 tx_total=0 successes=0
produced block height=37875 tx_total=0 successes=0
produced block height=37876 tx_total=0 successes=0
produced block height=37877 tx_total=0 successes=0
produced block height=37878 tx_total=0 successes=0
produced block height=37879 tx_total=0 successes=0
produced block height=37880 tx_total=0 successes=0
produced block height=37881 tx_total=0 successes=0
produced block height=37882 tx_total=0 successes=0
produced block height=37883 tx_total=0 successes=0
produced block height=37884 tx_total=0 successes=0
produced block height=37885 tx_total=0 successes=0
produced block height=37886 tx_total=0 successes=0
produced block height=37887 tx_total=0 successes=0
produced block height=37888 tx_total=0 successes=0
produced block height=37889 tx_total=0 successes=0
produced block height=37890 tx_total=0 successes=0
produced block height=37891 tx_total=0 successes=0
produced block height=37892 tx_total=0 successes=0
produced block height=37893 tx_total=0 successes=0
produced block height=37894 tx_total=0 successes=0
produced block height=37895 tx_total=0 successes=0
produced block height=37896 tx_total=0 successes=0
produced block height=37897 tx_total=0 successes=0
produced block height=37898 tx_total=0 successes=0
produced block height=37899 tx_total=0 successes=0
produced block height=37900 tx_total=0 successes=0
produced block height=37901 tx_total=0 successes=0
produced block height=37902 tx_total=0 successes=0
produced block height=37903 tx_total=0 successes=0
produced block height=37904 tx_total=0 successes=0
produced block height=37905 tx_total=0 successes=0
produced block height=37906 tx_total=0 successes=0
produced block height=37907 tx_total=0 successes=0
produced block height=37908 tx_total=0 successes=0
produced block height=37909 tx_total=0 successes=0
produced block height=37910 tx_total=0 successes=0
produced block height=37911 tx_total=0 successes=0
produced block height=37912 tx_total=0 successes=0
produced block height=37913 tx_total=0 successes=0
produced block height=37914 tx_total=0 successes=0
produced block height=37915 tx_total=0 successes=0
produced block height=37916 tx_total=0 successes=0
produced block height=37917 tx_total=0 successes=0
produced block height=37918 tx_total=0 successes=0
produced block height=37919 tx_total=0 successes=0
produced block height=37920 tx_total=0 successes=0
produced block height=37921 tx_total=0 successes=0
produced block height=37922 tx_total=0 successes=0
produced block height=37923 tx_total=0 successes=0
produced block height=37924 tx_total=0 successes=0
produced block height=37925 tx_total=0 successes=0
produced block height=37926 tx_total=0 successes=0
produced block height=37927 tx_total=0 successes=0
produced block height=37928 tx_total=0 successes=0
produced block height=37929 tx_total=0 successes=0
produced block height=37930 tx_total=0 successes=0
produced block height=37931 tx_total=0 successes=0
produced block height=37932 tx_total=0 successes=0
produced block height=37933 tx_total=0 successes=0
produced block height=37934 tx_total=0 successes=0
produced block height=37935 tx_total=0 successes=0
produced block height=37936 tx_total=0 successes=0
produced block height=37937 tx_total=0 successes=0
produced block height=37938 tx_total=0 successes=0
produced block height=37939 tx_total=0 successes=0
produced block height=37940 tx_total=0 successes=0
produced block height=37941 tx_total=0 successes=0
produced block height=37942 tx_total=0 successes=0
produced block height=37943 tx_total=0 successes=0
produced block height=37944 tx_total=0 successes=0
produced block height=37945 tx_total=0 successes=0
produced block height=37946 tx_total=0 successes=0
produced block height=37947 tx_total=0 successes=0
produced block height=37948 tx_total=0 successes=0
produced block height=37949 tx_total=0 successes=0
produced block height=37950 tx_total=0 successes=0
produced block height=37951 tx_total=0 successes=0
produced block height=37952 tx_total=0 successes=0
produced block height=37953 tx_total=0 successes=0
produced block height=37954 tx_total=0 successes=0
produced block height=37955 tx_total=0 successes=0
produced block height=37956 tx_total=0 successes=0
produced block height=37957 tx_total=0 successes=0
produced block height=37958 tx_total=0 successes=0
produced block height=37959 tx_total=0 successes=0
produced block height=37960 tx_total=0 successes=0
produced block height=37961 tx_total=0 successes=0
produced block height=37962 tx_total=0 successes=0
produced block height=37963 tx_total=0 successes=0
produced block height=37964 tx_total=0 successes=0
produced block height=37965 tx_total=0 successes=0
produced block height=37966 tx_total=0 successes=0
produced block height=37967 tx_total=0 successes=0
produced block height=37968 tx_total=0 successes=0
produced block height=37969 tx_total=0 successes=0
produced block height=37970 tx_total=0 successes=0
produced block height=37971 tx_total=0 successes=0
produced block height=37972 tx_total=0 successes=0
produced block height=37973 tx_total=0 successes=0
produced block height=37974 tx_total=0 successes=0
produced block height=37975 tx_total=0 successes=0
produced block height=37976 tx_total=0 successes=0
produced block height=37977 tx_total=0 successes=0
produced block height=37978 tx_total=0 successes=0
produced block height=37979 tx_total=0 successes=0
produced block height=37980 tx_total=0 successes=0
produced block height=37981 tx_total=0 successes=0
produced block height=37982 tx_total=0 successes=0
produced block height=37983 tx_total=0 successes=0
produced block height=37984 tx_total=0 successes=0
produced block height=37985 tx_total=0 successes=0
produced block height=37986 tx_total=0 successes=0
produced block height=37987 tx_total=0 successes=0
produced block height=37988 tx_total=0 successes=0
produced block height=37989 tx_total=0 successes=0
produced block height=37990 tx_total=0 successes=0
produced block height=37991 tx_total=0 successes=0
produced block height=37992 tx_total=0 successes=0
produced block height=37993 tx_total=0 successes=0
produced block height=37994 tx_total=0 successes=0
produced block height=37995 tx_total=0 successes=0
produced block height=37996 tx_total=0 successes=0
produced block height=37997 tx_total=0 successes=0
produced block height=37998 tx_total=0 successes=0
produced block height=37999 tx_total=0 successes=0
produced block height=38000 tx_total=0 successes=0
produced block height=38001 tx_total=0 successes=0
produced block height=38002 tx_total=0 successes=0
produced block height=38003 tx_total=0 successes=0
produced block height=38004 tx_total=0 successes=0
produced block height=38005 tx_total=0 successes=0
produced block height=38006 tx_total=0 successes=0
produced block height=38007 tx_total=0 successes=0
produced block height=38008 tx_total=0 successes=0
produced block height=38009 tx_total=0 successes=0
produced block height=38010 tx_total=0 successes=0
produced block height=38011 tx_total=0 successes=0
produced block height=38012 tx_total=0 successes=0
produced block height=38013 tx_total=0 successes=0
produced block height=38014 tx_total=0 successes=0
produced block height=38015 tx_total=0 successes=0
produced block height=38016 tx_total=0 successes=0
produced block height=38017 tx_total=0 successes=0
produced block height=38018 tx_total=0 successes=0
produced block height=38019 tx_total=0 successes=0
produced block height=38020 tx_total=0 successes=0
produced block height=38021 tx_total=0 successes=0
produced block height=38022 tx_total=0 successes=0
produced block height=38023 tx_total=0 successes=0
produced block height=38024 tx_total=0 successes=0
produced block height=38025 tx_total=0 successes=0
produced block height=38026 tx_total=0 successes=0
produced block height=38027 tx_total=0 successes=0
produced block height=38028 tx_total=0 successes=0
produced block height=38029 tx_total=0 successes=0
produced block height=38030 tx_total=0 successes=0
produced block height=38031 tx_total=0 successes=0
produced block height=38032 tx_total=0 successes=0
produced block height=38033 tx_total=0 successes=0
produced block height=38034 tx_total=0 successes=0
produced block height=38035 tx_total=0 successes=0
produced block height=38036 tx_total=0 successes=0
produced block height=38037 tx_total=0 successes=0
produced block height=38038 tx_total=0 successes=0
produced block height=38039 tx_total=0 successes=0
produced block height=38040 tx_total=0 successes=0
produced block height=38041 tx_total=0 successes=0
produced block height=38042 tx_total=0 successes=0
produced block height=38043 tx_total=0 successes=0
produced block height=38044 tx_total=0 successes=0
produced block height=38045 tx_total=0 successes=0
produced block height=38046 tx_total=0 successes=0
produced block height=38047 tx_total=0 successes=0
produced block height=38048 tx_total=0 successes=0
produced block height=38049 tx_total=0 successes=0
produced block height=38050 tx_total=0 successes=0
produced block height=38051 tx_total=0 successes=0
produced block height=38052 tx_total=0 successes=0
produced block height=38053 tx_total=0 successes=0
produced block height=38054 tx_total=0 successes=0
produced block height=38055 tx_total=0 successes=0
produced block height=38056 tx_total=0 successes=0
produced block height=38057 tx_total=0 successes=0
produced block height=38058 tx_total=0 successes=0
produced block height=38059 tx_total=0 successes=0
produced block height=38060 tx_total=0 successes=0
produced block height=38061 tx_total=0 successes=0
produced block height=38062 tx_total=0 successes=0
produced block height=38063 tx_total=0 successes=0
produced block height=38064 tx_total=0 successes=0
produced block height=38065 tx_total=0 successes=0
produced block height=38066 tx_total=0 successes=0
produced block height=38067 tx_total=0 successes=0
produced block height=38068 tx_total=0 successes=0
produced block height=38069 tx_total=0 successes=0
produced block height=38070 tx_total=0 successes=0
produced block height=38071 tx_total=0 successes=0
produced block height=38072 tx_total=0 successes=0
produced block height=38073 tx_total=0 successes=0
produced block height=38074 tx_total=0 successes=0
produced block height=38075 tx_total=0 successes=0
produced block height=38076 tx_total=0 successes=0
produced block height=38077 tx_total=0 successes=0
produced block height=38078 tx_total=0 successes=0
produced block height=38079 tx_total=0 successes=0
produced block height=38080 tx_total=0 successes=0
produced block height=38081 tx_total=0 successes=0
produced block height=38082 tx_total=0 successes=0
produced block height=38083 tx_total=0 successes=0
produced block height=38084 tx_total=0 successes=0
produced block height=38085 tx_total=0 successes=0
produced block height=38086 tx_total=0 successes=0
produced block height=38087 tx_total=0 successes=0
produced block height=38088 tx_total=0 successes=0
produced block height=38089 tx_total=0 successes=0
produced block height=38090 tx_total=0 successes=0
produced block height=38091 tx_total=0 successes=0
produced block height=38092 tx_total=0 successes=0
produced block height=38093 tx_total=0 successes=0
produced block height=38094 tx_total=0 successes=0
produced block height=38095 tx_total=0 successes=0
produced block height=38096 tx_total=0 successes=0
produced block height=38097 tx_total=0 successes=0
produced block height=38098 tx_total=0 successes=0
produced block height=38099 tx_total=0 successes=0
produced block height=38100 tx_total=0 successes=0
produced block height=38101 tx_total=0 successes=0
produced block height=38102 tx_total=0 successes=0
produced block height=38103 tx_total=0 successes=0
produced block height=38104 tx_total=0 successes=0
produced block height=38105 tx_total=0 successes=0
produced block height=38106 tx_total=0 successes=0
produced block height=38107 tx_total=0 successes=0
produced block height=38108 tx_total=0 successes=0
produced block height=38109 tx_total=0 successes=0
produced block height=38110 tx_total=0 successes=0
produced block height=38111 tx_total=0 successes=0
produced block height=38112 tx_total=0 successes=0
produced block height=38113 tx_total=0 successes=0
produced block height=38114 tx_total=0 successes=0
produced block height=38115 tx_total=0 successes=0
produced block height=38116 tx_total=0 successes=0
produced block height=38117 tx_total=0 successes=0
produced block height=38118 tx_total=0 successes=0
produced block height=38119 tx_total=0 successes=0
produced block height=38120 tx_total=0 successes=0
produced block height=38121 tx_total=0 successes=0
produced block height=38122 tx_total=0 successes=0
produced block height=38123 tx_total=0 successes=0
produced block height=38124 tx_total=0 successes=0
produced block height=38125 tx_total=0 successes=0
produced block height=38126 tx_total=0 successes=0
produced block height=38127 tx_total=0 successes=0
produced block height=38128 tx_total=0 successes=0
produced block height=38129 tx_total=0 successes=0
produced block height=38130 tx_total=0 successes=0
produced block height=38131 tx_total=0 successes=0
produced block height=38132 tx_total=0 successes=0
produced block height=38133 tx_total=0 successes=0
produced block height=38134 tx_total=0 successes=0
produced block height=38135 tx_total=0 successes=0
produced block height=38136 tx_total=0 successes=0
produced block height=38137 tx_total=0 successes=0
produced block height=38138 tx_total=0 successes=0
produced block height=38139 tx_total=0 successes=0
produced block height=38140 tx_total=0 successes=0
produced block height=38141 tx_total=0 successes=0
produced block height=38142 tx_total=0 successes=0
produced block height=38143 tx_total=0 successes=0
produced block height=38144 tx_total=0 successes=0
produced block height=38145 tx_total=0 successes=0
produced block height=38146 tx_total=0 successes=0
produced block height=38147 tx_total=0 successes=0
produced block height=38148 tx_total=0 successes=0
produced block height=38149 tx_total=0 successes=0
produced block height=38150 tx_total=0 successes=0
produced block height=38151 tx_total=0 successes=0
produced block height=38152 tx_total=0 successes=0
produced block height=38153 tx_total=0 successes=0
produced block height=38154 tx_total=0 successes=0
produced block height=38155 tx_total=0 successes=0
produced block height=38156 tx_total=0 successes=0
produced block height=38157 tx_total=0 successes=0
produced block height=38158 tx_total=0 successes=0
produced block height=38159 tx_total=0 successes=0
produced block height=38160 tx_total=0 successes=0
produced block height=38161 tx_total=0 successes=0
produced block height=38162 tx_total=0 successes=0
produced block height=38163 tx_total=0 successes=0
produced block height=38164 tx_total=0 successes=0
produced block height=38165 tx_total=0 successes=0
produced block height=38166 tx_total=0 successes=0
produced block height=38167 tx_total=0 successes=0
produced block height=38168 tx_total=0 successes=0
produced block height=38169 tx_total=0 successes=0
produced block height=38170 tx_total=0 successes=0
produced block height=38171 tx_total=0 successes=0
produced block height=38172 tx_total=0 successes=0
produced block height=38173 tx_total=0 successes=0
produced block height=38174 tx_total=0 successes=0
produced block height=38175 tx_total=0 successes=0
produced block height=38176 tx_total=0 successes=0
produced block height=38177 tx_total=0 successes=0
produced block height=38178 tx_total=0 successes=0
produced block height=38179 tx_total=0 successes=0
produced block height=38180 tx_total=0 successes=0
produced block height=38181 tx_total=0 successes=0
produced block height=38182 tx_total=0 successes=0
produced block height=38183 tx_total=0 successes=0
produced block height=38184 tx_total=0 successes=0
produced block height=38185 tx_total=0 successes=0
produced block height=38186 tx_total=0 successes=0
produced block height=38187 tx_total=0 successes=0
produced block height=38188 tx_total=0 successes=0
produced block height=38189 tx_total=0 successes=0
produced block height=38190 tx_total=0 successes=0
produced block height=38191 tx_total=0 successes=0
produced block height=38192 tx_total=0 successes=0
produced block height=38193 tx_total=0 successes=0
produced block height=38194 tx_total=0 successes=0
produced block height=38195 tx_total=0 successes=0
produced block height=38196 tx_total=0 successes=0
produced block height=38197 tx_total=0 successes=0
produced block height=38198 tx_total=0 successes=0
produced block height=38199 tx_total=0 successes=0
produced block height=38200 tx_total=0 successes=0
produced block height=38201 tx_total=0 successes=0
produced block height=38202 tx_total=0 successes=0
produced block height=38203 tx_total=0 successes=0
produced block height=38204 tx_total=0 successes=0
produced block height=38205 tx_total=0 successes=0
produced block height=38206 tx_total=0 successes=0
produced block height=38207 tx_total=0 successes=0
produced block height=38208 tx_total=0 successes=0
produced block height=38209 tx_total=0 successes=0
produced block height=38210 tx_total=0 successes=0
produced block height=38211 tx_total=0 successes=0
produced block height=38212 tx_total=0 successes=0
produced block height=38213 tx_total=0 successes=0
produced block height=38214 tx_total=0 successes=0
produced block height=38215 tx_total=0 successes=0
produced block height=38216 tx_total=0 successes=0
produced block height=38217 tx_total=0 successes=0
produced block height=38218 tx_total=0 successes=0
produced block height=38219 tx_total=0 successes=0
produced block height=38220 tx_total=0 successes=0
produced block height=38221 tx_total=0 successes=0
produced block height=38222 tx_total=0 successes=0
produced block height=38223 tx_total=0 successes=0
produced block height=38224 tx_total=0 successes=0
produced block height=38225 tx_total=0 successes=0
produced block height=38226 tx_total=0 successes=0
produced block height=38227 tx_total=0 successes=0
produced block height=38228 tx_total=0 successes=0
produced block height=38229 tx_total=0 successes=0
produced block height=38230 tx_total=0 successes=0
produced block height=38231 tx_total=0 successes=0
produced block height=38232 tx_total=0 successes=0
produced block height=38233 tx_total=0 successes=0
produced block height=38234 tx_total=0 successes=0
produced block height=38235 tx_total=0 successes=0
produced block height=38236 tx_total=0 successes=0
produced block height=38237 tx_total=0 successes=0
produced block height=38238 tx_total=0 successes=0
produced block height=38239 tx_total=0 successes=0
produced block height=38240 tx_total=0 successes=0
produced block height=38241 tx_total=0 successes=0
produced block height=38242 tx_total=0 successes=0
produced block height=38243 tx_total=0 successes=0
produced block height=38244 tx_total=0 successes=0
produced block height=38245 tx_total=0 successes=0
produced block height=38246 tx_total=0 successes=0
produced block height=38247 tx_total=0 successes=0
produced block height=38248 tx_total=0 successes=0
produced block height=38249 tx_total=0 successes=0
produced block height=38250 tx_total=0 successes=0
produced block height=38251 tx_total=0 successes=0
produced block height=38252 tx_total=0 successes=0
produced block height=38253 tx_total=0 successes=0
produced block height=38254 tx_total=0 successes=0
produced block height=38255 tx_total=0 successes=0
produced block height=38256 tx_total=0 successes=0
produced block height=38257 tx_total=0 successes=0
produced block height=38258 tx_total=0 successes=0
produced block height=38259 tx_total=0 successes=0
produced block height=38260 tx_total=0 successes=0
produced block height=38261 tx_total=0 successes=0
produced block height=38262 tx_total=0 successes=0
produced block height=38263 tx_total=0 successes=0
produced block height=38264 tx_total=0 successes=0
produced block height=38265 tx_total=0 successes=0
produced block height=38266 tx_total=0 successes=0
produced block height=38267 tx_total=0 successes=0
produced block height=38268 tx_total=0 successes=0
produced block height=38269 tx_total=0 successes=0
produced block height=38270 tx_total=0 successes=0
produced block height=38271 tx_total=0 successes=0
produced block height=38272 tx_total=0 successes=0
produced block height=38273 tx_total=0 successes=0
produced block height=38274 tx_total=0 successes=0
produced block height=38275 tx_total=0 successes=0
produced block height=38276 tx_total=0 successes=0
produced block height=38277 tx_total=0 successes=0
produced block height=38278 tx_total=0 successes=0
produced block height=38279 tx_total=0 successes=0
produced block height=38280 tx_total=0 successes=0
produced block height=38281 tx_total=0 successes=0
produced block height=38282 tx_total=0 successes=0
produced block height=38283 tx_total=0 successes=0
produced block height=38284 tx_total=0 successes=0
produced block height=38285 tx_total=0 successes=0
produced block height=38286 tx_total=0 successes=0
produced block height=38287 tx_total=0 successes=0
produced block height=38288 tx_total=0 successes=0
produced block height=38289 tx_total=0 successes=0
produced block height=38290 tx_total=0 successes=0
produced block height=38291 tx_total=0 successes=0
produced block height=38292 tx_total=0 successes=0
produced block height=38293 tx_total=0 successes=0
produced block height=38294 tx_total=0 successes=0
produced block height=38295 tx_total=0 successes=0
produced block height=38296 tx_total=0 successes=0
produced block height=38297 tx_total=0 successes=0
produced block height=38298 tx_total=0 successes=0
produced block height=38299 tx_total=0 successes=0
produced block height=38300 tx_total=0 successes=0
produced block height=38301 tx_total=0 successes=0
produced block height=38302 tx_total=0 successes=0
produced block height=38303 tx_total=0 successes=0
produced block height=38304 tx_total=0 successes=0
produced block height=38305 tx_total=0 successes=0
produced block height=38306 tx_total=0 successes=0
produced block height=38307 tx_total=0 successes=0
produced block height=38308 tx_total=0 successes=0
produced block height=38309 tx_total=0 successes=0
produced block height=38310 tx_total=0 successes=0
produced block height=38311 tx_total=0 successes=0
produced block height=38312 tx_total=0 successes=0
produced block height=38313 tx_total=0 successes=0
produced block height=38314 tx_total=0 successes=0
produced block height=38315 tx_total=0 successes=0
produced block height=38316 tx_total=0 successes=0
produced block height=38317 tx_total=0 successes=0
produced block height=38318 tx_total=0 successes=0
produced block height=38319 tx_total=0 successes=0
produced block height=38320 tx_total=0 successes=0
produced block height=38321 tx_total=0 successes=0
produced block height=38322 tx_total=0 successes=0
produced block height=38323 tx_total=0 successes=0
produced block height=38324 tx_total=0 successes=0
produced block height=38325 tx_total=0 successes=0
produced block height=38326 tx_total=0 successes=0
produced block height=38327 tx_total=0 successes=0
produced block height=38328 tx_total=0 successes=0
produced block height=38329 tx_total=0 successes=0
produced block height=38330 tx_total=0 successes=0
produced block height=38331 tx_total=0 successes=0
produced block height=38332 tx_total=0 successes=0
produced block height=38333 tx_total=0 successes=0
produced block height=38334 tx_total=0 successes=0
produced block height=38335 tx_total=0 successes=0
produced block height=38336 tx_total=0 successes=0
produced block height=38337 tx_total=0 successes=0
produced block height=38338 tx_total=0 successes=0
produced block height=38339 tx_total=0 successes=0
produced block height=38340 tx_total=0 successes=0
produced block height=38341 tx_total=0 successes=0
produced block height=38342 tx_total=0 successes=0
produced block height=38343 tx_total=0 successes=0
produced block height=38344 tx_total=0 successes=0
produced block height=38345 tx_total=0 successes=0
produced block height=38346 tx_total=0 successes=0
produced block height=38347 tx_total=0 successes=0
produced block height=38348 tx_total=0 successes=0
produced block height=38349 tx_total=0 successes=0
produced block height=38350 tx_total=0 successes=0
produced block height=38351 tx_total=0 successes=0
produced block height=38352 tx_total=0 successes=0
produced block height=38353 tx_total=0 successes=0
produced block height=38354 tx_total=0 successes=0
produced block height=38355 tx_total=0 successes=0
produced block height=38356 tx_total=0 successes=0
produced block height=38357 tx_total=0 successes=0
produced block height=38358 tx_total=0 successes=0
produced block height=38359 tx_total=0 successes=0
produced block height=38360 tx_total=0 successes=0
produced block height=38361 tx_total=0 successes=0
produced block height=38362 tx_total=0 successes=0
produced block height=38363 tx_total=0 successes=0
produced block height=38364 tx_total=0 successes=0
produced block height=38365 tx_total=0 successes=0
produced block height=38366 tx_total=0 successes=0
produced block height=38367 tx_total=0 successes=0
produced block height=38368 tx_total=0 successes=0
produced block height=38369 tx_total=0 successes=0
produced block height=38370 tx_total=0 successes=0
produced block height=38371 tx_total=0 successes=0
produced block height=38372 tx_total=0 successes=0
produced block height=38373 tx_total=0 successes=0
produced block height=38374 tx_total=0 successes=0
produced block height=38375 tx_total=0 successes=0
produced block height=38376 tx_total=0 successes=0
produced block height=38377 tx_total=0 successes=0
produced block height=38378 tx_total=0 successes=0
produced block height=38379 tx_total=0 successes=0
produced block height=38380 tx_total=0 successes=0
produced block height=38381 tx_total=0 successes=0
produced block height=38382 tx_total=0 successes=0
produced block height=38383 tx_total=0 successes=0
produced block height=38384 tx_total=0 successes=0
produced block height=38385 tx_total=0 successes=0
produced block height=38386 tx_total=0 successes=0
produced block height=38387 tx_total=0 successes=0
produced block height=38388 tx_total=0 successes=0
produced block height=38389 tx_total=0 successes=0
produced block height=38390 tx_total=0 successes=0
produced block height=38391 tx_total=0 successes=0
produced block height=38392 tx_total=0 successes=0
produced block height=38393 tx_total=0 successes=0
produced block height=38394 tx_total=0 successes=0
produced block height=38395 tx_total=0 successes=0
produced block height=38396 tx_total=0 successes=0
produced block height=38397 tx_total=0 successes=0
produced block height=38398 tx_total=0 successes=0
produced block height=38399 tx_total=0 successes=0
produced block height=38400 tx_total=0 successes=0
produced block height=38401 tx_total=0 successes=0
produced block height=38402 tx_total=0 successes=0
produced block height=38403 tx_total=0 successes=0
produced block height=38404 tx_total=0 successes=0
produced block height=38405 tx_total=0 successes=0
produced block height=38406 tx_total=0 successes=0
produced block height=38407 tx_total=0 successes=0
produced block height=38408 tx_total=0 successes=0
produced block height=38409 tx_total=0 successes=0
produced block height=38410 tx_total=0 successes=0
produced block height=38411 tx_total=0 successes=0
produced block height=38412 tx_total=0 successes=0
produced block height=38413 tx_total=0 successes=0
produced block height=38414 tx_total=0 successes=0
produced block height=38415 tx_total=0 successes=0
produced block height=38416 tx_total=0 successes=0
produced block height=38417 tx_total=0 successes=0
produced block height=38418 tx_total=0 successes=0
produced block height=38419 tx_total=0 successes=0
produced block height=38420 tx_total=0 successes=0
produced block height=38421 tx_total=0 successes=0
produced block height=38422 tx_total=0 successes=0
produced block height=38423 tx_total=0 successes=0
produced block height=38424 tx_total=0 successes=0
produced block height=38425 tx_total=0 successes=0
produced block height=38426 tx_total=0 successes=0
produced block height=38427 tx_total=0 successes=0
produced block height=38428 tx_total=0 successes=0
produced block height=38429 tx_total=0 successes=0
produced block height=38430 tx_total=0 successes=0
produced block height=38431 tx_total=0 successes=0
produced block height=38432 tx_total=0 successes=0
produced block height=38433 tx_total=0 successes=0
produced block height=38434 tx_total=0 successes=0
produced block height=38435 tx_total=0 successes=0
produced block height=38436 tx_total=0 successes=0
produced block height=38437 tx_total=0 successes=0
produced block height=38438 tx_total=0 successes=0
produced block height=38439 tx_total=0 successes=0
produced block height=38440 tx_total=0 successes=0
produced block height=38441 tx_total=0 successes=0
produced block height=38442 tx_total=0 successes=0
produced block height=38443 tx_total=0 successes=0
produced block height=38444 tx_total=0 successes=0
produced block height=38445 tx_total=0 successes=0
produced block height=38446 tx_total=0 successes=0
produced block height=38447 tx_total=0 successes=0
produced block height=38448 tx_total=0 successes=0
produced block height=38449 tx_total=0 successes=0
produced block height=38450 tx_total=0 successes=0
produced block height=38451 tx_total=0 successes=0
produced block height=38452 tx_total=0 successes=0
produced block height=38453 tx_total=0 successes=0
produced block height=38454 tx_total=0 successes=0
produced block height=38455 tx_total=0 successes=0
produced block height=38456 tx_total=0 successes=0
produced block height=38457 tx_total=0 successes=0
produced block height=38458 tx_total=0 successes=0
produced block height=38459 tx_total=0 successes=0
produced block height=38460 tx_total=0 successes=0
produced block height=38461 tx_total=0 successes=0
produced block height=38462 tx_total=0 successes=0
produced block height=38463 tx_total=0 successes=0
produced block height=38464 tx_total=0 successes=0
produced block height=38465 tx_total=0 successes=0
produced block height=38466 tx_total=0 successes=0
produced block height=38467 tx_total=0 successes=0
produced block height=38468 tx_total=0 successes=0
produced block height=38469 tx_total=0 successes=0
produced block height=38470 tx_total=0 successes=0
produced block height=38471 tx_total=0 successes=0
produced block height=38472 tx_total=0 successes=0
produced block height=38473 tx_total=0 successes=0
produced block height=38474 tx_total=0 successes=0
produced block height=38475 tx_total=0 successes=0
produced block height=38476 tx_total=0 successes=0
produced block height=38477 tx_total=0 successes=0
produced block height=38478 tx_total=0 successes=0
produced block height=38479 tx_total=0 successes=0
produced block height=38480 tx_total=0 successes=0
produced block height=38481 tx_total=0 successes=0
produced block height=38482 tx_total=0 successes=0
produced block height=38483 tx_total=0 successes=0
produced block height=38484 tx_total=0 successes=0
produced block height=38485 tx_total=0 successes=0
produced block height=38486 tx_total=0 successes=0
produced block height=38487 tx_total=0 successes=0
produced block height=38488 tx_total=0 successes=0
produced block height=38489 tx_total=0 successes=0
produced block height=38490 tx_total=0 successes=0
produced block height=38491 tx_total=0 successes=0
produced block height=38492 tx_total=0 successes=0
produced block height=38493 tx_total=0 successes=0
produced block height=38494 tx_total=0 successes=0
produced block height=38495 tx_total=0 successes=0
produced block height=38496 tx_total=0 successes=0
produced block height=38497 tx_total=0 successes=0
produced block height=38498 tx_total=0 successes=0
produced block height=38499 tx_total=0 successes=0
produced block height=38500 tx_total=0 successes=0
produced block height=38501 tx_total=0 successes=0
produced block height=38502 tx_total=0 successes=0
produced block height=38503 tx_total=0 successes=0
produced block height=38504 tx_total=0 successes=0
produced block height=38505 tx_total=0 successes=0
produced block height=38506 tx_total=0 successes=0
produced block height=38507 tx_total=0 successes=0
produced block height=38508 tx_total=0 successes=0
produced block height=38509 tx_total=0 successes=0
produced block height=38510 tx_total=0 successes=0
produced block height=38511 tx_total=0 successes=0
produced block height=38512 tx_total=0 successes=0
produced block height=38513 tx_total=0 successes=0
produced block height=38514 tx_total=0 successes=0
produced block height=38515 tx_total=0 successes=0
produced block height=38516 tx_total=0 successes=0
produced block height=38517 tx_total=0 successes=0
produced block height=38518 tx_total=0 successes=0
produced block height=38519 tx_total=0 successes=0
produced block height=38520 tx_total=0 successes=0
produced block height=38521 tx_total=0 successes=0
produced block height=38522 tx_total=0 successes=0
produced block height=38523 tx_total=0 successes=0
produced block height=38524 tx_total=0 successes=0
produced block height=38525 tx_total=0 successes=0
produced block height=38526 tx_total=0 successes=0
produced block height=38527 tx_total=0 successes=0
produced block height=38528 tx_total=0 successes=0
produced block height=38529 tx_total=0 successes=0
produced block height=38530 tx_total=0 successes=0
produced block height=38531 tx_total=0 successes=0
produced block height=38532 tx_total=0 successes=0
produced block height=38533 tx_total=0 successes=0
produced block height=38534 tx_total=0 successes=0
produced block height=38535 tx_total=0 successes=0
produced block height=38536 tx_total=0 successes=0
produced block height=38537 tx_total=0 successes=0
produced block height=38538 tx_total=0 successes=0
produced block height=38539 tx_total=0 successes=0
produced block height=38540 tx_total=0 successes=0
produced block height=38541 tx_total=0 successes=0
produced block height=38542 tx_total=0 successes=0
produced block height=38543 tx_total=0 successes=0
produced block height=38544 tx_total=0 successes=0
produced block height=38545 tx_total=0 successes=0
produced block height=38546 tx_total=0 successes=0
produced block height=38547 tx_total=0 successes=0
produced block height=38548 tx_total=0 successes=0
produced block height=38549 tx_total=0 successes=0
produced block height=38550 tx_total=0 successes=0
produced block height=38551 tx_total=0 successes=0
produced block height=38552 tx_total=0 successes=0
produced block height=38553 tx_total=0 successes=0
produced block height=38554 tx_total=0 successes=0
produced block height=38555 tx_total=0 successes=0
produced block height=38556 tx_total=0 successes=0
produced block height=38557 tx_total=0 successes=0
produced block height=38558 tx_total=0 successes=0
produced block height=38559 tx_total=0 successes=0
produced block height=38560 tx_total=0 successes=0
produced block height=38561 tx_total=0 successes=0
produced block height=38562 tx_total=0 successes=0
produced block height=38563 tx_total=0 successes=0
produced block height=38564 tx_total=0 successes=0
produced block height=38565 tx_total=0 successes=0
produced block height=38566 tx_total=0 successes=0
produced block height=38567 tx_total=0 successes=0
produced block height=38568 tx_total=0 successes=0
produced block height=38569 tx_total=0 successes=0
produced block height=38570 tx_total=0 successes=0
produced block height=38571 tx_total=0 successes=0
produced block height=38572 tx_total=0 successes=0
produced block height=38573 tx_total=0 successes=0
produced block height=38574 tx_total=0 successes=0
produced block height=38575 tx_total=0 successes=0
produced block height=38576 tx_total=0 successes=0
produced block height=38577 tx_total=0 successes=0
produced block height=38578 tx_total=0 successes=0
produced block height=38579 tx_total=0 successes=0
produced block height=38580 tx_total=0 successes=0
produced block height=38581 tx_total=0 successes=0
produced block height=38582 tx_total=0 successes=0
produced block height=38583 tx_total=0 successes=0
produced block height=38584 tx_total=0 successes=0
produced block height=38585 tx_total=0 successes=0
produced block height=38586 tx_total=0 successes=0
produced block height=38587 tx_total=0 successes=0
produced block height=38588 tx_total=0 successes=0
produced block height=38589 tx_total=0 successes=0
produced block height=38590 tx_total=0 successes=0
produced block height=38591 tx_total=0 successes=0
produced block height=38592 tx_total=0 successes=0
produced block height=38593 tx_total=0 successes=0
produced block height=38594 tx_total=0 successes=0
produced block height=38595 tx_total=0 successes=0
produced block height=38596 tx_total=0 successes=0
produced block height=38597 tx_total=0 successes=0
produced block height=38598 tx_total=0 successes=0
produced block height=38599 tx_total=0 successes=0
produced block height=38600 tx_total=0 successes=0
produced block height=38601 tx_total=0 successes=0
produced block height=38602 tx_total=0 successes=0
produced block height=38603 tx_total=0 successes=0
produced block height=38604 tx_total=0 successes=0
produced block height=38605 tx_total=0 successes=0
produced block height=38606 tx_total=0 successes=0
produced block height=38607 tx_total=0 successes=0
produced block height=38608 tx_total=0 successes=0
produced block height=38609 tx_total=0 successes=0
produced block height=38610 tx_total=0 successes=0
produced block height=38611 tx_total=0 successes=0
produced block height=38612 tx_total=0 successes=0
produced block height=38613 tx_total=0 successes=0
produced block height=38614 tx_total=0 successes=0
produced block height=38615 tx_total=0 successes=0
produced block height=38616 tx_total=0 successes=0
produced block height=38617 tx_total=0 successes=0
produced block height=38618 tx_total=0 successes=0
produced block height=38619 tx_total=0 successes=0
produced block height=38620 tx_total=0 successes=0
produced block height=38621 tx_total=0 successes=0
produced block height=38622 tx_total=0 successes=0
produced block height=38623 tx_total=0 successes=0
produced block height=38624 tx_total=0 successes=0
produced block height=38625 tx_total=0 successes=0
produced block height=38626 tx_total=0 successes=0
produced block height=38627 tx_total=0 successes=0
produced block height=38628 tx_total=0 successes=0
produced block height=38629 tx_total=0 successes=0
produced block height=38630 tx_total=0 successes=0
produced block height=38631 tx_total=0 successes=0
produced block height=38632 tx_total=0 successes=0
produced block height=38633 tx_total=0 successes=0
produced block height=38634 tx_total=0 successes=0
produced block height=38635 tx_total=0 successes=0
produced block height=38636 tx_total=0 successes=0
produced block height=38637 tx_total=0 successes=0
produced block height=38638 tx_total=0 successes=0
produced block height=38639 tx_total=0 successes=0
produced block height=38640 tx_total=0 successes=0
produced block height=38641 tx_total=0 successes=0
produced block height=38642 tx_total=0 successes=0
produced block height=38643 tx_total=0 successes=0
produced block height=38644 tx_total=0 successes=0
produced block height=38645 tx_total=0 successes=0
produced block height=38646 tx_total=0 successes=0
produced block height=38647 tx_total=0 successes=0
produced block height=38648 tx_total=0 successes=0
produced block height=38649 tx_total=0 successes=0
produced block height=38650 tx_total=0 successes=0
produced block height=38651 tx_total=0 successes=0
produced block height=38652 tx_total=0 successes=0
produced block height=38653 tx_total=0 successes=0
produced block height=38654 tx_total=0 successes=0
produced block height=38655 tx_total=0 successes=0
produced block height=38656 tx_total=0 successes=0
produced block height=38657 tx_total=0 successes=0
produced block height=38658 tx_total=0 successes=0
produced block height=38659 tx_total=0 successes=0
produced block height=38660 tx_total=0 successes=0
produced block height=38661 tx_total=0 successes=0
produced block height=38662 tx_total=0 successes=0
produced block height=38663 tx_total=0 successes=0
produced block height=38664 tx_total=0 successes=0
produced block height=38665 tx_total=0 successes=0
produced block height=38666 tx_total=0 successes=0
produced block height=38667 tx_total=0 successes=0
produced block height=38668 tx_total=0 successes=0
produced block height=38669 tx_total=0 successes=0
produced block height=38670 tx_total=0 successes=0
produced block height=38671 tx_total=0 successes=0
produced block height=38672 tx_total=0 successes=0
produced block height=38673 tx_total=0 successes=0
produced block height=38674 tx_total=0 successes=0
produced block height=38675 tx_total=0 successes=0
produced block height=38676 tx_total=0 successes=0
produced block height=38677 tx_total=0 successes=0
produced block height=38678 tx_total=0 successes=0
produced block height=38679 tx_total=0 successes=0
produced block height=38680 tx_total=0 successes=0
produced block height=38681 tx_total=0 successes=0
produced block height=38682 tx_total=0 successes=0
produced block height=38683 tx_total=0 successes=0
produced block height=38684 tx_total=0 successes=0
produced block height=38685 tx_total=0 successes=0
produced block height=38686 tx_total=0 successes=0
produced block height=38687 tx_total=0 successes=0
produced block height=38688 tx_total=0 successes=0
produced block height=38689 tx_total=0 successes=0
produced block height=38690 tx_total=0 successes=0
produced block height=38691 tx_total=0 successes=0
produced block height=38692 tx_total=0 successes=0
produced block height=38693 tx_total=0 successes=0
produced block height=38694 tx_total=0 successes=0
produced block height=38695 tx_total=0 successes=0
produced block height=38696 tx_total=0 successes=0
produced block height=38697 tx_total=0 successes=0
produced block height=38698 tx_total=0 successes=0
produced block height=38699 tx_total=0 successes=0
produced block height=38700 tx_total=0 successes=0
produced block height=38701 tx_total=0 successes=0
produced block height=38702 tx_total=0 successes=0
produced block height=38703 tx_total=0 successes=0
produced block height=38704 tx_total=0 successes=0
produced block height=38705 tx_total=0 successes=0
produced block height=38706 tx_total=0 successes=0
produced block height=38707 tx_total=0 successes=0
produced block height=38708 tx_total=0 successes=0
produced block height=38709 tx_total=0 successes=0
produced block height=38710 tx_total=0 successes=0
produced block height=38711 tx_total=0 successes=0
produced block height=38712 tx_total=0 successes=0
produced block height=38713 tx_total=0 successes=0
produced block height=38714 tx_total=0 successes=0
produced block height=38715 tx_total=0 successes=0
produced block height=38716 tx_total=0 successes=0
produced block height=38717 tx_total=0 successes=0
produced block height=38718 tx_total=0 successes=0
produced block height=38719 tx_total=0 successes=0
produced block height=38720 tx_total=0 successes=0
produced block height=38721 tx_total=0 successes=0
produced block height=38722 tx_total=0 successes=0
produced block height=38723 tx_total=0 successes=0
produced block height=38724 tx_total=0 successes=0
produced block height=38725 tx_total=0 successes=0
produced block height=38726 tx_total=0 successes=0
produced block height=38727 tx_total=0 successes=0
produced block height=38728 tx_total=0 successes=0
produced block height=38729 tx_total=0 successes=0
produced block height=38730 tx_total=0 successes=0
produced block height=38731 tx_total=0 successes=0
produced block height=38732 tx_total=0 successes=0
produced block height=38733 tx_total=0 successes=0
produced block height=38734 tx_total=0 successes=0
produced block height=38735 tx_total=0 successes=0
produced block height=38736 tx_total=0 successes=0
produced block height=38737 tx_total=0 successes=0
produced block height=38738 tx_total=0 successes=0
produced block height=38739 tx_total=0 successes=0
produced block height=38740 tx_total=0 successes=0
produced block height=38741 tx_total=0 successes=0
produced block height=38742 tx_total=0 successes=0
produced block height=38743 tx_total=0 successes=0
produced block height=38744 tx_total=0 successes=0
produced block height=38745 tx_total=0 successes=0
produced block height=38746 tx_total=0 successes=0
produced block height=38747 tx_total=0 successes=0
produced block height=38748 tx_total=0 successes=0
produced block height=38749 tx_total=0 successes=0
produced block height=38750 tx_total=0 successes=0
produced block height=38751 tx_total=0 successes=0
produced block height=38752 tx_total=0 successes=0
produced block height=38753 tx_total=0 successes=0
produced block height=38754 tx_total=0 successes=0
produced block height=38755 tx_total=0 successes=0
produced block height=38756 tx_total=0 successes=0
produced block height=38757 tx_total=0 successes=0
produced block height=38758 tx_total=0 successes=0
produced block height=38759 tx_total=0 successes=0
produced block height=38760 tx_total=0 successes=0
produced block height=38761 tx_total=0 successes=0
produced block height=38762 tx_total=0 successes=0
produced block height=38763 tx_total=0 successes=0
produced block height=38764 tx_total=0 successes=0
produced block height=38765 tx_total=0 successes=0
produced block height=38766 tx_total=0 successes=0
produced block height=38767 tx_total=0 successes=0
produced block height=38768 tx_total=0 successes=0
produced block height=38769 tx_total=0 successes=0
produced block height=38770 tx_total=0 successes=0
produced block height=38771 tx_total=0 successes=0
produced block height=38772 tx_total=0 successes=0
produced block height=38773 tx_total=0 successes=0
produced block height=38774 tx_total=0 successes=0
produced block height=38775 tx_total=0 successes=0
produced block height=38776 tx_total=0 successes=0
produced block height=38777 tx_total=0 successes=0
produced block height=38778 tx_total=0 successes=0
produced block height=38779 tx_total=0 successes=0
produced block height=38780 tx_total=0 successes=0
produced block height=38781 tx_total=0 successes=0
produced block height=38782 tx_total=0 successes=0
produced block height=38783 tx_total=0 successes=0
produced block height=38784 tx_total=0 successes=0
produced block height=38785 tx_total=0 successes=0
produced block height=38786 tx_total=0 successes=0
produced block height=38787 tx_total=0 successes=0
produced block height=38788 tx_total=0 successes=0
produced block height=38789 tx_total=0 successes=0
produced block height=38790 tx_total=0 successes=0
produced block height=38791 tx_total=0 successes=0
produced block height=38792 tx_total=0 successes=0
produced block height=38793 tx_total=0 successes=0
produced block height=38794 tx_total=0 successes=0
produced block height=38795 tx_total=0 successes=0
produced block height=38796 tx_total=0 successes=0
produced block height=38797 tx_total=0 successes=0
produced block height=38798 tx_total=0 successes=0
produced block height=38799 tx_total=0 successes=0
produced block height=38800 tx_total=0 successes=0
produced block height=38801 tx_total=0 successes=0
produced block height=38802 tx_total=0 successes=0
produced block height=38803 tx_total=0 successes=0
produced block height=38804 tx_total=0 successes=0
produced block height=38805 tx_total=0 successes=0
produced block height=38806 tx_total=0 successes=0
produced block height=38807 tx_total=0 successes=0
produced block height=38808 tx_total=0 successes=0
produced block height=38809 tx_total=0 successes=0
produced block height=38810 tx_total=0 successes=0
produced block height=38811 tx_total=0 successes=0
produced block height=38812 tx_total=0 successes=0
produced block height=38813 tx_total=0 successes=0
produced block height=38814 tx_total=0 successes=0
produced block height=38815 tx_total=0 successes=0
produced block height=38816 tx_total=0 successes=0
produced block height=38817 tx_total=0 successes=0
produced block height=38818 tx_total=0 successes=0
produced block height=38819 tx_total=0 successes=0
produced block height=38820 tx_total=0 successes=0
produced block height=38821 tx_total=0 successes=0
produced block height=38822 tx_total=0 successes=0
produced block height=38823 tx_total=0 successes=0
produced block height=38824 tx_total=0 successes=0
produced block height=38825 tx_total=0 successes=0
produced block height=38826 tx_total=0 successes=0
produced block height=38827 tx_total=0 successes=0
produced block height=38828 tx_total=0 successes=0
produced block height=38829 tx_total=0 successes=0
produced block height=38830 tx_total=0 successes=0
produced block height=38831 tx_total=0 successes=0
produced block height=38832 tx_total=0 successes=0
produced block height=38833 tx_total=0 successes=0
produced block height=38834 tx_total=0 successes=0
produced block height=38835 tx_total=0 successes=0
produced block height=38836 tx_total=0 successes=0
produced block height=38837 tx_total=0 successes=0
produced block height=38838 tx_total=0 successes=0
produced block height=38839 tx_total=0 successes=0
produced block height=38840 tx_total=0 successes=0
produced block height=38841 tx_total=0 successes=0
produced block height=38842 tx_total=0 successes=0
produced block height=38843 tx_total=0 successes=0
produced block height=38844 tx_total=0 successes=0
produced block height=38845 tx_total=0 successes=0
produced block height=38846 tx_total=0 successes=0
produced block height=38847 tx_total=0 successes=0
produced block height=38848 tx_total=0 successes=0
produced block height=38849 tx_total=0 successes=0
produced block height=38850 tx_total=0 successes=0
produced block height=38851 tx_total=0 successes=0
produced block height=38852 tx_total=0 successes=0
produced block height=38853 tx_total=0 successes=0
produced block height=38854 tx_total=0 successes=0
produced block height=38855 tx_total=0 successes=0
produced block height=38856 tx_total=0 successes=0
produced block height=38857 tx_total=0 successes=0
produced block height=38858 tx_total=0 successes=0
produced block height=38859 tx_total=0 successes=0
produced block height=38860 tx_total=0 successes=0
produced block height=38861 tx_total=0 successes=0
produced block height=38862 tx_total=0 successes=0
produced block height=38863 tx_total=0 successes=0
produced block height=38864 tx_total=0 successes=0
produced block height=38865 tx_total=0 successes=0
produced block height=38866 tx_total=0 successes=0
produced block height=38867 tx_total=0 successes=0
produced block height=38868 tx_total=0 successes=0
produced block height=38869 tx_total=0 successes=0
produced block height=38870 tx_total=0 successes=0
produced block height=38871 tx_total=0 successes=0
produced block height=38872 tx_total=0 successes=0
produced block height=38873 tx_total=0 successes=0
produced block height=38874 tx_total=0 successes=0
produced block height=38875 tx_total=0 successes=0
produced block height=38876 tx_total=0 successes=0
produced block height=38877 tx_total=0 successes=0
produced block height=38878 tx_total=0 successes=0
produced block height=38879 tx_total=0 successes=0
produced block height=38880 tx_total=0 successes=0
produced block height=38881 tx_total=0 successes=0
produced block height=38882 tx_total=0 successes=0
produced block height=38883 tx_total=0 successes=0
produced block height=38884 tx_total=0 successes=0
produced block height=38885 tx_total=0 successes=0
produced block height=38886 tx_total=0 successes=0
produced block height=38887 tx_total=0 successes=0
produced block height=38888 tx_total=0 successes=0
produced block height=38889 tx_total=0 successes=0
produced block height=38890 tx_total=0 successes=0
produced block height=38891 tx_total=0 successes=0
produced block height=38892 tx_total=0 successes=0
produced block height=38893 tx_total=0 successes=0
produced block height=38894 tx_total=0 successes=0
produced block height=38895 tx_total=0 successes=0
produced block height=38896 tx_total=0 successes=0
produced block height=38897 tx_total=0 successes=0
produced block height=38898 tx_total=0 successes=0
produced block height=38899 tx_total=0 successes=0
produced block height=38900 tx_total=0 successes=0
produced block height=38901 tx_total=0 successes=0
produced block height=38902 tx_total=0 successes=0
produced block height=38903 tx_total=0 successes=0
produced block height=38904 tx_total=0 successes=0
produced block height=38905 tx_total=0 successes=0
produced block height=38906 tx_total=0 successes=0
produced block height=38907 tx_total=0 successes=0
produced block height=38908 tx_total=0 successes=0
produced block height=38909 tx_total=0 successes=0
produced block height=38910 tx_total=0 successes=0
produced block height=38911 tx_total=0 successes=0
produced block height=38912 tx_total=0 successes=0
produced block height=38913 tx_total=0 successes=0
produced block height=38914 tx_total=0 successes=0
produced block height=38915 tx_total=0 successes=0
produced block height=38916 tx_total=0 successes=0
produced block height=38917 tx_total=0 successes=0
produced block height=38918 tx_total=0 successes=0
produced block height=38919 tx_total=0 successes=0
produced block height=38920 tx_total=0 successes=0
produced block height=38921 tx_total=0 successes=0
produced block height=38922 tx_total=0 successes=0
produced block height=38923 tx_total=0 successes=0
produced block height=38924 tx_total=0 successes=0
produced block height=38925 tx_total=0 successes=0
produced block height=38926 tx_total=0 successes=0
produced block height=38927 tx_total=0 successes=0
produced block height=38928 tx_total=0 successes=0
produced block height=38929 tx_total=0 successes=0
produced block height=38930 tx_total=0 successes=0
produced block height=38931 tx_total=0 successes=0
produced block height=38932 tx_total=0 successes=0
produced block height=38933 tx_total=0 successes=0
produced block height=38934 tx_total=0 successes=0
produced block height=38935 tx_total=0 successes=0
produced block height=38936 tx_total=0 successes=0
produced block height=38937 tx_total=0 successes=0
produced block height=38938 tx_total=0 successes=0
produced block height=38939 tx_total=0 successes=0
produced block height=38940 tx_total=0 successes=0
produced block height=38941 tx_total=0 successes=0
produced block height=38942 tx_total=0 successes=0
produced block height=38943 tx_total=0 successes=0
produced block height=38944 tx_total=0 successes=0
produced block height=38945 tx_total=0 successes=0
produced block height=38946 tx_total=0 successes=0
produced block height=38947 tx_total=0 successes=0
produced block height=38948 tx_total=0 successes=0
produced block height=38949 tx_total=0 successes=0
produced block height=38950 tx_total=0 successes=0
produced block height=38951 tx_total=0 successes=0
produced block height=38952 tx_total=0 successes=0
produced block height=38953 tx_total=0 successes=0
produced block height=38954 tx_total=0 successes=0
produced block height=38955 tx_total=0 successes=0
produced block height=38956 tx_total=0 successes=0
produced block height=38957 tx_total=0 successes=0
produced block height=38958 tx_total=0 successes=0
produced block height=38959 tx_total=0 successes=0
produced block height=38960 tx_total=0 successes=0
produced block height=38961 tx_total=0 successes=0
produced block height=38962 tx_total=0 successes=0
produced block height=38963 tx_total=0 successes=0
produced block height=38964 tx_total=0 successes=0
produced block height=38965 tx_total=0 successes=0
produced block height=38966 tx_total=0 successes=0
produced block height=38967 tx_total=0 successes=0
produced block height=38968 tx_total=0 successes=0
produced block height=38969 tx_total=0 successes=0
produced block height=38970 tx_total=0 successes=0
produced block height=38971 tx_total=0 successes=0
produced block height=38972 tx_total=0 successes=0
produced block height=38973 tx_total=0 successes=0
produced block height=38974 tx_total=0 successes=0
produced block height=38975 tx_total=0 successes=0
produced block height=38976 tx_total=0 successes=0
produced block height=38977 tx_total=0 successes=0
produced block height=38978 tx_total=0 successes=0
produced block height=38979 tx_total=0 successes=0
produced block height=38980 tx_total=0 successes=0
produced block height=38981 tx_total=0 successes=0
produced block height=38982 tx_total=0 successes=0
produced block height=38983 tx_total=0 successes=0
produced block height=38984 tx_total=0 successes=0
produced block height=38985 tx_total=0 successes=0
produced block height=38986 tx_total=0 successes=0
produced block height=38987 tx_total=0 successes=0
produced block height=38988 tx_total=0 successes=0
produced block height=38989 tx_total=0 successes=0
produced block height=38990 tx_total=0 successes=0
produced block height=38991 tx_total=0 successes=0
produced block height=38992 tx_total=0 successes=0
produced block height=38993 tx_total=0 successes=0
produced block height=38994 tx_total=0 successes=0
produced block height=38995 tx_total=0 successes=0
produced block height=38996 tx_total=0 successes=0
produced block height=38997 tx_total=0 successes=0
produced block height=38998 tx_total=0 successes=0
produced block height=38999 tx_total=0 successes=0
produced block height=39000 tx_total=0 successes=0
produced block height=39001 tx_total=0 successes=0
produced block height=39002 tx_total=0 successes=0
produced block height=39003 tx_total=0 successes=0
produced block height=39004 tx_total=0 successes=0
produced block height=39005 tx_total=0 successes=0
produced block height=39006 tx_total=0 successes=0
produced block height=39007 tx_total=0 successes=0
produced block height=39008 tx_total=0 successes=0
produced block height=39009 tx_total=0 successes=0
produced block height=39010 tx_total=0 successes=0
produced block height=39011 tx_total=0 successes=0
produced block height=39012 tx_total=0 successes=0
produced block height=39013 tx_total=0 successes=0
produced block height=39014 tx_total=0 successes=0
produced block height=39015 tx_total=0 successes=0
produced block height=39016 tx_total=0 successes=0
produced block height=39017 tx_total=0 successes=0
produced block height=39018 tx_total=0 successes=0
produced block height=39019 tx_total=0 successes=0
produced block height=39020 tx_total=0 successes=0
produced block height=39021 tx_total=0 successes=0
produced block height=39022 tx_total=0 successes=0
produced block height=39023 tx_total=0 successes=0
produced block height=39024 tx_total=0 successes=0
produced block height=39025 tx_total=0 successes=0
produced block height=39026 tx_total=0 successes=0
produced block height=39027 tx_total=0 successes=0
produced block height=39028 tx_total=0 successes=0
produced block height=39029 tx_total=0 successes=0
produced block height=39030 tx_total=0 successes=0
produced block height=39031 tx_total=0 successes=0
produced block height=39032 tx_total=0 successes=0
produced block height=39033 tx_total=0 successes=0
produced block height=39034 tx_total=0 successes=0
produced block height=39035 tx_total=0 successes=0
produced block height=39036 tx_total=0 successes=0
produced block height=39037 tx_total=0 successes=0
produced block height=39038 tx_total=0 successes=0
produced block height=39039 tx_total=0 successes=0
produced block height=39040 tx_total=0 successes=0
produced block height=39041 tx_total=0 successes=0
produced block height=39042 tx_total=0 successes=0
produced block height=39043 tx_total=0 successes=0
produced block height=39044 tx_total=0 successes=0
produced block height=39045 tx_total=0 successes=0
produced block height=39046 tx_total=0 successes=0
produced block height=39047 tx_total=0 successes=0
produced block height=39048 tx_total=0 successes=0
produced block height=39049 tx_total=0 successes=0
produced block height=39050 tx_total=0 successes=0
produced block height=39051 tx_total=0 successes=0
produced block height=39052 tx_total=0 successes=0
produced block height=39053 tx_total=0 successes=0
produced block height=39054 tx_total=0 successes=0
produced block height=39055 tx_total=0 successes=0
produced block height=39056 tx_total=0 successes=0
produced block height=39057 tx_total=0 successes=0
produced block height=39058 tx_total=0 successes=0
produced block height=39059 tx_total=0 successes=0
produced block height=39060 tx_total=0 successes=0
produced block height=39061 tx_total=0 successes=0
produced block height=39062 tx_total=0 successes=0
produced block height=39063 tx_total=0 successes=0
produced block height=39064 tx_total=0 successes=0
produced block height=39065 tx_total=0 successes=0
produced block height=39066 tx_total=0 successes=0
produced block height=39067 tx_total=0 successes=0
produced block height=39068 tx_total=0 successes=0
produced block height=39069 tx_total=0 successes=0
produced block height=39070 tx_total=0 successes=0
produced block height=39071 tx_total=0 successes=0
produced block height=39072 tx_total=0 successes=0
produced block height=39073 tx_total=0 successes=0
produced block height=39074 tx_total=0 successes=0
produced block height=39075 tx_total=0 successes=0
produced block height=39076 tx_total=0 successes=0
produced block height=39077 tx_total=0 successes=0
produced block height=39078 tx_total=0 successes=0
produced block height=39079 tx_total=0 successes=0
produced block height=39080 tx_total=0 successes=0
produced block height=39081 tx_total=0 successes=0
produced block height=39082 tx_total=0 successes=0
produced block height=39083 tx_total=0 successes=0
produced block height=39084 tx_total=0 successes=0
produced block height=39085 tx_total=0 successes=0
produced block height=39086 tx_total=0 successes=0
produced block height=39087 tx_total=0 successes=0
produced block height=39088 tx_total=0 successes=0
produced block height=39089 tx_total=0 successes=0
produced block height=39090 tx_total=0 successes=0
produced block height=39091 tx_total=0 successes=0
produced block height=39092 tx_total=0 successes=0
produced block height=39093 tx_total=0 successes=0
produced block height=39094 tx_total=0 successes=0
produced block height=39095 tx_total=0 successes=0
produced block height=39096 tx_total=0 successes=0
produced block height=39097 tx_total=0 successes=0
produced block height=39098 tx_total=0 successes=0
produced block height=39099 tx_total=0 successes=0
produced block height=39100 tx_total=0 successes=0
produced block height=39101 tx_total=0 successes=0
produced block height=39102 tx_total=0 successes=0
produced block height=39103 tx_total=0 successes=0
produced block height=39104 tx_total=0 successes=0
produced block height=39105 tx_total=0 successes=0
produced block height=39106 tx_total=0 successes=0
produced block height=39107 tx_total=0 successes=0
produced block height=39108 tx_total=0 successes=0
produced block height=39109 tx_total=0 successes=0
produced block height=39110 tx_total=0 successes=0
produced block height=39111 tx_total=0 successes=0
produced block height=39112 tx_total=0 successes=0
produced block height=39113 tx_total=0 successes=0
produced block height=39114 tx_total=0 successes=0
produced block height=39115 tx_total=0 successes=0
produced block height=39116 tx_total=0 successes=0
produced block height=39117 tx_total=0 successes=0
produced block height=39118 tx_total=0 successes=0
produced block height=39119 tx_total=0 successes=0
produced block height=39120 tx_total=0 successes=0
produced block height=39121 tx_total=0 successes=0
produced block height=39122 tx_total=0 successes=0
produced block height=39123 tx_total=0 successes=0
produced block height=39124 tx_total=0 successes=0
produced block height=39125 tx_total=0 successes=0
produced block height=39126 tx_total=0 successes=0
produced block height=39127 tx_total=0 successes=0
produced block height=39128 tx_total=0 successes=0
produced block height=39129 tx_total=0 successes=0
produced block height=39130 tx_total=0 successes=0
produced block height=39131 tx_total=0 successes=0
produced block height=39132 tx_total=0 successes=0
produced block height=39133 tx_total=0 successes=0
produced block height=39134 tx_total=0 successes=0
produced block height=39135 tx_total=0 successes=0
produced block height=39136 tx_total=0 successes=0
produced block height=39137 tx_total=0 successes=0
produced block height=39138 tx_total=0 successes=0
produced block height=39139 tx_total=0 successes=0
produced block height=39140 tx_total=0 successes=0
produced block height=39141 tx_total=0 successes=0
produced block height=39142 tx_total=0 successes=0
produced block height=39143 tx_total=0 successes=0
produced block height=39144 tx_total=0 successes=0
produced block height=39145 tx_total=0 successes=0
produced block height=39146 tx_total=0 successes=0
produced block height=39147 tx_total=0 successes=0
produced block height=39148 tx_total=0 successes=0
produced block height=39149 tx_total=0 successes=0
produced block height=39150 tx_total=0 successes=0
produced block height=39151 tx_total=0 successes=0
produced block height=39152 tx_total=0 successes=0
produced block height=39153 tx_total=0 successes=0
produced block height=39154 tx_total=0 successes=0
produced block height=39155 tx_total=0 successes=0
produced block height=39156 tx_total=0 successes=0
produced block height=39157 tx_total=0 successes=0
produced block height=39158 tx_total=0 successes=0
produced block height=39159 tx_total=0 successes=0
produced block height=39160 tx_total=0 successes=0
produced block height=39161 tx_total=0 successes=0
produced block height=39162 tx_total=0 successes=0
produced block height=39163 tx_total=0 successes=0
produced block height=39164 tx_total=0 successes=0
produced block height=39165 tx_total=0 successes=0
produced block height=39166 tx_total=0 successes=0
produced block height=39167 tx_total=0 successes=0
produced block height=39168 tx_total=0 successes=0
produced block height=39169 tx_total=0 successes=0
produced block height=39170 tx_total=0 successes=0
produced block height=39171 tx_total=0 successes=0
produced block height=39172 tx_total=0 successes=0
produced block height=39173 tx_total=0 successes=0
produced block height=39174 tx_total=0 successes=0
produced block height=39175 tx_total=0 successes=0
produced block height=39176 tx_total=0 successes=0
produced block height=39177 tx_total=0 successes=0
produced block height=39178 tx_total=0 successes=0
produced block height=39179 tx_total=0 successes=0
produced block height=39180 tx_total=0 successes=0
produced block height=39181 tx_total=0 successes=0
produced block height=39182 tx_total=0 successes=0
produced block height=39183 tx_total=0 successes=0
produced block height=39184 tx_total=0 successes=0
produced block height=39185 tx_total=0 successes=0
produced block height=39186 tx_total=0 successes=0
produced block height=39187 tx_total=0 successes=0
produced block height=39188 tx_total=0 successes=0
produced block height=39189 tx_total=0 successes=0
produced block height=39190 tx_total=0 successes=0
produced block height=39191 tx_total=0 successes=0
produced block height=39192 tx_total=0 successes=0
produced block height=39193 tx_total=0 successes=0
produced block height=39194 tx_total=0 successes=0
produced block height=39195 tx_total=0 successes=0
produced block height=39196 tx_total=0 successes=0
produced block height=39197 tx_total=0 successes=0
produced block height=39198 tx_total=0 successes=0
produced block height=39199 tx_total=0 successes=0
produced block height=39200 tx_total=0 successes=0
produced block height=39201 tx_total=0 successes=0
produced block height=39202 tx_total=0 successes=0
produced block height=39203 tx_total=0 successes=0
produced block height=39204 tx_total=0 successes=0
produced block height=39205 tx_total=0 successes=0
produced block height=39206 tx_total=0 successes=0
produced block height=39207 tx_total=0 successes=0
produced block height=39208 tx_total=0 successes=0
produced block height=39209 tx_total=0 successes=0
produced block height=39210 tx_total=0 successes=0
produced block height=39211 tx_total=0 successes=0
produced block height=39212 tx_total=0 successes=0
produced block height=39213 tx_total=0 successes=0
produced block height=39214 tx_total=0 successes=0
produced block height=39215 tx_total=0 successes=0
produced block height=39216 tx_total=0 successes=0
produced block height=39217 tx_total=0 successes=0
produced block height=39218 tx_total=0 successes=0
produced block height=39219 tx_total=0 successes=0
produced block height=39220 tx_total=0 successes=0
produced block height=39221 tx_total=0 successes=0
produced block height=39222 tx_total=0 successes=0
produced block height=39223 tx_total=0 successes=0
produced block height=39224 tx_total=0 successes=0
produced block height=39225 tx_total=0 successes=0
produced block height=39226 tx_total=0 successes=0
produced block height=39227 tx_total=0 successes=0
produced block height=39228 tx_total=0 successes=0
produced block height=39229 tx_total=0 successes=0
produced block height=39230 tx_total=0 successes=0
produced block height=39231 tx_total=0 successes=0
produced block height=39232 tx_total=0 successes=0
produced block height=39233 tx_total=0 successes=0
produced block height=39234 tx_total=0 successes=0
produced block height=39235 tx_total=0 successes=0
produced block height=39236 tx_total=0 successes=0
produced block height=39237 tx_total=0 successes=0
produced block height=39238 tx_total=0 successes=0
produced block height=39239 tx_total=0 successes=0
produced block height=39240 tx_total=0 successes=0
produced block height=39241 tx_total=0 successes=0
produced block height=39242 tx_total=0 successes=0
produced block height=39243 tx_total=0 successes=0
produced block height=39244 tx_total=0 successes=0
produced block height=39245 tx_total=0 successes=0
produced block height=39246 tx_total=0 successes=0
produced block height=39247 tx_total=0 successes=0
produced block height=39248 tx_total=0 successes=0
produced block height=39249 tx_total=0 successes=0
produced block height=39250 tx_total=0 successes=0
produced block height=39251 tx_total=0 successes=0
produced block height=39252 tx_total=0 successes=0
produced block height=39253 tx_total=0 successes=0
produced block height=39254 tx_total=0 successes=0
produced block height=39255 tx_total=0 successes=0
produced block height=39256 tx_total=0 successes=0
produced block height=39257 tx_total=0 successes=0
produced block height=39258 tx_total=0 successes=0
produced block height=39259 tx_total=0 successes=0
produced block height=39260 tx_total=0 successes=0
produced block height=39261 tx_total=0 successes=0
produced block height=39262 tx_total=0 successes=0
produced block height=39263 tx_total=0 successes=0
produced block height=39264 tx_total=0 successes=0
produced block height=39265 tx_total=0 successes=0
produced block height=39266 tx_total=0 successes=0
produced block height=39267 tx_total=0 successes=0
produced block height=39268 tx_total=0 successes=0
produced block height=39269 tx_total=0 successes=0
produced block height=39270 tx_total=0 successes=0
produced block height=39271 tx_total=0 successes=0
produced block height=39272 tx_total=0 successes=0
produced block height=39273 tx_total=0 successes=0
produced block height=39274 tx_total=0 successes=0
produced block height=39275 tx_total=0 successes=0
produced block height=39276 tx_total=0 successes=0
produced block height=39277 tx_total=0 successes=0
produced block height=39278 tx_total=0 successes=0
produced block height=39279 tx_total=0 successes=0
produced block height=39280 tx_total=0 successes=0
produced block height=39281 tx_total=0 successes=0
produced block height=39282 tx_total=0 successes=0
produced block height=39283 tx_total=0 successes=0
produced block height=39284 tx_total=0 successes=0
produced block height=39285 tx_total=0 successes=0
produced block height=39286 tx_total=0 successes=0
produced block height=39287 tx_total=0 successes=0
produced block height=39288 tx_total=0 successes=0
produced block height=39289 tx_total=0 successes=0
produced block height=39290 tx_total=0 successes=0
produced block height=39291 tx_total=0 successes=0
produced block height=39292 tx_total=0 successes=0
produced block height=39293 tx_total=0 successes=0
produced block height=39294 tx_total=0 successes=0
produced block height=39295 tx_total=0 successes=0
produced block height=39296 tx_total=0 successes=0
produced block height=39297 tx_total=0 successes=0
produced block height=39298 tx_total=0 successes=0
produced block height=39299 tx_total=0 successes=0
produced block height=39300 tx_total=0 successes=0
produced block height=39301 tx_total=0 successes=0
produced block height=39302 tx_total=0 successes=0
produced block height=39303 tx_total=0 successes=0
produced block height=39304 tx_total=0 successes=0
produced block height=39305 tx_total=0 successes=0
produced block height=39306 tx_total=0 successes=0
produced block height=39307 tx_total=0 successes=0
produced block height=39308 tx_total=0 successes=0
produced block height=39309 tx_total=0 successes=0
produced block height=39310 tx_total=0 successes=0
produced block height=39311 tx_total=0 successes=0
produced block height=39312 tx_total=0 successes=0
produced block height=39313 tx_total=0 successes=0
produced block height=39314 tx_total=0 successes=0
produced block height=39315 tx_total=0 successes=0
produced block height=39316 tx_total=0 successes=0
produced block height=39317 tx_total=0 successes=0
produced block height=39318 tx_total=0 successes=0
produced block height=39319 tx_total=0 successes=0
produced block height=39320 tx_total=0 successes=0
produced block height=39321 tx_total=0 successes=0
produced block height=39322 tx_total=0 successes=0
produced block height=39323 tx_total=0 successes=0
produced block height=39324 tx_total=0 successes=0
produced block height=39325 tx_total=0 successes=0
produced block height=39326 tx_total=0 successes=0
produced block height=39327 tx_total=0 successes=0
produced block height=39328 tx_total=0 successes=0
produced block height=39329 tx_total=0 successes=0
produced block height=39330 tx_total=0 successes=0
produced block height=39331 tx_total=0 successes=0
produced block height=39332 tx_total=0 successes=0
produced block height=39333 tx_total=0 successes=0
produced block height=39334 tx_total=0 successes=0
produced block height=39335 tx_total=0 successes=0
produced block height=39336 tx_total=0 successes=0
produced block height=39337 tx_total=0 successes=0
produced block height=39338 tx_total=0 successes=0
produced block height=39339 tx_total=0 successes=0
produced block height=39340 tx_total=0 successes=0
produced block height=39341 tx_total=0 successes=0
produced block height=39342 tx_total=0 successes=0
produced block height=39343 tx_total=0 successes=0
produced block height=39344 tx_total=0 successes=0
produced block height=39345 tx_total=0 successes=0
produced block height=39346 tx_total=0 successes=0
produced block height=39347 tx_total=0 successes=0
produced block height=39348 tx_total=0 successes=0
produced block height=39349 tx_total=0 successes=0
produced block height=39350 tx_total=0 successes=0
produced block height=39351 tx_total=0 successes=0
produced block height=39352 tx_total=0 successes=0
produced block height=39353 tx_total=0 successes=0
produced block height=39354 tx_total=0 successes=0
produced block height=39355 tx_total=0 successes=0
produced block height=39356 tx_total=0 successes=0
produced block height=39357 tx_total=0 successes=0
produced block height=39358 tx_total=0 successes=0
produced block height=39359 tx_total=0 successes=0
produced block height=39360 tx_total=0 successes=0
produced block height=39361 tx_total=0 successes=0
produced block height=39362 tx_total=0 successes=0
produced block height=39363 tx_total=0 successes=0
produced block height=39364 tx_total=0 successes=0
produced block height=39365 tx_total=0 successes=0
produced block height=39366 tx_total=0 successes=0
produced block height=39367 tx_total=0 successes=0
produced block height=39368 tx_total=0 successes=0
produced block height=39369 tx_total=0 successes=0
produced block height=39370 tx_total=0 successes=0
produced block height=39371 tx_total=0 successes=0
produced block height=39372 tx_total=0 successes=0
produced block height=39373 tx_total=0 successes=0
produced block height=39374 tx_total=0 successes=0
produced block height=39375 tx_total=0 successes=0
produced block height=39376 tx_total=0 successes=0
produced block height=39377 tx_total=0 successes=0
produced block height=39378 tx_total=0 successes=0
produced block height=39379 tx_total=0 successes=0
produced block height=39380 tx_total=0 successes=0
produced block height=39381 tx_total=0 successes=0
produced block height=39382 tx_total=0 successes=0
produced block height=39383 tx_total=0 successes=0
produced block height=39384 tx_total=0 successes=0
produced block height=39385 tx_total=0 successes=0
produced block height=39386 tx_total=0 successes=0
produced block height=39387 tx_total=0 successes=0
produced block height=39388 tx_total=0 successes=0
produced block height=39389 tx_total=0 successes=0
produced block height=39390 tx_total=0 successes=0
produced block height=39391 tx_total=0 successes=0
produced block height=39392 tx_total=0 successes=0
produced block height=39393 tx_total=0 successes=0
produced block height=39394 tx_total=0 successes=0
produced block height=39395 tx_total=0 successes=0
produced block height=39396 tx_total=0 successes=0
produced block height=39397 tx_total=0 successes=0
produced block height=39398 tx_total=0 successes=0
produced block height=39399 tx_total=0 successes=0
produced block height=39400 tx_total=0 successes=0
produced block height=39401 tx_total=0 successes=0
produced block height=39402 tx_total=0 successes=0
produced block height=39403 tx_total=0 successes=0
produced block height=39404 tx_total=0 successes=0
produced block height=39405 tx_total=0 successes=0
produced block height=39406 tx_total=0 successes=0
produced block height=39407 tx_total=0 successes=0
produced block height=39408 tx_total=0 successes=0
produced block height=39409 tx_total=0 successes=0
produced block height=39410 tx_total=0 successes=0
produced block height=39411 tx_total=0 successes=0
produced block height=39412 tx_total=0 successes=0
produced block height=39413 tx_total=0 successes=0
produced block height=39414 tx_total=0 successes=0
produced block height=39415 tx_total=0 successes=0
produced block height=39416 tx_total=0 successes=0
produced block height=39417 tx_total=0 successes=0
produced block height=39418 tx_total=0 successes=0
produced block height=39419 tx_total=0 successes=0
produced block height=39420 tx_total=0 successes=0
produced block height=39421 tx_total=0 successes=0
produced block height=39422 tx_total=0 successes=0
produced block height=39423 tx_total=0 successes=0
produced block height=39424 tx_total=0 successes=0
produced block height=39425 tx_total=0 successes=0
produced block height=39426 tx_total=0 successes=0
produced block height=39427 tx_total=0 successes=0
produced block height=39428 tx_total=0 successes=0
produced block height=39429 tx_total=0 successes=0
produced block height=39430 tx_total=0 successes=0
produced block height=39431 tx_total=0 successes=0
produced block height=39432 tx_total=0 successes=0
produced block height=39433 tx_total=0 successes=0
produced block height=39434 tx_total=0 successes=0
produced block height=39435 tx_total=0 successes=0
produced block height=39436 tx_total=0 successes=0
produced block height=39437 tx_total=0 successes=0
produced block height=39438 tx_total=0 successes=0
produced block height=39439 tx_total=0 successes=0
produced block height=39440 tx_total=0 successes=0
produced block height=39441 tx_total=0 successes=0
produced block height=39442 tx_total=0 successes=0
produced block height=39443 tx_total=0 successes=0
produced block height=39444 tx_total=0 successes=0
produced block height=39445 tx_total=0 successes=0
produced block height=39446 tx_total=0 successes=0
produced block height=39447 tx_total=0 successes=0
produced block height=39448 tx_total=0 successes=0
produced block height=39449 tx_total=0 successes=0
produced block height=39450 tx_total=0 successes=0
produced block height=39451 tx_total=0 successes=0
produced block height=39452 tx_total=0 successes=0
produced block height=39453 tx_total=0 successes=0
produced block height=39454 tx_total=0 successes=0
produced block height=39455 tx_total=0 successes=0
produced block height=39456 tx_total=0 successes=0
produced block height=39457 tx_total=0 successes=0
produced block height=39458 tx_total=0 successes=0
produced block height=39459 tx_total=0 successes=0
produced block height=39460 tx_total=0 successes=0
produced block height=39461 tx_total=0 successes=0
produced block height=39462 tx_total=0 successes=0
produced block height=39463 tx_total=0 successes=0
produced block height=39464 tx_total=0 successes=0
produced block height=39465 tx_total=0 successes=0
produced block height=39466 tx_total=0 successes=0
produced block height=39467 tx_total=0 successes=0
produced block height=39468 tx_total=0 successes=0
produced block height=39469 tx_total=0 successes=0
produced block height=39470 tx_total=0 successes=0
produced block height=39471 tx_total=0 successes=0
produced block height=39472 tx_total=0 successes=0
produced block height=39473 tx_total=0 successes=0
produced block height=39474 tx_total=0 successes=0
produced block height=39475 tx_total=0 successes=0
produced block height=39476 tx_total=0 successes=0
produced block height=39477 tx_total=0 successes=0
produced block height=39478 tx_total=0 successes=0
produced block height=39479 tx_total=0 successes=0
produced block height=39480 tx_total=0 successes=0
produced block height=39481 tx_total=0 successes=0
produced block height=39482 tx_total=0 successes=0
produced block height=39483 tx_total=0 successes=0
produced block height=39484 tx_total=0 successes=0
produced block height=39485 tx_total=0 successes=0
produced block height=39486 tx_total=0 successes=0
produced block height=39487 tx_total=0 successes=0
produced block height=39488 tx_total=0 successes=0
produced block height=39489 tx_total=0 successes=0
produced block height=39490 tx_total=0 successes=0
produced block height=39491 tx_total=0 successes=0
produced block height=39492 tx_total=0 successes=0
produced block height=39493 tx_total=0 successes=0
produced block height=39494 tx_total=0 successes=0
produced block height=39495 tx_total=0 successes=0
produced block height=39496 tx_total=0 successes=0
produced block height=39497 tx_total=0 successes=0
produced block height=39498 tx_total=0 successes=0
produced block height=39499 tx_total=0 successes=0
produced block height=39500 tx_total=0 successes=0
produced block height=39501 tx_total=0 successes=0
produced block height=39502 tx_total=0 successes=0
produced block height=39503 tx_total=0 successes=0
produced block height=39504 tx_total=0 successes=0
produced block height=39505 tx_total=0 successes=0
produced block height=39506 tx_total=0 successes=0
produced block height=39507 tx_total=0 successes=0
produced block height=39508 tx_total=0 successes=0
produced block height=39509 tx_total=0 successes=0
produced block height=39510 tx_total=0 successes=0
produced block height=39511 tx_total=0 successes=0
produced block height=39512 tx_total=0 successes=0
produced block height=39513 tx_total=0 successes=0
produced block height=39514 tx_total=0 successes=0
produced block height=39515 tx_total=0 successes=0
produced block height=39516 tx_total=0 successes=0
produced block height=39517 tx_total=0 successes=0
produced block height=39518 tx_total=0 successes=0
produced block height=39519 tx_total=0 successes=0
produced block height=39520 tx_total=0 successes=0
produced block height=39521 tx_total=0 successes=0
produced block height=39522 tx_total=0 successes=0
produced block height=39523 tx_total=0 successes=0
produced block height=39524 tx_total=0 successes=0
produced block height=39525 tx_total=0 successes=0
produced block height=39526 tx_total=0 successes=0
produced block height=39527 tx_total=0 successes=0
produced block height=39528 tx_total=0 successes=0
produced block height=39529 tx_total=0 successes=0
produced block height=39530 tx_total=0 successes=0
produced block height=39531 tx_total=0 successes=0
produced block height=39532 tx_total=0 successes=0
produced block height=39533 tx_total=0 successes=0
produced block height=39534 tx_total=0 successes=0
produced block height=39535 tx_total=0 successes=0
produced block height=39536 tx_total=0 successes=0
produced block height=39537 tx_total=0 successes=0
produced block height=39538 tx_total=0 successes=0
produced block height=39539 tx_total=0 successes=0
produced block height=39540 tx_total=0 successes=0
produced block height=39541 tx_total=0 successes=0
produced block height=39542 tx_total=0 successes=0
produced block height=39543 tx_total=0 successes=0
produced block height=39544 tx_total=0 successes=0
produced block height=39545 tx_total=0 successes=0
produced block height=39546 tx_total=0 successes=0
produced block height=39547 tx_total=0 successes=0
produced block height=39548 tx_total=0 successes=0
produced block height=39549 tx_total=0 successes=0
produced block height=39550 tx_total=0 successes=0
produced block height=39551 tx_total=0 successes=0
produced block height=39552 tx_total=0 successes=0
produced block height=39553 tx_total=0 successes=0
produced block height=39554 tx_total=0 successes=0
produced block height=39555 tx_total=0 successes=0
produced block height=39556 tx_total=0 successes=0
produced block height=39557 tx_total=0 successes=0
produced block height=39558 tx_total=0 successes=0
produced block height=39559 tx_total=0 successes=0
produced block height=39560 tx_total=0 successes=0
produced block height=39561 tx_total=0 successes=0
produced block height=39562 tx_total=0 successes=0
produced block height=39563 tx_total=0 successes=0
produced block height=39564 tx_total=0 successes=0
produced block height=39565 tx_total=0 successes=0
produced block height=39566 tx_total=0 successes=0
produced block height=39567 tx_total=0 successes=0
produced block height=39568 tx_total=0 successes=0
produced block height=39569 tx_total=0 successes=0
produced block height=39570 tx_total=0 successes=0
produced block height=39571 tx_total=0 successes=0
produced block height=39572 tx_total=0 successes=0
produced block height=39573 tx_total=0 successes=0
produced block height=39574 tx_total=0 successes=0
produced block height=39575 tx_total=0 successes=0
produced block height=39576 tx_total=0 successes=0
produced block height=39577 tx_total=0 successes=0
produced block height=39578 tx_total=0 successes=0
produced block height=39579 tx_total=0 successes=0
produced block height=39580 tx_total=0 successes=0
produced block height=39581 tx_total=0 successes=0
produced block height=39582 tx_total=0 successes=0
produced block height=39583 tx_total=0 successes=0
produced block height=39584 tx_total=0 successes=0
produced block height=39585 tx_total=0 successes=0
produced block height=39586 tx_total=0 successes=0
produced block height=39587 tx_total=0 successes=0
produced block height=39588 tx_total=0 successes=0
produced block height=39589 tx_total=0 successes=0
produced block height=39590 tx_total=0 successes=0
produced block height=39591 tx_total=0 successes=0
produced block height=39592 tx_total=0 successes=0
produced block height=39593 tx_total=0 successes=0
produced block height=39594 tx_total=0 successes=0
produced block height=39595 tx_total=0 successes=0
produced block height=39596 tx_total=0 successes=0
produced block height=39597 tx_total=0 successes=0
produced block height=39598 tx_total=0 successes=0
produced block height=39599 tx_total=0 successes=0
produced block height=39600 tx_total=0 successes=0
produced block height=39601 tx_total=0 successes=0
produced block height=39602 tx_total=0 successes=0
produced block height=39603 tx_total=0 successes=0
produced block height=39604 tx_total=0 successes=0
produced block height=39605 tx_total=0 successes=0
produced block height=39606 tx_total=0 successes=0
produced block height=39607 tx_total=0 successes=0
produced block height=39608 tx_total=0 successes=0
produced block height=39609 tx_total=0 successes=0
produced block height=39610 tx_total=0 successes=0
produced block height=39611 tx_total=0 successes=0
produced block height=39612 tx_total=0 successes=0
produced block height=39613 tx_total=0 successes=0
produced block height=39614 tx_total=0 successes=0
produced block height=39615 tx_total=0 successes=0
produced block height=39616 tx_total=0 successes=0
produced block height=39617 tx_total=0 successes=0
produced block height=39618 tx_total=0 successes=0
produced block height=39619 tx_total=0 successes=0
produced block height=39620 tx_total=0 successes=0
produced block height=39621 tx_total=0 successes=0
produced block height=39622 tx_total=0 successes=0
produced block height=39623 tx_total=0 successes=0
produced block height=39624 tx_total=0 successes=0
produced block height=39625 tx_total=0 successes=0
produced block height=39626 tx_total=0 successes=0
produced block height=39627 tx_total=0 successes=0
produced block height=39628 tx_total=0 successes=0
produced block height=39629 tx_total=0 successes=0
produced block height=39630 tx_total=0 successes=0
produced block height=39631 tx_total=0 successes=0
produced block height=39632 tx_total=0 successes=0
produced block height=39633 tx_total=0 successes=0
produced block height=39634 tx_total=0 successes=0
produced block height=39635 tx_total=0 successes=0
produced block height=39636 tx_total=0 successes=0
produced block height=39637 tx_total=0 successes=0
produced block height=39638 tx_total=0 successes=0
produced block height=39639 tx_total=0 successes=0
produced block height=39640 tx_total=0 successes=0
produced block height=39641 tx_total=0 successes=0
produced block height=39642 tx_total=0 successes=0
produced block height=39643 tx_total=0 successes=0
produced block height=39644 tx_total=0 successes=0
produced block height=39645 tx_total=0 successes=0
produced block height=39646 tx_total=0 successes=0
produced block height=39647 tx_total=0 successes=0
produced block height=39648 tx_total=0 successes=0
produced block height=39649 tx_total=0 successes=0
produced block height=39650 tx_total=0 successes=0
produced block height=39651 tx_total=0 successes=0
produced block height=39652 tx_total=0 successes=0
produced block height=39653 tx_total=0 successes=0
produced block height=39654 tx_total=0 successes=0
produced block height=39655 tx_total=0 successes=0
produced block height=39656 tx_total=0 successes=0
produced block height=39657 tx_total=0 successes=0
produced block height=39658 tx_total=0 successes=0
produced block height=39659 tx_total=0 successes=0
produced block height=39660 tx_total=0 successes=0
produced block height=39661 tx_total=0 successes=0
produced block height=39662 tx_total=0 successes=0
produced block height=39663 tx_total=0 successes=0
produced block height=39664 tx_total=0 successes=0
produced block height=39665 tx_total=0 successes=0
produced block height=39666 tx_total=0 successes=0
produced block height=39667 tx_total=0 successes=0
produced block height=39668 tx_total=0 successes=0
produced block height=39669 tx_total=0 successes=0
produced block height=39670 tx_total=0 successes=0
produced block height=39671 tx_total=0 successes=0
produced block height=39672 tx_total=0 successes=0
produced block height=39673 tx_total=0 successes=0
produced block height=39674 tx_total=0 successes=0
produced block height=39675 tx_total=0 successes=0
produced block height=39676 tx_total=0 successes=0
produced block height=39677 tx_total=0 successes=0
produced block height=39678 tx_total=0 successes=0
produced block height=39679 tx_total=0 successes=0
produced block height=39680 tx_total=0 successes=0
produced block height=39681 tx_total=0 successes=0
produced block height=39682 tx_total=0 successes=0
produced block height=39683 tx_total=0 successes=0
produced block height=39684 tx_total=0 successes=0
produced block height=39685 tx_total=0 successes=0
produced block height=39686 tx_total=0 successes=0
produced block height=39687 tx_total=0 successes=0
produced block height=39688 tx_total=0 successes=0
produced block height=39689 tx_total=0 successes=0
produced block height=39690 tx_total=0 successes=0
produced block height=39691 tx_total=0 successes=0
produced block height=39692 tx_total=0 successes=0
produced block height=39693 tx_total=0 successes=0
produced block height=39694 tx_total=0 successes=0
produced block height=39695 tx_total=0 successes=0
produced block height=39696 tx_total=0 successes=0
produced block height=39697 tx_total=0 successes=0
produced block height=39698 tx_total=0 successes=0
produced block height=39699 tx_total=0 successes=0
produced block height=39700 tx_total=0 successes=0
produced block height=39701 tx_total=0 successes=0
produced block height=39702 tx_total=0 successes=0
produced block height=39703 tx_total=0 successes=0
produced block height=39704 tx_total=0 successes=0
produced block height=39705 tx_total=0 successes=0
produced block height=39706 tx_total=0 successes=0
produced block height=39707 tx_total=0 successes=0
produced block height=39708 tx_total=0 successes=0
produced block height=39709 tx_total=0 successes=0
produced block height=39710 tx_total=0 successes=0
produced block height=39711 tx_total=0 successes=0
produced block height=39712 tx_total=0 successes=0
produced block height=39713 tx_total=0 successes=0
produced block height=39714 tx_total=0 successes=0
produced block height=39715 tx_total=0 successes=0
produced block height=39716 tx_total=0 successes=0
produced block height=39717 tx_total=0 successes=0
produced block height=39718 tx_total=0 successes=0
produced block height=39719 tx_total=0 successes=0
produced block height=39720 tx_total=0 successes=0
produced block height=39721 tx_total=0 successes=0
produced block height=39722 tx_total=0 successes=0
produced block height=39723 tx_total=0 successes=0
produced block height=39724 tx_total=0 successes=0
produced block height=39725 tx_total=0 successes=0
produced block height=39726 tx_total=0 successes=0
produced block height=39727 tx_total=0 successes=0
produced block height=39728 tx_total=0 successes=0
produced block height=39729 tx_total=0 successes=0
produced block height=39730 tx_total=0 successes=0
produced block height=39731 tx_total=0 successes=0
produced block height=39732 tx_total=0 successes=0
produced block height=39733 tx_total=0 successes=0
produced block height=39734 tx_total=0 successes=0
produced block height=39735 tx_total=0 successes=0
produced block height=39736 tx_total=0 successes=0
produced block height=39737 tx_total=0 successes=0
produced block height=39738 tx_total=0 successes=0
produced block height=39739 tx_total=0 successes=0
produced block height=39740 tx_total=0 successes=0
produced block height=39741 tx_total=0 successes=0
produced block height=39742 tx_total=0 successes=0
produced block height=39743 tx_total=0 successes=0
produced block height=39744 tx_total=0 successes=0
produced block height=39745 tx_total=0 successes=0
produced block height=39746 tx_total=0 successes=0
produced block height=39747 tx_total=0 successes=0
produced block height=39748 tx_total=0 successes=0
produced block height=39749 tx_total=0 successes=0
produced block height=39750 tx_total=0 successes=0
produced block height=39751 tx_total=0 successes=0
produced block height=39752 tx_total=0 successes=0
produced block height=39753 tx_total=0 successes=0
produced block height=39754 tx_total=0 successes=0
produced block height=39755 tx_total=0 successes=0
produced block height=39756 tx_total=0 successes=0
produced block height=39757 tx_total=0 successes=0
produced block height=39758 tx_total=0 successes=0
produced block height=39759 tx_total=0 successes=0
produced block height=39760 tx_total=0 successes=0
produced block height=39761 tx_total=0 successes=0
produced block height=39762 tx_total=0 successes=0
produced block height=39763 tx_total=0 successes=0
produced block height=39764 tx_total=0 successes=0
produced block height=39765 tx_total=0 successes=0
produced block height=39766 tx_total=0 successes=0
produced block height=39767 tx_total=0 successes=0
produced block height=39768 tx_total=0 successes=0
produced block height=39769 tx_total=0 successes=0
produced block height=39770 tx_total=0 successes=0
produced block height=39771 tx_total=0 successes=0
produced block height=39772 tx_total=0 successes=0
produced block height=39773 tx_total=0 successes=0
produced block height=39774 tx_total=0 successes=0
produced block height=39775 tx_total=0 successes=0
produced block height=39776 tx_total=0 successes=0
produced block height=39777 tx_total=0 successes=0
produced block height=39778 tx_total=0 successes=0
produced block height=39779 tx_total=0 successes=0
produced block height=39780 tx_total=0 successes=0
produced block height=39781 tx_total=0 successes=0
produced block height=39782 tx_total=0 successes=0
produced block height=39783 tx_total=0 successes=0
produced block height=39784 tx_total=0 successes=0
produced block height=39785 tx_total=0 successes=0
produced block height=39786 tx_total=0 successes=0
produced block height=39787 tx_total=0 successes=0
produced block height=39788 tx_total=0 successes=0
produced block height=39789 tx_total=0 successes=0
produced block height=39790 tx_total=0 successes=0
produced block height=39791 tx_total=0 successes=0
produced block height=39792 tx_total=0 successes=0
produced block height=39793 tx_total=0 successes=0
produced block height=39794 tx_total=0 successes=0
produced block height=39795 tx_total=0 successes=0
produced block height=39796 tx_total=0 successes=0
produced block height=39797 tx_total=0 successes=0
produced block height=39798 tx_total=0 successes=0
produced block height=39799 tx_total=0 successes=0
produced block height=39800 tx_total=0 successes=0
produced block height=39801 tx_total=0 successes=0
produced block height=39802 tx_total=0 successes=0
produced block height=39803 tx_total=0 successes=0
produced block height=39804 tx_total=0 successes=0
produced block height=39805 tx_total=0 successes=0
produced block height=39806 tx_total=0 successes=0
produced block height=39807 tx_total=0 successes=0
produced block height=39808 tx_total=0 successes=0
produced block height=39809 tx_total=0 successes=0
produced block height=39810 tx_total=0 successes=0
produced block height=39811 tx_total=0 successes=0
produced block height=39812 tx_total=0 successes=0
produced block height=39813 tx_total=0 successes=0
produced block height=39814 tx_total=0 successes=0
produced block height=39815 tx_total=0 successes=0
produced block height=39816 tx_total=0 successes=0
produced block height=39817 tx_total=0 successes=0
produced block height=39818 tx_total=0 successes=0
produced block height=39819 tx_total=0 successes=0
produced block height=39820 tx_total=0 successes=0
produced block height=39821 tx_total=0 successes=0
produced block height=39822 tx_total=0 successes=0
produced block height=39823 tx_total=0 successes=0
produced block height=39824 tx_total=0 successes=0
produced block height=39825 tx_total=0 successes=0
produced block height=39826 tx_total=0 successes=0
produced block height=39827 tx_total=0 successes=0
produced block height=39828 tx_total=0 successes=0
produced block height=39829 tx_total=0 successes=0
produced block height=39830 tx_total=0 successes=0
produced block height=39831 tx_total=0 successes=0
produced block height=39832 tx_total=0 successes=0
produced block height=39833 tx_total=0 successes=0
produced block height=39834 tx_total=0 successes=0
produced block height=39835 tx_total=0 successes=0
produced block height=39836 tx_total=0 successes=0
produced block height=39837 tx_total=0 successes=0
produced block height=39838 tx_total=0 successes=0
produced block height=39839 tx_total=0 successes=0
produced block height=39840 tx_total=0 successes=0
produced block height=39841 tx_total=0 successes=0
produced block height=39842 tx_total=0 successes=0
produced block height=39843 tx_total=0 successes=0
produced block height=39844 tx_total=0 successes=0
produced block height=39845 tx_total=0 successes=0
produced block height=39846 tx_total=0 successes=0
produced block height=39847 tx_total=0 successes=0
produced block height=39848 tx_total=0 successes=0
produced block height=39849 tx_total=0 successes=0
produced block height=39850 tx_total=0 successes=0
produced block height=39851 tx_total=0 successes=0
produced block height=39852 tx_total=0 successes=0
produced block height=39853 tx_total=0 successes=0
produced block height=39854 tx_total=0 successes=0
produced block height=39855 tx_total=0 successes=0
produced block height=39856 tx_total=0 successes=0
produced block height=39857 tx_total=0 successes=0
produced block height=39858 tx_total=0 successes=0
produced block height=39859 tx_total=0 successes=0
produced block height=39860 tx_total=0 successes=0
produced block height=39861 tx_total=0 successes=0
produced block height=39862 tx_total=0 successes=0
produced block height=39863 tx_total=0 successes=0
produced block height=39864 tx_total=0 successes=0
produced block height=39865 tx_total=0 successes=0
produced block height=39866 tx_total=0 successes=0
produced block height=39867 tx_total=0 successes=0
produced block height=39868 tx_total=0 successes=0
produced block height=39869 tx_total=0 successes=0
produced block height=39870 tx_total=0 successes=0
produced block height=39871 tx_total=0 successes=0
produced block height=39872 tx_total=0 successes=0
produced block height=39873 tx_total=0 successes=0
produced block height=39874 tx_total=0 successes=0
produced block height=39875 tx_total=0 successes=0
produced block height=39876 tx_total=0 successes=0
produced block height=39877 tx_total=0 successes=0
produced block height=39878 tx_total=0 successes=0
produced block height=39879 tx_total=0 successes=0
produced block height=39880 tx_total=0 successes=0
produced block height=39881 tx_total=0 successes=0
produced block height=39882 tx_total=0 successes=0
produced block height=39883 tx_total=0 successes=0
produced block height=39884 tx_total=0 successes=0
produced block height=39885 tx_total=0 successes=0
produced block height=39886 tx_total=0 successes=0
produced block height=39887 tx_total=0 successes=0
produced block height=39888 tx_total=0 successes=0
produced block height=39889 tx_total=0 successes=0
produced block height=39890 tx_total=0 successes=0
produced block height=39891 tx_total=0 successes=0
produced block height=39892 tx_total=0 successes=0
produced block height=39893 tx_total=0 successes=0
produced block height=39894 tx_total=0 successes=0
produced block height=39895 tx_total=0 successes=0
produced block height=39896 tx_total=0 successes=0
produced block height=39897 tx_total=0 successes=0
produced block height=39898 tx_total=0 successes=0
produced block height=39899 tx_total=0 successes=0
produced block height=39900 tx_total=0 successes=0
produced block height=39901 tx_total=0 successes=0
produced block height=39902 tx_total=0 successes=0
produced block height=39903 tx_total=0 successes=0
produced block height=39904 tx_total=0 successes=0
produced block height=39905 tx_total=0 successes=0
produced block height=39906 tx_total=0 successes=0
produced block height=39907 tx_total=0 successes=0
produced block height=39908 tx_total=0 successes=0
produced block height=39909 tx_total=0 successes=0
produced block height=39910 tx_total=0 successes=0
produced block height=39911 tx_total=0 successes=0
produced block height=39912 tx_total=0 successes=0
produced block height=39913 tx_total=0 successes=0
produced block height=39914 tx_total=0 successes=0
produced block height=39915 tx_total=0 successes=0
produced block height=39916 tx_total=0 successes=0
produced block height=39917 tx_total=0 successes=0
produced block height=39918 tx_total=0 successes=0
produced block height=39919 tx_total=0 successes=0
produced block height=39920 tx_total=0 successes=0
produced block height=39921 tx_total=0 successes=0
produced block height=39922 tx_total=0 successes=0
produced block height=39923 tx_total=0 successes=0
produced block height=39924 tx_total=0 successes=0
produced block height=39925 tx_total=0 successes=0
produced block height=39926 tx_total=0 successes=0
produced block height=39927 tx_total=0 successes=0
produced block height=39928 tx_total=0 successes=0
produced block height=39929 tx_total=0 successes=0
produced block height=39930 tx_total=0 successes=0
produced block height=39931 tx_total=0 successes=0
produced block height=39932 tx_total=0 successes=0
produced block height=39933 tx_total=0 successes=0
produced block height=39934 tx_total=0 successes=0
produced block height=39935 tx_total=0 successes=0
produced block height=39936 tx_total=0 successes=0
produced block height=39937 tx_total=0 successes=0
produced block height=39938 tx_total=0 successes=0
produced block height=39939 tx_total=0 successes=0
produced block height=39940 tx_total=0 successes=0
produced block height=39941 tx_total=0 successes=0
produced block height=39942 tx_total=0 successes=0
produced block height=39943 tx_total=0 successes=0
produced block height=39944 tx_total=0 successes=0
produced block height=39945 tx_total=0 successes=0
produced block height=39946 tx_total=0 successes=0
produced block height=39947 tx_total=0 successes=0
produced block height=39948 tx_total=0 successes=0
produced block height=39949 tx_total=0 successes=0
produced block height=39950 tx_total=0 successes=0
produced block height=39951 tx_total=0 successes=0
produced block height=39952 tx_total=0 successes=0
produced block height=39953 tx_total=0 successes=0
produced block height=39954 tx_total=0 successes=0
produced block height=39955 tx_total=0 successes=0
produced block height=39956 tx_total=0 successes=0
produced block height=39957 tx_total=0 successes=0
produced block height=39958 tx_total=0 successes=0
produced block height=39959 tx_total=0 successes=0
produced block height=39960 tx_total=0 successes=0
produced block height=39961 tx_total=0 successes=0
produced block height=39962 tx_total=0 successes=0
produced block height=39963 tx_total=0 successes=0
produced block height=39964 tx_total=0 successes=0
produced block height=39965 tx_total=0 successes=0
produced block height=39966 tx_total=0 successes=0
produced block height=39967 tx_total=0 successes=0
produced block height=39968 tx_total=0 successes=0
produced block height=39969 tx_total=0 successes=0
produced block height=39970 tx_total=0 successes=0
produced block height=39971 tx_total=0 successes=0
produced block height=39972 tx_total=0 successes=0
produced block height=39973 tx_total=0 successes=0
produced block height=39974 tx_total=0 successes=0
produced block height=39975 tx_total=0 successes=0
produced block height=39976 tx_total=0 successes=0
produced block height=39977 tx_total=0 successes=0
produced block height=39978 tx_total=0 successes=0
produced block height=39979 tx_total=0 successes=0
produced block height=39980 tx_total=0 successes=0
produced block height=39981 tx_total=0 successes=0
produced block height=39982 tx_total=0 successes=0
produced block height=39983 tx_total=0 successes=0
produced block height=39984 tx_total=0 successes=0
produced block height=39985 tx_total=0 successes=0
produced block height=39986 tx_total=0 successes=0
produced block height=39987 tx_total=0 successes=0
produced block height=39988 tx_total=0 successes=0
produced block height=39989 tx_total=0 successes=0
produced block height=39990 tx_total=0 successes=0
produced block height=39991 tx_total=0 successes=0
produced block height=39992 tx_total=0 successes=0
produced block height=39993 tx_total=0 successes=0
produced block height=39994 tx_total=0 successes=0
produced block height=39995 tx_total=0 successes=0
produced block height=39996 tx_total=0 successes=0
produced block height=39997 tx_total=0 successes=0
produced block height=39998 tx_total=0 successes=0
produced block height=39999 tx_total=0 successes=0
produced block height=40000 tx_total=0 successes=0
produced block height=40001 tx_total=0 successes=0
produced block height=40002 tx_total=0 successes=0
produced block height=40003 tx_total=0 successes=0
produced block height=40004 tx_total=0 successes=0
produced block height=40005 tx_total=0 successes=0
produced block height=40006 tx_total=0 successes=0
produced block height=40007 tx_total=0 successes=0
produced block height=40008 tx_total=0 successes=0
produced block height=40009 tx_total=0 successes=0
produced block height=40010 tx_total=0 successes=0
produced block height=40011 tx_total=0 successes=0
produced block height=40012 tx_total=0 successes=0
produced block height=40013 tx_total=0 successes=0
produced block height=40014 tx_total=0 successes=0
produced block height=40015 tx_total=0 successes=0
produced block height=40016 tx_total=0 successes=0
produced block height=40017 tx_total=0 successes=0
produced block height=40018 tx_total=0 successes=0
produced block height=40019 tx_total=0 successes=0
produced block height=40020 tx_total=0 successes=0
produced block height=40021 tx_total=0 successes=0
produced block height=40022 tx_total=0 successes=0
produced block height=40023 tx_total=0 successes=0
produced block height=40024 tx_total=0 successes=0
produced block height=40025 tx_total=0 successes=0
produced block height=40026 tx_total=0 successes=0
produced block height=40027 tx_total=0 successes=0
produced block height=40028 tx_total=0 successes=0
produced block height=40029 tx_total=0 successes=0
produced block height=40030 tx_total=0 successes=0
produced block height=40031 tx_total=0 successes=0
produced block height=40032 tx_total=0 successes=0
produced block height=40033 tx_total=0 successes=0
produced block height=40034 tx_total=0 successes=0
produced block height=40035 tx_total=0 successes=0
produced block height=40036 tx_total=0 successes=0
produced block height=40037 tx_total=0 successes=0
produced block height=40038 tx_total=0 successes=0
produced block height=40039 tx_total=0 successes=0
produced block height=40040 tx_total=0 successes=0
produced block height=40041 tx_total=0 successes=0
produced block height=40042 tx_total=0 successes=0
produced block height=40043 tx_total=0 successes=0
produced block height=40044 tx_total=0 successes=0
produced block height=40045 tx_total=0 successes=0
produced block height=40046 tx_total=0 successes=0
produced block height=40047 tx_total=0 successes=0
produced block height=40048 tx_total=0 successes=0
produced block height=40049 tx_total=0 successes=0
produced block height=40050 tx_total=0 successes=0
produced block height=40051 tx_total=0 successes=0
produced block height=40052 tx_total=0 successes=0
produced block height=40053 tx_total=0 successes=0
produced block height=40054 tx_total=0 successes=0
produced block height=40055 tx_total=0 successes=0
produced block height=40056 tx_total=0 successes=0
produced block height=40057 tx_total=0 successes=0
produced block height=40058 tx_total=0 successes=0
produced block height=40059 tx_total=0 successes=0
produced block height=40060 tx_total=0 successes=0
produced block height=40061 tx_total=0 successes=0
produced block height=40062 tx_total=0 successes=0
produced block height=40063 tx_total=0 successes=0
produced block height=40064 tx_total=0 successes=0
produced block height=40065 tx_total=0 successes=0
produced block height=40066 tx_total=0 successes=0
produced block height=40067 tx_total=0 successes=0
produced block height=40068 tx_total=0 successes=0
produced block height=40069 tx_total=0 successes=0
produced block height=40070 tx_total=0 successes=0
produced block height=40071 tx_total=0 successes=0
produced block height=40072 tx_total=0 successes=0
produced block height=40073 tx_total=0 successes=0
produced block height=40074 tx_total=0 successes=0
produced block height=40075 tx_total=0 successes=0
produced block height=40076 tx_total=0 successes=0
produced block height=40077 tx_total=0 successes=0
produced block height=40078 tx_total=0 successes=0
produced block height=40079 tx_total=0 successes=0
produced block height=40080 tx_total=0 successes=0
produced block height=40081 tx_total=0 successes=0
produced block height=40082 tx_total=0 successes=0
produced block height=40083 tx_total=0 successes=0
produced block height=40084 tx_total=0 successes=0
produced block height=40085 tx_total=0 successes=0
produced block height=40086 tx_total=0 successes=0
produced block height=40087 tx_total=0 successes=0
produced block height=40088 tx_total=0 successes=0
produced block height=40089 tx_total=0 successes=0
produced block height=40090 tx_total=0 successes=0
produced block height=40091 tx_total=0 successes=0
produced block height=40092 tx_total=0 successes=0
produced block height=40093 tx_total=0 successes=0
produced block height=40094 tx_total=0 successes=0
produced block height=40095 tx_total=0 successes=0
produced block height=40096 tx_total=0 successes=0
produced block height=40097 tx_total=0 successes=0
produced block height=40098 tx_total=0 successes=0
produced block height=40099 tx_total=0 successes=0
produced block height=40100 tx_total=0 successes=0
produced block height=40101 tx_total=0 successes=0
produced block height=40102 tx_total=0 successes=0
produced block height=40103 tx_total=0 successes=0
produced block height=40104 tx_total=0 successes=0
produced block height=40105 tx_total=0 successes=0
produced block height=40106 tx_total=0 successes=0
produced block height=40107 tx_total=0 successes=0
produced block height=40108 tx_total=0 successes=0
produced block height=40109 tx_total=0 successes=0
produced block height=40110 tx_total=0 successes=0
produced block height=40111 tx_total=0 successes=0
produced block height=40112 tx_total=0 successes=0
produced block height=40113 tx_total=0 successes=0
produced block height=40114 tx_total=0 successes=0
produced block height=40115 tx_total=0 successes=0
produced block height=40116 tx_total=0 successes=0
produced block height=40117 tx_total=0 successes=0
produced block height=40118 tx_total=0 successes=0
produced block height=40119 tx_total=0 successes=0
produced block height=40120 tx_total=0 successes=0
produced block height=40121 tx_total=0 successes=0
produced block height=40122 tx_total=0 successes=0
produced block height=40123 tx_total=0 successes=0
produced block height=40124 tx_total=0 successes=0
produced block height=40125 tx_total=0 successes=0
produced block height=40126 tx_total=0 successes=0
produced block height=40127 tx_total=0 successes=0
produced block height=40128 tx_total=0 successes=0
produced block height=40129 tx_total=0 successes=0
produced block height=40130 tx_total=0 successes=0
produced block height=40131 tx_total=0 successes=0
produced block height=40132 tx_total=0 successes=0
produced block height=40133 tx_total=0 successes=0
produced block height=40134 tx_total=0 successes=0
produced block height=40135 tx_total=0 successes=0
produced block height=40136 tx_total=0 successes=0
produced block height=40137 tx_total=0 successes=0
produced block height=40138 tx_total=0 successes=0
produced block height=40139 tx_total=0 successes=0
produced block height=40140 tx_total=0 successes=0
produced block height=40141 tx_total=0 successes=0
produced block height=40142 tx_total=0 successes=0
produced block height=40143 tx_total=0 successes=0
produced block height=40144 tx_total=0 successes=0
produced block height=40145 tx_total=0 successes=0
produced block height=40146 tx_total=0 successes=0
produced block height=40147 tx_total=0 successes=0
produced block height=40148 tx_total=0 successes=0
produced block height=40149 tx_total=0 successes=0
produced block height=40150 tx_total=0 successes=0
produced block height=40151 tx_total=0 successes=0
produced block height=40152 tx_total=0 successes=0
produced block height=40153 tx_total=0 successes=0
produced block height=40154 tx_total=0 successes=0
produced block height=40155 tx_total=0 successes=0
produced block height=40156 tx_total=0 successes=0
produced block height=40157 tx_total=0 successes=0
produced block height=40158 tx_total=0 successes=0
produced block height=40159 tx_total=0 successes=0
produced block height=40160 tx_total=0 successes=0
produced block height=40161 tx_total=0 successes=0
produced block height=40162 tx_total=0 successes=0
produced block height=40163 tx_total=0 successes=0
produced block height=40164 tx_total=0 successes=0
produced block height=40165 tx_total=0 successes=0
produced block height=40166 tx_total=0 successes=0
produced block height=40167 tx_total=0 successes=0
produced block height=40168 tx_total=0 successes=0
produced block height=40169 tx_total=0 successes=0
produced block height=40170 tx_total=0 successes=0
produced block height=40171 tx_total=0 successes=0
produced block height=40172 tx_total=0 successes=0
produced block height=40173 tx_total=0 successes=0
produced block height=40174 tx_total=0 successes=0
produced block height=40175 tx_total=0 successes=0
produced block height=40176 tx_total=0 successes=0
produced block height=40177 tx_total=0 successes=0
produced block height=40178 tx_total=0 successes=0
produced block height=40179 tx_total=0 successes=0
produced block height=40180 tx_total=0 successes=0
produced block height=40181 tx_total=0 successes=0
produced block height=40182 tx_total=0 successes=0
produced block height=40183 tx_total=0 successes=0
produced block height=40184 tx_total=0 successes=0
produced block height=40185 tx_total=0 successes=0
produced block height=40186 tx_total=0 successes=0
produced block height=40187 tx_total=0 successes=0
produced block height=40188 tx_total=0 successes=0
produced block height=40189 tx_total=0 successes=0
produced block height=40190 tx_total=0 successes=0
produced block height=40191 tx_total=0 successes=0
produced block height=40192 tx_total=0 successes=0
produced block height=40193 tx_total=0 successes=0
produced block height=40194 tx_total=0 successes=0
produced block height=40195 tx_total=0 successes=0
produced block height=40196 tx_total=0 successes=0
produced block height=40197 tx_total=0 successes=0
produced block height=40198 tx_total=0 successes=0
produced block height=40199 tx_total=0 successes=0
produced block height=40200 tx_total=0 successes=0
produced block height=40201 tx_total=0 successes=0
produced block height=40202 tx_total=0 successes=0
produced block height=40203 tx_total=0 successes=0
produced block height=40204 tx_total=0 successes=0
produced block height=40205 tx_total=0 successes=0
produced block height=40206 tx_total=0 successes=0
produced block height=40207 tx_total=0 successes=0
produced block height=40208 tx_total=0 successes=0
produced block height=40209 tx_total=0 successes=0
produced block height=40210 tx_total=0 successes=0
produced block height=40211 tx_total=0 successes=0
produced block height=40212 tx_total=0 successes=0
produced block height=40213 tx_total=0 successes=0
produced block height=40214 tx_total=0 successes=0
produced block height=40215 tx_total=0 successes=0
produced block height=40216 tx_total=0 successes=0
produced block height=40217 tx_total=0 successes=0
produced block height=40218 tx_total=0 successes=0
produced block height=40219 tx_total=0 successes=0
produced block height=40220 tx_total=0 successes=0
produced block height=40221 tx_total=0 successes=0
produced block height=40222 tx_total=0 successes=0
produced block height=40223 tx_total=0 successes=0
produced block height=40224 tx_total=0 successes=0
produced block height=40225 tx_total=0 successes=0
produced block height=40226 tx_total=0 successes=0
produced block height=40227 tx_total=0 successes=0
produced block height=40228 tx_total=0 successes=0
produced block height=40229 tx_total=0 successes=0
produced block height=40230 tx_total=0 successes=0
produced block height=40231 tx_total=0 successes=0
produced block height=40232 tx_total=0 successes=0
produced block height=40233 tx_total=0 successes=0
produced block height=40234 tx_total=0 successes=0
produced block height=40235 tx_total=0 successes=0
produced block height=40236 tx_total=0 successes=0
produced block height=40237 tx_total=0 successes=0
produced block height=40238 tx_total=0 successes=0
produced block height=40239 tx_total=0 successes=0
produced block height=40240 tx_total=0 successes=0
produced block height=40241 tx_total=0 successes=0
produced block height=40242 tx_total=0 successes=0
produced block height=40243 tx_total=0 successes=0
produced block height=40244 tx_total=0 successes=0
produced block height=40245 tx_total=0 successes=0
produced block height=40246 tx_total=0 successes=0
produced block height=40247 tx_total=0 successes=0
produced block height=40248 tx_total=0 successes=0
produced block height=40249 tx_total=0 successes=0
produced block height=40250 tx_total=0 successes=0
produced block height=40251 tx_total=0 successes=0
produced block height=40252 tx_total=0 successes=0
produced block height=40253 tx_total=0 successes=0
produced block height=40254 tx_total=0 successes=0
produced block height=40255 tx_total=0 successes=0
produced block height=40256 tx_total=0 successes=0
produced block height=40257 tx_total=0 successes=0
produced block height=40258 tx_total=0 successes=0
produced block height=40259 tx_total=0 successes=0
produced block height=40260 tx_total=0 successes=0
produced block height=40261 tx_total=0 successes=0
produced block height=40262 tx_total=0 successes=0
produced block height=40263 tx_total=0 successes=0
produced block height=40264 tx_total=0 successes=0
produced block height=40265 tx_total=0 successes=0
produced block height=40266 tx_total=0 successes=0
produced block height=40267 tx_total=0 successes=0
produced block height=40268 tx_total=0 successes=0
produced block height=40269 tx_total=0 successes=0
produced block height=40270 tx_total=0 successes=0
produced block height=40271 tx_total=0 successes=0
produced block height=40272 tx_total=0 successes=0
produced block height=40273 tx_total=0 successes=0
produced block height=40274 tx_total=0 successes=0
produced block height=40275 tx_total=0 successes=0
produced block height=40276 tx_total=0 successes=0
produced block height=40277 tx_total=0 successes=0
produced block height=40278 tx_total=0 successes=0
produced block height=40279 tx_total=0 successes=0
produced block height=40280 tx_total=0 successes=0
produced block height=40281 tx_total=0 successes=0
produced block height=40282 tx_total=0 successes=0
produced block height=40283 tx_total=0 successes=0
produced block height=40284 tx_total=0 successes=0
produced block height=40285 tx_total=0 successes=0
produced block height=40286 tx_total=0 successes=0
produced block height=40287 tx_total=0 successes=0
produced block height=40288 tx_total=0 successes=0
produced block height=40289 tx_total=0 successes=0
produced block height=40290 tx_total=0 successes=0
produced block height=40291 tx_total=0 successes=0
produced block height=40292 tx_total=0 successes=0
produced block height=40293 tx_total=0 successes=0
produced block height=40294 tx_total=0 successes=0
produced block height=40295 tx_total=0 successes=0
produced block height=40296 tx_total=0 successes=0
produced block height=40297 tx_total=0 successes=0
produced block height=40298 tx_total=0 successes=0
produced block height=40299 tx_total=0 successes=0
produced block height=40300 tx_total=0 successes=0
produced block height=40301 tx_total=0 successes=0
produced block height=40302 tx_total=0 successes=0
produced block height=40303 tx_total=0 successes=0
produced block height=40304 tx_total=0 successes=0
produced block height=40305 tx_total=0 successes=0
produced block height=40306 tx_total=0 successes=0
produced block height=40307 tx_total=0 successes=0
produced block height=40308 tx_total=0 successes=0
produced block height=40309 tx_total=0 successes=0
produced block height=40310 tx_total=0 successes=0
produced block height=40311 tx_total=0 successes=0
produced block height=40312 tx_total=0 successes=0
produced block height=40313 tx_total=0 successes=0
produced block height=40314 tx_total=0 successes=0
produced block height=40315 tx_total=0 successes=0
produced block height=40316 tx_total=0 successes=0
produced block height=40317 tx_total=0 successes=0
produced block height=40318 tx_total=0 successes=0
produced block height=40319 tx_total=0 successes=0
produced block height=40320 tx_total=0 successes=0
produced block height=40321 tx_total=0 successes=0
produced block height=40322 tx_total=0 successes=0
produced block height=40323 tx_total=0 successes=0
produced block height=40324 tx_total=0 successes=0
produced block height=40325 tx_total=0 successes=0
produced block height=40326 tx_total=0 successes=0
produced block height=40327 tx_total=0 successes=0
produced block height=40328 tx_total=0 successes=0
produced block height=40329 tx_total=0 successes=0
produced block height=40330 tx_total=0 successes=0
produced block height=40331 tx_total=0 successes=0
produced block height=40332 tx_total=0 successes=0
produced block height=40333 tx_total=0 successes=0
produced block height=40334 tx_total=0 successes=0
produced block height=40335 tx_total=0 successes=0
produced block height=40336 tx_total=0 successes=0
produced block height=40337 tx_total=0 successes=0
produced block height=40338 tx_total=0 successes=0
produced block height=40339 tx_total=0 successes=0
produced block height=40340 tx_total=0 successes=0
produced block height=40341 tx_total=0 successes=0
produced block height=40342 tx_total=0 successes=0
produced block height=40343 tx_total=0 successes=0
produced block height=40344 tx_total=0 successes=0
produced block height=40345 tx_total=0 successes=0
produced block height=40346 tx_total=0 successes=0
produced block height=40347 tx_total=0 successes=0
produced block height=40348 tx_total=0 successes=0
produced block height=40349 tx_total=0 successes=0
produced block height=40350 tx_total=0 successes=0
produced block height=40351 tx_total=0 successes=0
produced block height=40352 tx_total=0 successes=0
produced block height=40353 tx_total=0 successes=0
produced block height=40354 tx_total=0 successes=0
produced block height=40355 tx_total=0 successes=0
produced block height=40356 tx_total=0 successes=0
produced block height=40357 tx_total=0 successes=0
produced block height=40358 tx_total=0 successes=0
produced block height=40359 tx_total=0 successes=0
produced block height=40360 tx_total=0 successes=0
produced block height=40361 tx_total=0 successes=0
produced block height=40362 tx_total=0 successes=0
produced block height=40363 tx_total=0 successes=0
produced block height=40364 tx_total=0 successes=0
produced block height=40365 tx_total=0 successes=0
produced block height=40366 tx_total=0 successes=0
produced block height=40367 tx_total=0 successes=0
produced block height=40368 tx_total=0 successes=0
produced block height=40369 tx_total=0 successes=0
produced block height=40370 tx_total=0 successes=0
produced block height=40371 tx_total=0 successes=0
produced block height=40372 tx_total=0 successes=0
produced block height=40373 tx_total=0 successes=0
produced block height=40374 tx_total=0 successes=0
produced block height=40375 tx_total=0 successes=0
produced block height=40376 tx_total=0 successes=0
produced block height=40377 tx_total=0 successes=0
produced block height=40378 tx_total=0 successes=0
produced block height=40379 tx_total=0 successes=0
produced block height=40380 tx_total=0 successes=0
produced block height=40381 tx_total=0 successes=0
produced block height=40382 tx_total=0 successes=0
produced block height=40383 tx_total=0 successes=0
produced block height=40384 tx_total=0 successes=0
produced block height=40385 tx_total=0 successes=0
produced block height=40386 tx_total=0 successes=0
produced block height=40387 tx_total=0 successes=0
produced block height=40388 tx_total=0 successes=0
produced block height=40389 tx_total=0 successes=0
produced block height=40390 tx_total=0 successes=0
produced block height=40391 tx_total=0 successes=0
produced block height=40392 tx_total=0 successes=0
produced block height=40393 tx_total=0 successes=0
produced block height=40394 tx_total=0 successes=0
produced block height=40395 tx_total=0 successes=0
produced block height=40396 tx_total=0 successes=0
produced block height=40397 tx_total=0 successes=0
produced block height=40398 tx_total=0 successes=0
produced block height=40399 tx_total=0 successes=0
produced block height=40400 tx_total=0 successes=0
produced block height=40401 tx_total=0 successes=0
produced block height=40402 tx_total=0 successes=0
produced block height=40403 tx_total=0 successes=0
produced block height=40404 tx_total=0 successes=0
produced block height=40405 tx_total=0 successes=0
produced block height=40406 tx_total=0 successes=0
produced block height=40407 tx_total=0 successes=0
produced block height=40408 tx_total=0 successes=0
produced block height=40409 tx_total=0 successes=0
produced block height=40410 tx_total=0 successes=0
produced block height=40411 tx_total=0 successes=0
produced block height=40412 tx_total=0 successes=0
produced block height=40413 tx_total=0 successes=0
produced block height=40414 tx_total=0 successes=0
produced block height=40415 tx_total=0 successes=0
produced block height=40416 tx_total=0 successes=0
produced block height=40417 tx_total=0 successes=0
produced block height=40418 tx_total=0 successes=0
produced block height=40419 tx_total=0 successes=0
produced block height=40420 tx_total=0 successes=0
produced block height=40421 tx_total=0 successes=0
produced block height=40422 tx_total=0 successes=0
produced block height=40423 tx_total=0 successes=0
produced block height=40424 tx_total=0 successes=0
produced block height=40425 tx_total=0 successes=0
produced block height=40426 tx_total=0 successes=0
produced block height=40427 tx_total=0 successes=0
produced block height=40428 tx_total=0 successes=0
produced block height=40429 tx_total=0 successes=0
produced block height=40430 tx_total=0 successes=0
produced block height=40431 tx_total=0 successes=0
produced block height=40432 tx_total=0 successes=0
produced block height=40433 tx_total=0 successes=0
produced block height=40434 tx_total=0 successes=0
produced block height=40435 tx_total=0 successes=0
produced block height=40436 tx_total=0 successes=0
produced block height=40437 tx_total=0 successes=0
produced block height=40438 tx_total=0 successes=0
produced block height=40439 tx_total=0 successes=0
produced block height=40440 tx_total=0 successes=0
produced block height=40441 tx_total=0 successes=0
produced block height=40442 tx_total=0 successes=0
produced block height=40443 tx_total=0 successes=0
produced block height=40444 tx_total=0 successes=0
produced block height=40445 tx_total=0 successes=0
produced block height=40446 tx_total=0 successes=0
produced block height=40447 tx_total=0 successes=0
produced block height=40448 tx_total=0 successes=0
produced block height=40449 tx_total=0 successes=0
produced block height=40450 tx_total=0 successes=0
produced block height=40451 tx_total=0 successes=0
produced block height=40452 tx_total=0 successes=0
produced block height=40453 tx_total=0 successes=0
produced block height=40454 tx_total=0 successes=0
produced block height=40455 tx_total=0 successes=0
produced block height=40456 tx_total=0 successes=0
produced block height=40457 tx_total=0 successes=0
produced block height=40458 tx_total=0 successes=0
produced block height=40459 tx_total=0 successes=0
produced block height=40460 tx_total=0 successes=0
produced block height=40461 tx_total=0 successes=0
produced block height=40462 tx_total=0 successes=0
produced block height=40463 tx_total=0 successes=0
produced block height=40464 tx_total=0 successes=0
produced block height=40465 tx_total=0 successes=0
produced block height=40466 tx_total=0 successes=0
produced block height=40467 tx_total=0 successes=0
produced block height=40468 tx_total=0 successes=0
produced block height=40469 tx_total=0 successes=0
produced block height=40470 tx_total=0 successes=0
produced block height=40471 tx_total=0 successes=0
produced block height=40472 tx_total=0 successes=0
produced block height=40473 tx_total=0 successes=0
produced block height=40474 tx_total=0 successes=0
produced block height=40475 tx_total=0 successes=0
produced block height=40476 tx_total=0 successes=0
produced block height=40477 tx_total=0 successes=0
produced block height=40478 tx_total=0 successes=0
produced block height=40479 tx_total=0 successes=0
produced block height=40480 tx_total=0 successes=0
produced block height=40481 tx_total=0 successes=0
produced block height=40482 tx_total=0 successes=0
produced block height=40483 tx_total=0 successes=0
produced block height=40484 tx_total=0 successes=0
produced block height=40485 tx_total=0 successes=0
produced block height=40486 tx_total=0 successes=0
produced block height=40487 tx_total=0 successes=0
produced block height=40488 tx_total=0 successes=0
produced block height=40489 tx_total=0 successes=0
produced block height=40490 tx_total=0 successes=0
produced block height=40491 tx_total=0 successes=0
produced block height=40492 tx_total=0 successes=0
produced block height=40493 tx_total=0 successes=0
produced block height=40494 tx_total=0 successes=0
produced block height=40495 tx_total=0 successes=0
produced block height=40496 tx_total=0 successes=0
produced block height=40497 tx_total=0 successes=0
produced block height=40498 tx_total=0 successes=0
produced block height=40499 tx_total=0 successes=0
produced block height=40500 tx_total=0 successes=0
produced block height=40501 tx_total=0 successes=0
produced block height=40502 tx_total=0 successes=0
produced block height=40503 tx_total=0 successes=0
produced block height=40504 tx_total=0 successes=0
produced block height=40505 tx_total=0 successes=0
produced block height=40506 tx_total=0 successes=0
produced block height=40507 tx_total=0 successes=0
produced block height=40508 tx_total=0 successes=0
produced block height=40509 tx_total=0 successes=0
produced block height=40510 tx_total=0 successes=0
produced block height=40511 tx_total=0 successes=0
produced block height=40512 tx_total=0 successes=0
produced block height=40513 tx_total=0 successes=0
produced block height=40514 tx_total=0 successes=0
produced block height=40515 tx_total=0 successes=0
produced block height=40516 tx_total=0 successes=0
produced block height=40517 tx_total=0 successes=0
produced block height=40518 tx_total=0 successes=0
produced block height=40519 tx_total=0 successes=0
produced block height=40520 tx_total=0 successes=0
produced block height=40521 tx_total=0 successes=0
produced block height=40522 tx_total=0 successes=0
produced block height=40523 tx_total=0 successes=0
produced block height=40524 tx_total=0 successes=0
produced block height=40525 tx_total=0 successes=0
produced block height=40526 tx_total=0 successes=0
produced block height=40527 tx_total=0 successes=0
produced block height=40528 tx_total=0 successes=0
produced block height=40529 tx_total=0 successes=0
produced block height=40530 tx_total=0 successes=0
produced block height=40531 tx_total=0 successes=0
produced block height=40532 tx_total=0 successes=0
produced block height=40533 tx_total=0 successes=0
produced block height=40534 tx_total=0 successes=0
produced block height=40535 tx_total=0 successes=0
produced block height=40536 tx_total=0 successes=0
produced block height=40537 tx_total=0 successes=0
produced block height=40538 tx_total=0 successes=0
produced block height=40539 tx_total=0 successes=0
produced block height=40540 tx_total=0 successes=0
produced block height=40541 tx_total=0 successes=0
produced block height=40542 tx_total=0 successes=0
produced block height=40543 tx_total=0 successes=0
produced block height=40544 tx_total=0 successes=0
produced block height=40545 tx_total=0 successes=0
produced block height=40546 tx_total=0 successes=0
produced block height=40547 tx_total=0 successes=0
produced block height=40548 tx_total=0 successes=0
produced block height=40549 tx_total=0 successes=0
produced block height=40550 tx_total=0 successes=0
produced block height=40551 tx_total=0 successes=0
produced block height=40552 tx_total=0 successes=0
produced block height=40553 tx_total=0 successes=0
produced block height=40554 tx_total=0 successes=0
produced block height=40555 tx_total=0 successes=0
produced block height=40556 tx_total=0 successes=0
produced block height=40557 tx_total=0 successes=0
produced block height=40558 tx_total=0 successes=0
produced block height=40559 tx_total=0 successes=0
produced block height=40560 tx_total=0 successes=0
produced block height=40561 tx_total=0 successes=0
produced block height=40562 tx_total=0 successes=0
produced block height=40563 tx_total=0 successes=0
produced block height=40564 tx_total=0 successes=0
produced block height=40565 tx_total=0 successes=0
produced block height=40566 tx_total=0 successes=0
produced block height=40567 tx_total=0 successes=0
produced block height=40568 tx_total=0 successes=0
produced block height=40569 tx_total=0 successes=0
produced block height=40570 tx_total=0 successes=0
produced block height=40571 tx_total=0 successes=0
produced block height=40572 tx_total=0 successes=0
produced block height=40573 tx_total=0 successes=0
produced block height=40574 tx_total=0 successes=0
produced block height=40575 tx_total=0 successes=0
produced block height=40576 tx_total=0 successes=0
produced block height=40577 tx_total=0 successes=0
produced block height=40578 tx_total=0 successes=0
produced block height=40579 tx_total=0 successes=0
produced block height=40580 tx_total=0 successes=0
produced block height=40581 tx_total=0 successes=0
produced block height=40582 tx_total=0 successes=0
produced block height=40583 tx_total=0 successes=0
produced block height=40584 tx_total=0 successes=0
produced block height=40585 tx_total=0 successes=0
produced block height=40586 tx_total=0 successes=0
produced block height=40587 tx_total=0 successes=0
produced block height=40588 tx_total=0 successes=0
produced block height=40589 tx_total=0 successes=0
produced block height=40590 tx_total=0 successes=0
produced block height=40591 tx_total=0 successes=0
produced block height=40592 tx_total=0 successes=0
produced block height=40593 tx_total=0 successes=0
produced block height=40594 tx_total=0 successes=0
produced block height=40595 tx_total=0 successes=0
produced block height=40596 tx_total=0 successes=0
produced block height=40597 tx_total=0 successes=0
produced block height=40598 tx_total=0 successes=0
produced block height=40599 tx_total=0 successes=0
produced block height=40600 tx_total=0 successes=0
produced block height=40601 tx_total=0 successes=0
produced block height=40602 tx_total=0 successes=0
produced block height=40603 tx_total=0 successes=0
produced block height=40604 tx_total=0 successes=0
produced block height=40605 tx_total=0 successes=0
produced block height=40606 tx_total=0 successes=0
produced block height=40607 tx_total=0 successes=0
produced block height=40608 tx_total=0 successes=0
produced block height=40609 tx_total=0 successes=0
produced block height=40610 tx_total=0 successes=0
produced block height=40611 tx_total=0 successes=0
produced block height=40612 tx_total=0 successes=0
produced block height=40613 tx_total=0 successes=0
produced block height=40614 tx_total=0 successes=0
produced block height=40615 tx_total=0 successes=0
produced block height=40616 tx_total=0 successes=0
produced block height=40617 tx_total=0 successes=0
produced block height=40618 tx_total=0 successes=0
produced block height=40619 tx_total=0 successes=0
produced block height=40620 tx_total=0 successes=0
produced block height=40621 tx_total=0 successes=0
produced block height=40622 tx_total=0 successes=0
produced block height=40623 tx_total=0 successes=0
produced block height=40624 tx_total=0 successes=0
produced block height=40625 tx_total=0 successes=0
produced block height=40626 tx_total=0 successes=0
produced block height=40627 tx_total=0 successes=0
produced block height=40628 tx_total=0 successes=0
produced block height=40629 tx_total=0 successes=0
produced block height=40630 tx_total=0 successes=0
produced block height=40631 tx_total=0 successes=0
produced block height=40632 tx_total=0 successes=0
produced block height=40633 tx_total=0 successes=0
produced block height=40634 tx_total=0 successes=0
produced block height=40635 tx_total=0 successes=0
produced block height=40636 tx_total=0 successes=0
produced block height=40637 tx_total=0 successes=0
produced block height=40638 tx_total=0 successes=0
produced block height=40639 tx_total=0 successes=0
produced block height=40640 tx_total=0 successes=0
produced block height=40641 tx_total=0 successes=0
produced block height=40642 tx_total=0 successes=0
produced block height=40643 tx_total=0 successes=0
produced block height=40644 tx_total=0 successes=0
produced block height=40645 tx_total=0 successes=0
produced block height=40646 tx_total=0 successes=0
produced block height=40647 tx_total=0 successes=0
produced block height=40648 tx_total=0 successes=0
produced block height=40649 tx_total=0 successes=0
produced block height=40650 tx_total=0 successes=0
produced block height=40651 tx_total=0 successes=0
produced block height=40652 tx_total=0 successes=0
produced block height=40653 tx_total=0 successes=0
produced block height=40654 tx_total=0 successes=0
produced block height=40655 tx_total=0 successes=0
produced block height=40656 tx_total=0 successes=0
produced block height=40657 tx_total=0 successes=0
produced block height=40658 tx_total=0 successes=0
produced block height=40659 tx_total=0 successes=0
produced block height=40660 tx_total=0 successes=0
produced block height=40661 tx_total=0 successes=0
produced block height=40662 tx_total=0 successes=0
produced block height=40663 tx_total=0 successes=0
produced block height=40664 tx_total=0 successes=0
produced block height=40665 tx_total=0 successes=0
produced block height=40666 tx_total=0 successes=0
produced block height=40667 tx_total=0 successes=0
produced block height=40668 tx_total=0 successes=0
produced block height=40669 tx_total=0 successes=0
produced block height=40670 tx_total=0 successes=0
produced block height=40671 tx_total=0 successes=0
produced block height=40672 tx_total=0 successes=0
produced block height=40673 tx_total=0 successes=0
produced block height=40674 tx_total=0 successes=0
produced block height=40675 tx_total=0 successes=0
produced block height=40676 tx_total=0 successes=0
produced block height=40677 tx_total=0 successes=0
produced block height=40678 tx_total=0 successes=0
produced block height=40679 tx_total=0 successes=0
produced block height=40680 tx_total=0 successes=0
produced block height=40681 tx_total=0 successes=0
produced block height=40682 tx_total=0 successes=0
produced block height=40683 tx_total=0 successes=0
produced block height=40684 tx_total=0 successes=0
produced block height=40685 tx_total=0 successes=0
produced block height=40686 tx_total=0 successes=0
produced block height=40687 tx_total=0 successes=0
produced block height=40688 tx_total=0 successes=0
produced block height=40689 tx_total=0 successes=0
produced block height=40690 tx_total=0 successes=0
produced block height=40691 tx_total=0 successes=0
produced block height=40692 tx_total=0 successes=0
produced block height=40693 tx_total=0 successes=0
produced block height=40694 tx_total=0 successes=0
produced block height=40695 tx_total=0 successes=0
produced block height=40696 tx_total=0 successes=0
produced block height=40697 tx_total=0 successes=0
produced block height=40698 tx_total=0 successes=0
produced block height=40699 tx_total=0 successes=0
produced block height=40700 tx_total=0 successes=0
produced block height=40701 tx_total=0 successes=0
produced block height=40702 tx_total=0 successes=0
produced block height=40703 tx_total=0 successes=0
produced block height=40704 tx_total=0 successes=0
produced block height=40705 tx_total=0 successes=0
produced block height=40706 tx_total=0 successes=0
produced block height=40707 tx_total=0 successes=0
produced block height=40708 tx_total=0 successes=0
produced block height=40709 tx_total=0 successes=0
produced block height=40710 tx_total=0 successes=0
produced block height=40711 tx_total=0 successes=0
produced block height=40712 tx_total=0 successes=0
produced block height=40713 tx_total=0 successes=0
produced block height=40714 tx_total=0 successes=0
produced block height=40715 tx_total=0 successes=0
produced block height=40716 tx_total=0 successes=0
produced block height=40717 tx_total=0 successes=0
produced block height=40718 tx_total=0 successes=0
produced block height=40719 tx_total=0 successes=0
produced block height=40720 tx_total=0 successes=0
produced block height=40721 tx_total=0 successes=0
produced block height=40722 tx_total=0 successes=0
produced block height=40723 tx_total=0 successes=0
produced block height=40724 tx_total=0 successes=0
produced block height=40725 tx_total=0 successes=0
produced block height=40726 tx_total=0 successes=0
produced block height=40727 tx_total=0 successes=0
produced block height=40728 tx_total=0 successes=0
produced block height=40729 tx_total=0 successes=0
produced block height=40730 tx_total=0 successes=0
produced block height=40731 tx_total=0 successes=0
produced block height=40732 tx_total=0 successes=0
produced block height=40733 tx_total=0 successes=0
produced block height=40734 tx_total=0 successes=0
produced block height=40735 tx_total=0 successes=0
produced block height=40736 tx_total=0 successes=0
produced block height=40737 tx_total=0 successes=0
produced block height=40738 tx_total=0 successes=0
produced block height=40739 tx_total=0 successes=0
produced block height=40740 tx_total=0 successes=0
produced block height=40741 tx_total=0 successes=0
produced block height=40742 tx_total=0 successes=0
produced block height=40743 tx_total=0 successes=0
produced block height=40744 tx_total=0 successes=0
produced block height=40745 tx_total=0 successes=0
produced block height=40746 tx_total=0 successes=0
produced block height=40747 tx_total=0 successes=0
produced block height=40748 tx_total=0 successes=0
produced block height=40749 tx_total=0 successes=0
produced block height=40750 tx_total=0 successes=0
produced block height=40751 tx_total=0 successes=0
produced block height=40752 tx_total=0 successes=0
produced block height=40753 tx_total=0 successes=0
produced block height=40754 tx_total=0 successes=0
produced block height=40755 tx_total=0 successes=0
produced block height=40756 tx_total=0 successes=0
produced block height=40757 tx_total=0 successes=0
produced block height=40758 tx_total=0 successes=0
produced block height=40759 tx_total=0 successes=0
produced block height=40760 tx_total=0 successes=0
produced block height=40761 tx_total=0 successes=0
produced block height=40762 tx_total=0 successes=0
produced block height=40763 tx_total=0 successes=0
produced block height=40764 tx_total=0 successes=0
produced block height=40765 tx_total=0 successes=0
produced block height=40766 tx_total=0 successes=0
produced block height=40767 tx_total=0 successes=0
produced block height=40768 tx_total=0 successes=0
produced block height=40769 tx_total=0 successes=0
produced block height=40770 tx_total=0 successes=0
produced block height=40771 tx_total=0 successes=0
produced block height=40772 tx_total=0 successes=0
produced block height=40773 tx_total=0 successes=0
produced block height=40774 tx_total=0 successes=0
produced block height=40775 tx_total=0 successes=0
produced block height=40776 tx_total=0 successes=0
produced block height=40777 tx_total=0 successes=0
produced block height=40778 tx_total=0 successes=0
produced block height=40779 tx_total=0 successes=0
produced block height=40780 tx_total=0 successes=0
produced block height=40781 tx_total=0 successes=0
produced block height=40782 tx_total=0 successes=0
produced block height=40783 tx_total=0 successes=0
produced block height=40784 tx_total=0 successes=0
produced block height=40785 tx_total=0 successes=0
produced block height=40786 tx_total=0 successes=0
produced block height=40787 tx_total=0 successes=0
produced block height=40788 tx_total=0 successes=0
produced block height=40789 tx_total=0 successes=0
produced block height=40790 tx_total=0 successes=0
produced block height=40791 tx_total=0 successes=0
produced block height=40792 tx_total=0 successes=0
produced block height=40793 tx_total=0 successes=0
produced block height=40794 tx_total=0 successes=0
produced block height=40795 tx_total=0 successes=0
produced block height=40796 tx_total=0 successes=0
produced block height=40797 tx_total=0 successes=0
produced block height=40798 tx_total=0 successes=0
produced block height=40799 tx_total=0 successes=0
produced block height=40800 tx_total=0 successes=0
produced block height=40801 tx_total=0 successes=0
produced block height=40802 tx_total=0 successes=0
produced block height=40803 tx_total=0 successes=0
produced block height=40804 tx_total=0 successes=0
produced block height=40805 tx_total=0 successes=0
produced block height=40806 tx_total=0 successes=0
produced block height=40807 tx_total=0 successes=0
produced block height=40808 tx_total=0 successes=0
produced block height=40809 tx_total=0 successes=0
produced block height=40810 tx_total=0 successes=0
produced block height=40811 tx_total=0 successes=0
produced block height=40812 tx_total=0 successes=0
produced block height=40813 tx_total=0 successes=0
produced block height=40814 tx_total=0 successes=0
produced block height=40815 tx_total=0 successes=0
produced block height=40816 tx_total=0 successes=0
produced block height=40817 tx_total=0 successes=0
produced block height=40818 tx_total=0 successes=0
produced block height=40819 tx_total=0 successes=0
produced block height=40820 tx_total=0 successes=0
produced block height=40821 tx_total=0 successes=0
produced block height=40822 tx_total=0 successes=0
produced block height=40823 tx_total=0 successes=0
produced block height=40824 tx_total=0 successes=0
produced block height=40825 tx_total=0 successes=0
produced block height=40826 tx_total=0 successes=0
produced block height=40827 tx_total=0 successes=0
produced block height=40828 tx_total=0 successes=0
produced block height=40829 tx_total=0 successes=0
produced block height=40830 tx_total=0 successes=0
produced block height=40831 tx_total=0 successes=0
produced block height=40832 tx_total=0 successes=0
produced block height=40833 tx_total=0 successes=0
produced block height=40834 tx_total=0 successes=0
produced block height=40835 tx_total=0 successes=0
produced block height=40836 tx_total=0 successes=0
produced block height=40837 tx_total=0 successes=0
produced block height=40838 tx_total=0 successes=0
produced block height=40839 tx_total=0 successes=0
produced block height=40840 tx_total=0 successes=0
produced block height=40841 tx_total=0 successes=0
produced block height=40842 tx_total=0 successes=0
produced block height=40843 tx_total=0 successes=0
produced block height=40844 tx_total=0 successes=0
produced block height=40845 tx_total=0 successes=0
produced block height=40846 tx_total=0 successes=0
produced block height=40847 tx_total=0 successes=0
produced block height=40848 tx_total=0 successes=0
produced block height=40849 tx_total=0 successes=0
produced block height=40850 tx_total=0 successes=0
produced block height=40851 tx_total=0 successes=0
produced block height=40852 tx_total=0 successes=0
produced block height=40853 tx_total=0 successes=0
produced block height=40854 tx_total=0 successes=0
produced block height=40855 tx_total=0 successes=0
produced block height=40856 tx_total=0 successes=0
produced block height=40857 tx_total=0 successes=0
produced block height=40858 tx_total=0 successes=0
produced block height=40859 tx_total=0 successes=0
produced block height=40860 tx_total=0 successes=0
produced block height=40861 tx_total=0 successes=0
produced block height=40862 tx_total=0 successes=0
produced block height=40863 tx_total=0 successes=0
produced block height=40864 tx_total=0 successes=0
produced block height=40865 tx_total=0 successes=0
produced block height=40866 tx_total=0 successes=0
produced block height=40867 tx_total=0 successes=0
produced block height=40868 tx_total=0 successes=0
produced block height=40869 tx_total=0 successes=0
produced block height=40870 tx_total=0 successes=0
produced block height=40871 tx_total=0 successes=0
produced block height=40872 tx_total=0 successes=0
produced block height=40873 tx_total=0 successes=0
produced block height=40874 tx_total=0 successes=0
produced block height=40875 tx_total=0 successes=0
produced block height=40876 tx_total=0 successes=0
produced block height=40877 tx_total=0 successes=0
produced block height=40878 tx_total=0 successes=0
produced block height=40879 tx_total=0 successes=0
produced block height=40880 tx_total=0 successes=0
produced block height=40881 tx_total=0 successes=0
produced block height=40882 tx_total=0 successes=0
produced block height=40883 tx_total=0 successes=0
produced block height=40884 tx_total=0 successes=0
produced block height=40885 tx_total=0 successes=0
produced block height=40886 tx_total=0 successes=0
produced block height=40887 tx_total=0 successes=0
produced block height=40888 tx_total=0 successes=0
produced block height=40889 tx_total=0 successes=0
produced block height=40890 tx_total=0 successes=0
produced block height=40891 tx_total=0 successes=0
produced block height=40892 tx_total=0 successes=0
produced block height=40893 tx_total=0 successes=0
produced block height=40894 tx_total=0 successes=0
produced block height=40895 tx_total=0 successes=0
produced block height=40896 tx_total=0 successes=0
produced block height=40897 tx_total=0 successes=0
produced block height=40898 tx_total=0 successes=0
produced block height=40899 tx_total=0 successes=0
produced block height=40900 tx_total=0 successes=0
produced block height=40901 tx_total=0 successes=0
produced block height=40902 tx_total=0 successes=0
produced block height=40903 tx_total=0 successes=0
produced block height=40904 tx_total=0 successes=0
produced block height=40905 tx_total=0 successes=0
produced block height=40906 tx_total=0 successes=0
produced block height=40907 tx_total=0 successes=0
produced block height=40908 tx_total=0 successes=0
produced block height=40909 tx_total=0 successes=0
produced block height=40910 tx_total=0 successes=0
produced block height=40911 tx_total=0 successes=0
produced block height=40912 tx_total=0 successes=0
produced block height=40913 tx_total=0 successes=0
produced block height=40914 tx_total=0 successes=0
produced block height=40915 tx_total=0 successes=0
produced block height=40916 tx_total=0 successes=0
produced block height=40917 tx_total=0 successes=0
produced block height=40918 tx_total=0 successes=0
produced block height=40919 tx_total=0 successes=0
produced block height=40920 tx_total=0 successes=0
produced block height=40921 tx_total=0 successes=0
produced block height=40922 tx_total=0 successes=0
produced block height=40923 tx_total=0 successes=0
produced block height=40924 tx_total=0 successes=0
produced block height=40925 tx_total=0 successes=0
produced block height=40926 tx_total=0 successes=0
produced block height=40927 tx_total=0 successes=0
produced block height=40928 tx_total=0 successes=0
produced block height=40929 tx_total=0 successes=0
produced block height=40930 tx_total=0 successes=0
produced block height=40931 tx_total=0 successes=0
produced block height=40932 tx_total=0 successes=0
produced block height=40933 tx_total=0 successes=0
produced block height=40934 tx_total=0 successes=0
produced block height=40935 tx_total=0 successes=0
produced block height=40936 tx_total=0 successes=0
produced block height=40937 tx_total=0 successes=0
produced block height=40938 tx_total=0 successes=0
produced block height=40939 tx_total=0 successes=0
produced block height=40940 tx_total=0 successes=0
produced block height=40941 tx_total=0 successes=0
produced block height=40942 tx_total=0 successes=0
produced block height=40943 tx_total=0 successes=0
produced block height=40944 tx_total=0 successes=0
produced block height=40945 tx_total=0 successes=0
produced block height=40946 tx_total=0 successes=0
produced block height=40947 tx_total=0 successes=0
produced block height=40948 tx_total=0 successes=0
produced block height=40949 tx_total=0 successes=0
produced block height=40950 tx_total=0 successes=0
produced block height=40951 tx_total=0 successes=0
produced block height=40952 tx_total=0 successes=0
produced block height=40953 tx_total=0 successes=0
produced block height=40954 tx_total=0 successes=0
produced block height=40955 tx_total=0 successes=0
produced block height=40956 tx_total=0 successes=0
produced block height=40957 tx_total=0 successes=0
produced block height=40958 tx_total=0 successes=0
produced block height=40959 tx_total=0 successes=0
produced block height=40960 tx_total=0 successes=0
produced block height=40961 tx_total=0 successes=0
produced block height=40962 tx_total=0 successes=0
produced block height=40963 tx_total=0 successes=0
produced block height=40964 tx_total=0 successes=0
produced block height=40965 tx_total=0 successes=0
produced block height=40966 tx_total=0 successes=0
produced block height=40967 tx_total=0 successes=0
produced block height=40968 tx_total=0 successes=0
produced block height=40969 tx_total=0 successes=0
produced block height=40970 tx_total=0 successes=0
produced block height=40971 tx_total=0 successes=0
produced block height=40972 tx_total=0 successes=0
produced block height=40973 tx_total=0 successes=0
produced block height=40974 tx_total=0 successes=0
produced block height=40975 tx_total=0 successes=0
produced block height=40976 tx_total=0 successes=0
produced block height=40977 tx_total=0 successes=0
produced block height=40978 tx_total=0 successes=0
produced block height=40979 tx_total=0 successes=0
produced block height=40980 tx_total=0 successes=0
produced block height=40981 tx_total=0 successes=0
produced block height=40982 tx_total=0 successes=0
produced block height=40983 tx_total=0 successes=0
produced block height=40984 tx_total=0 successes=0
produced block height=40985 tx_total=0 successes=0
produced block height=40986 tx_total=0 successes=0
produced block height=40987 tx_total=0 successes=0
produced block height=40988 tx_total=0 successes=0
produced block height=40989 tx_total=0 successes=0
produced block height=40990 tx_total=0 successes=0
produced block height=40991 tx_total=0 successes=0
produced block height=40992 tx_total=0 successes=0
produced block height=40993 tx_total=0 successes=0
produced block height=40994 tx_total=0 successes=0
produced block height=40995 tx_total=0 successes=0
produced block height=40996 tx_total=0 successes=0
produced block height=40997 tx_total=0 successes=0
produced block height=40998 tx_total=0 successes=0
produced block height=40999 tx_total=0 successes=0
produced block height=41000 tx_total=0 successes=0
produced block height=41001 tx_total=0 successes=0
produced block height=41002 tx_total=0 successes=0
produced block height=41003 tx_total=0 successes=0
produced block height=41004 tx_total=0 successes=0
produced block height=41005 tx_total=0 successes=0
produced block height=41006 tx_total=0 successes=0
produced block height=41007 tx_total=0 successes=0
produced block height=41008 tx_total=0 successes=0
produced block height=41009 tx_total=0 successes=0
produced block height=41010 tx_total=0 successes=0
produced block height=41011 tx_total=0 successes=0
produced block height=41012 tx_total=0 successes=0
produced block height=41013 tx_total=0 successes=0
produced block height=41014 tx_total=0 successes=0
produced block height=41015 tx_total=0 successes=0
produced block height=41016 tx_total=0 successes=0
produced block height=41017 tx_total=0 successes=0
produced block height=41018 tx_total=0 successes=0
produced block height=41019 tx_total=0 successes=0
produced block height=41020 tx_total=0 successes=0
produced block height=41021 tx_total=0 successes=0
produced block height=41022 tx_total=0 successes=0
produced block height=41023 tx_total=0 successes=0
produced block height=41024 tx_total=0 successes=0
produced block height=41025 tx_total=0 successes=0
produced block height=41026 tx_total=0 successes=0
produced block height=41027 tx_total=0 successes=0
produced block height=41028 tx_total=0 successes=0
produced block height=41029 tx_total=0 successes=0
produced block height=41030 tx_total=0 successes=0
produced block height=41031 tx_total=0 successes=0
produced block height=41032 tx_total=0 successes=0
produced block height=41033 tx_total=0 successes=0
produced block height=41034 tx_total=0 successes=0
produced block height=41035 tx_total=0 successes=0
produced block height=41036 tx_total=0 successes=0
produced block height=41037 tx_total=0 successes=0
produced block height=41038 tx_total=0 successes=0
produced block height=41039 tx_total=0 successes=0
produced block height=41040 tx_total=0 successes=0
produced block height=41041 tx_total=0 successes=0
produced block height=41042 tx_total=0 successes=0
produced block height=41043 tx_total=0 successes=0
produced block height=41044 tx_total=0 successes=0
produced block height=41045 tx_total=0 successes=0
produced block height=41046 tx_total=0 successes=0
produced block height=41047 tx_total=0 successes=0
produced block height=41048 tx_total=0 successes=0
produced block height=41049 tx_total=0 successes=0
produced block height=41050 tx_total=0 successes=0
produced block height=41051 tx_total=0 successes=0
produced block height=41052 tx_total=0 successes=0
produced block height=41053 tx_total=0 successes=0
produced block height=41054 tx_total=0 successes=0
produced block height=41055 tx_total=0 successes=0
produced block height=41056 tx_total=0 successes=0
produced block height=41057 tx_total=0 successes=0
produced block height=41058 tx_total=0 successes=0
produced block height=41059 tx_total=0 successes=0
produced block height=41060 tx_total=0 successes=0
produced block height=41061 tx_total=0 successes=0
produced block height=41062 tx_total=0 successes=0
produced block height=41063 tx_total=0 successes=0
produced block height=41064 tx_total=0 successes=0
produced block height=41065 tx_total=0 successes=0
produced block height=41066 tx_total=0 successes=0
produced block height=41067 tx_total=0 successes=0
produced block height=41068 tx_total=0 successes=0
produced block height=41069 tx_total=0 successes=0
produced block height=41070 tx_total=0 successes=0
produced block height=41071 tx_total=0 successes=0
produced block height=41072 tx_total=0 successes=0
produced block height=41073 tx_total=0 successes=0
produced block height=41074 tx_total=0 successes=0
produced block height=41075 tx_total=0 successes=0
produced block height=41076 tx_total=0 successes=0
produced block height=41077 tx_total=0 successes=0
produced block height=41078 tx_total=0 successes=0
produced block height=41079 tx_total=0 successes=0
produced block height=41080 tx_total=0 successes=0
produced block height=41081 tx_total=0 successes=0
produced block height=41082 tx_total=0 successes=0
produced block height=41083 tx_total=0 successes=0
produced block height=41084 tx_total=0 successes=0
produced block height=41085 tx_total=0 successes=0
produced block height=41086 tx_total=0 successes=0
produced block height=41087 tx_total=0 successes=0
produced block height=41088 tx_total=0 successes=0
produced block height=41089 tx_total=0 successes=0
produced block height=41090 tx_total=0 successes=0
produced block height=41091 tx_total=0 successes=0
produced block height=41092 tx_total=0 successes=0
produced block height=41093 tx_total=0 successes=0
produced block height=41094 tx_total=0 successes=0
produced block height=41095 tx_total=0 successes=0
produced block height=41096 tx_total=0 successes=0
produced block height=41097 tx_total=0 successes=0
produced block height=41098 tx_total=0 successes=0
produced block height=41099 tx_total=0 successes=0
produced block height=41100 tx_total=0 successes=0
produced block height=41101 tx_total=0 successes=0
produced block height=41102 tx_total=0 successes=0
produced block height=41103 tx_total=0 successes=0
produced block height=41104 tx_total=0 successes=0
produced block height=41105 tx_total=0 successes=0
produced block height=41106 tx_total=0 successes=0
produced block height=41107 tx_total=0 successes=0
produced block height=41108 tx_total=0 successes=0
produced block height=41109 tx_total=0 successes=0
produced block height=41110 tx_total=0 successes=0
produced block height=41111 tx_total=0 successes=0
produced block height=41112 tx_total=0 successes=0
produced block height=41113 tx_total=0 successes=0
produced block height=41114 tx_total=0 successes=0
produced block height=41115 tx_total=0 successes=0
produced block height=41116 tx_total=0 successes=0
produced block height=41117 tx_total=0 successes=0
produced block height=41118 tx_total=0 successes=0
produced block height=41119 tx_total=0 successes=0
produced block height=41120 tx_total=0 successes=0
produced block height=41121 tx_total=0 successes=0
produced block height=41122 tx_total=0 successes=0
produced block height=41123 tx_total=0 successes=0
produced block height=41124 tx_total=0 successes=0
produced block height=41125 tx_total=0 successes=0
produced block height=41126 tx_total=0 successes=0
produced block height=41127 tx_total=0 successes=0
produced block height=41128 tx_total=0 successes=0
produced block height=41129 tx_total=0 successes=0
produced block height=41130 tx_total=0 successes=0
produced block height=41131 tx_total=0 successes=0
produced block height=41132 tx_total=0 successes=0
produced block height=41133 tx_total=0 successes=0
produced block height=41134 tx_total=0 successes=0
produced block height=41135 tx_total=0 successes=0
produced block height=41136 tx_total=0 successes=0
produced block height=41137 tx_total=0 successes=0
produced block height=41138 tx_total=0 successes=0
produced block height=41139 tx_total=0 successes=0
produced block height=41140 tx_total=0 successes=0
produced block height=41141 tx_total=0 successes=0
produced block height=41142 tx_total=0 successes=0
produced block height=41143 tx_total=0 successes=0
produced block height=41144 tx_total=0 successes=0
produced block height=41145 tx_total=0 successes=0
produced block height=41146 tx_total=0 successes=0
produced block height=41147 tx_total=0 successes=0
produced block height=41148 tx_total=0 successes=0
produced block height=41149 tx_total=0 successes=0
produced block height=41150 tx_total=0 successes=0
produced block height=41151 tx_total=0 successes=0
produced block height=41152 tx_total=0 successes=0
produced block height=41153 tx_total=0 successes=0
produced block height=41154 tx_total=0 successes=0
produced block height=41155 tx_total=0 successes=0
produced block height=41156 tx_total=0 successes=0
produced block height=41157 tx_total=0 successes=0
produced block height=41158 tx_total=0 successes=0
produced block height=41159 tx_total=0 successes=0
produced block height=41160 tx_total=0 successes=0
produced block height=41161 tx_total=0 successes=0
produced block height=41162 tx_total=0 successes=0
produced block height=41163 tx_total=0 successes=0
produced block height=41164 tx_total=0 successes=0
produced block height=41165 tx_total=0 successes=0
produced block height=41166 tx_total=0 successes=0
produced block height=41167 tx_total=0 successes=0
produced block height=41168 tx_total=0 successes=0
produced block height=41169 tx_total=0 successes=0
produced block height=41170 tx_total=0 successes=0
produced block height=41171 tx_total=0 successes=0
produced block height=41172 tx_total=0 successes=0
produced block height=41173 tx_total=0 successes=0
produced block height=41174 tx_total=0 successes=0
produced block height=41175 tx_total=0 successes=0
produced block height=41176 tx_total=0 successes=0
produced block height=41177 tx_total=0 successes=0
produced block height=41178 tx_total=0 successes=0
produced block height=41179 tx_total=0 successes=0
produced block height=41180 tx_total=0 successes=0
produced block height=41181 tx_total=0 successes=0
produced block height=41182 tx_total=0 successes=0
produced block height=41183 tx_total=0 successes=0
produced block height=41184 tx_total=0 successes=0
produced block height=41185 tx_total=0 successes=0
produced block height=41186 tx_total=0 successes=0
produced block height=41187 tx_total=0 successes=0
produced block height=41188 tx_total=0 successes=0
produced block height=41189 tx_total=0 successes=0
produced block height=41190 tx_total=0 successes=0
produced block height=41191 tx_total=0 successes=0
produced block height=41192 tx_total=0 successes=0
produced block height=41193 tx_total=0 successes=0
produced block height=41194 tx_total=0 successes=0
produced block height=41195 tx_total=0 successes=0
produced block height=41196 tx_total=0 successes=0
produced block height=41197 tx_total=0 successes=0
produced block height=41198 tx_total=0 successes=0
produced block height=41199 tx_total=0 successes=0
produced block height=41200 tx_total=0 successes=0
produced block height=41201 tx_total=0 successes=0
produced block height=41202 tx_total=0 successes=0
produced block height=41203 tx_total=0 successes=0
produced block height=41204 tx_total=0 successes=0
produced block height=41205 tx_total=0 successes=0
produced block height=41206 tx_total=0 successes=0
produced block height=41207 tx_total=0 successes=0
produced block height=41208 tx_total=0 successes=0
produced block height=41209 tx_total=0 successes=0
produced block height=41210 tx_total=0 successes=0
produced block height=41211 tx_total=0 successes=0
produced block height=41212 tx_total=0 successes=0
produced block height=41213 tx_total=0 successes=0
produced block height=41214 tx_total=0 successes=0
produced block height=41215 tx_total=0 successes=0
produced block height=41216 tx_total=0 successes=0
produced block height=41217 tx_total=0 successes=0
produced block height=41218 tx_total=0 successes=0
produced block height=41219 tx_total=0 successes=0
produced block height=41220 tx_total=0 successes=0
produced block height=41221 tx_total=0 successes=0
produced block height=41222 tx_total=0 successes=0
produced block height=41223 tx_total=0 successes=0
produced block height=41224 tx_total=0 successes=0
produced block height=41225 tx_total=0 successes=0
produced block height=41226 tx_total=0 successes=0
produced block height=41227 tx_total=0 successes=0
produced block height=41228 tx_total=0 successes=0
produced block height=41229 tx_total=0 successes=0
produced block height=41230 tx_total=0 successes=0
produced block height=41231 tx_total=0 successes=0
produced block height=41232 tx_total=0 successes=0
produced block height=41233 tx_total=0 successes=0
produced block height=41234 tx_total=0 successes=0
produced block height=41235 tx_total=0 successes=0
produced block height=41236 tx_total=0 successes=0
produced block height=41237 tx_total=0 successes=0
produced block height=41238 tx_total=0 successes=0
produced block height=41239 tx_total=0 successes=0
produced block height=41240 tx_total=0 successes=0
produced block height=41241 tx_total=0 successes=0
produced block height=41242 tx_total=0 successes=0
produced block height=41243 tx_total=0 successes=0
produced block height=41244 tx_total=0 successes=0
produced block height=41245 tx_total=0 successes=0
produced block height=41246 tx_total=0 successes=0
produced block height=41247 tx_total=0 successes=0
produced block height=41248 tx_total=0 successes=0
produced block height=41249 tx_total=0 successes=0
produced block height=41250 tx_total=0 successes=0
produced block height=41251 tx_total=0 successes=0
produced block height=41252 tx_total=0 successes=0
produced block height=41253 tx_total=0 successes=0
produced block height=41254 tx_total=0 successes=0
produced block height=41255 tx_total=0 successes=0
produced block height=41256 tx_total=0 successes=0
produced block height=41257 tx_total=0 successes=0
produced block height=41258 tx_total=0 successes=0
produced block height=41259 tx_total=0 successes=0
produced block height=41260 tx_total=0 successes=0
produced block height=41261 tx_total=0 successes=0
produced block height=41262 tx_total=0 successes=0
produced block height=41263 tx_total=0 successes=0
produced block height=41264 tx_total=0 successes=0
produced block height=41265 tx_total=0 successes=0
produced block height=41266 tx_total=0 successes=0
produced block height=41267 tx_total=0 successes=0
produced block height=41268 tx_total=0 successes=0
produced block height=41269 tx_total=0 successes=0
produced block height=41270 tx_total=0 successes=0
produced block height=41271 tx_total=0 successes=0
produced block height=41272 tx_total=0 successes=0
produced block height=41273 tx_total=0 successes=0
produced block height=41274 tx_total=0 successes=0
produced block height=41275 tx_total=0 successes=0
produced block height=41276 tx_total=0 successes=0
produced block height=41277 tx_total=0 successes=0
produced block height=41278 tx_total=0 successes=0
produced block height=41279 tx_total=0 successes=0
produced block height=41280 tx_total=0 successes=0
produced block height=41281 tx_total=0 successes=0
produced block height=41282 tx_total=0 successes=0
produced block height=41283 tx_total=0 successes=0
produced block height=41284 tx_total=0 successes=0
produced block height=41285 tx_total=0 successes=0
produced block height=41286 tx_total=0 successes=0
produced block height=41287 tx_total=0 successes=0
produced block height=41288 tx_total=0 successes=0
produced block height=41289 tx_total=0 successes=0
produced block height=41290 tx_total=0 successes=0
produced block height=41291 tx_total=0 successes=0
produced block height=41292 tx_total=0 successes=0
produced block height=41293 tx_total=0 successes=0
produced block height=41294 tx_total=0 successes=0
produced block height=41295 tx_total=0 successes=0
produced block height=41296 tx_total=0 successes=0
produced block height=41297 tx_total=0 successes=0
produced block height=41298 tx_total=0 successes=0
produced block height=41299 tx_total=0 successes=0
produced block height=41300 tx_total=0 successes=0
produced block height=41301 tx_total=0 successes=0
produced block height=41302 tx_total=0 successes=0
produced block height=41303 tx_total=0 successes=0
produced block height=41304 tx_total=0 successes=0
produced block height=41305 tx_total=0 successes=0
produced block height=41306 tx_total=0 successes=0
produced block height=41307 tx_total=0 successes=0
produced block height=41308 tx_total=0 successes=0
produced block height=41309 tx_total=0 successes=0
produced block height=41310 tx_total=0 successes=0
produced block height=41311 tx_total=0 successes=0
produced block height=41312 tx_total=0 successes=0
produced block height=41313 tx_total=0 successes=0
produced block height=41314 tx_total=0 successes=0
produced block height=41315 tx_total=0 successes=0
produced block height=41316 tx_total=0 successes=0
produced block height=41317 tx_total=0 successes=0
produced block height=41318 tx_total=0 successes=0
produced block height=41319 tx_total=0 successes=0
produced block height=41320 tx_total=0 successes=0
produced block height=41321 tx_total=0 successes=0
produced block height=41322 tx_total=0 successes=0
produced block height=41323 tx_total=0 successes=0
produced block height=41324 tx_total=0 successes=0
produced block height=41325 tx_total=0 successes=0
produced block height=41326 tx_total=0 successes=0
produced block height=41327 tx_total=0 successes=0
produced block height=41328 tx_total=0 successes=0
produced block height=41329 tx_total=0 successes=0
produced block height=41330 tx_total=0 successes=0
produced block height=41331 tx_total=0 successes=0
produced block height=41332 tx_total=0 successes=0
produced block height=41333 tx_total=0 successes=0
produced block height=41334 tx_total=0 successes=0
produced block height=41335 tx_total=0 successes=0
produced block height=41336 tx_total=0 successes=0
produced block height=41337 tx_total=0 successes=0
produced block height=41338 tx_total=0 successes=0
produced block height=41339 tx_total=0 successes=0
produced block height=41340 tx_total=0 successes=0
produced block height=41341 tx_total=0 successes=0
produced block height=41342 tx_total=0 successes=0
produced block height=41343 tx_total=0 successes=0
produced block height=41344 tx_total=0 successes=0
produced block height=41345 tx_total=0 successes=0
produced block height=41346 tx_total=0 successes=0
produced block height=41347 tx_total=0 successes=0
produced block height=41348 tx_total=0 successes=0
produced block height=41349 tx_total=0 successes=0
produced block height=41350 tx_total=0 successes=0
produced block height=41351 tx_total=0 successes=0
produced block height=41352 tx_total=0 successes=0
produced block height=41353 tx_total=0 successes=0
produced block height=41354 tx_total=0 successes=0
produced block height=41355 tx_total=0 successes=0
produced block height=41356 tx_total=0 successes=0
produced block height=41357 tx_total=0 successes=0
produced block height=41358 tx_total=0 successes=0
produced block height=41359 tx_total=0 successes=0
produced block height=41360 tx_total=0 successes=0
produced block height=41361 tx_total=0 successes=0
produced block height=41362 tx_total=0 successes=0
produced block height=41363 tx_total=0 successes=0
produced block height=41364 tx_total=0 successes=0
produced block height=41365 tx_total=0 successes=0
produced block height=41366 tx_total=0 successes=0
produced block height=41367 tx_total=0 successes=0
produced block height=41368 tx_total=0 successes=0
produced block height=41369 tx_total=0 successes=0
produced block height=41370 tx_total=0 successes=0
produced block height=41371 tx_total=0 successes=0
produced block height=41372 tx_total=0 successes=0
produced block height=41373 tx_total=0 successes=0
produced block height=41374 tx_total=0 successes=0
produced block height=41375 tx_total=0 successes=0
produced block height=41376 tx_total=0 successes=0
produced block height=41377 tx_total=0 successes=0
produced block height=41378 tx_total=0 successes=0
produced block height=41379 tx_total=0 successes=0
produced block height=41380 tx_total=0 successes=0
produced block height=41381 tx_total=0 successes=0
produced block height=41382 tx_total=0 successes=0
produced block height=41383 tx_total=0 successes=0
produced block height=41384 tx_total=0 successes=0
produced block height=41385 tx_total=0 successes=0
produced block height=41386 tx_total=0 successes=0
produced block height=41387 tx_total=0 successes=0
produced block height=41388 tx_total=0 successes=0
produced block height=41389 tx_total=0 successes=0
produced block height=41390 tx_total=0 successes=0
produced block height=41391 tx_total=0 successes=0
produced block height=41392 tx_total=0 successes=0
produced block height=41393 tx_total=0 successes=0
produced block height=41394 tx_total=0 successes=0
produced block height=41395 tx_total=0 successes=0
produced block height=41396 tx_total=0 successes=0
produced block height=41397 tx_total=0 successes=0
produced block height=41398 tx_total=0 successes=0
produced block height=41399 tx_total=0 successes=0
produced block height=41400 tx_total=0 successes=0
produced block height=41401 tx_total=0 successes=0
produced block height=41402 tx_total=0 successes=0
produced block height=41403 tx_total=0 successes=0
produced block height=41404 tx_total=0 successes=0
produced block height=41405 tx_total=0 successes=0
produced block height=41406 tx_total=0 successes=0
produced block height=41407 tx_total=0 successes=0
produced block height=41408 tx_total=0 successes=0
produced block height=41409 tx_total=0 successes=0
produced block height=41410 tx_total=0 successes=0
produced block height=41411 tx_total=0 successes=0
produced block height=41412 tx_total=0 successes=0
produced block height=41413 tx_total=0 successes=0
produced block height=41414 tx_total=0 successes=0
produced block height=41415 tx_total=0 successes=0
produced block height=41416 tx_total=0 successes=0
produced block height=41417 tx_total=0 successes=0
produced block height=41418 tx_total=0 successes=0
produced block height=41419 tx_total=0 successes=0
produced block height=41420 tx_total=0 successes=0
produced block height=41421 tx_total=0 successes=0
produced block height=41422 tx_total=0 successes=0
produced block height=41423 tx_total=0 successes=0
produced block height=41424 tx_total=0 successes=0
produced block height=41425 tx_total=0 successes=0
produced block height=41426 tx_total=0 successes=0
produced block height=41427 tx_total=0 successes=0
produced block height=41428 tx_total=0 successes=0
produced block height=41429 tx_total=0 successes=0
produced block height=41430 tx_total=0 successes=0
produced block height=41431 tx_total=0 successes=0
produced block height=41432 tx_total=0 successes=0
produced block height=41433 tx_total=0 successes=0
produced block height=41434 tx_total=0 successes=0
produced block height=41435 tx_total=0 successes=0
produced block height=41436 tx_total=0 successes=0
produced block height=41437 tx_total=0 successes=0
produced block height=41438 tx_total=0 successes=0
produced block height=41439 tx_total=0 successes=0
produced block height=41440 tx_total=0 successes=0
produced block height=41441 tx_total=0 successes=0
produced block height=41442 tx_total=0 successes=0
produced block height=41443 tx_total=0 successes=0
produced block height=41444 tx_total=0 successes=0
produced block height=41445 tx_total=0 successes=0
produced block height=41446 tx_total=0 successes=0
produced block height=41447 tx_total=0 successes=0
produced block height=41448 tx_total=0 successes=0
produced block height=41449 tx_total=0 successes=0
produced block height=41450 tx_total=0 successes=0
produced block height=41451 tx_total=0 successes=0
produced block height=41452 tx_total=0 successes=0
produced block height=41453 tx_total=0 successes=0
produced block height=41454 tx_total=0 successes=0
produced block height=41455 tx_total=0 successes=0
produced block height=41456 tx_total=0 successes=0
produced block height=41457 tx_total=0 successes=0
produced block height=41458 tx_total=0 successes=0
produced block height=41459 tx_total=0 successes=0
produced block height=41460 tx_total=0 successes=0
produced block height=41461 tx_total=0 successes=0
produced block height=41462 tx_total=0 successes=0
produced block height=41463 tx_total=0 successes=0
produced block height=41464 tx_total=0 successes=0
produced block height=41465 tx_total=0 successes=0
produced block height=41466 tx_total=0 successes=0
produced block height=41467 tx_total=0 successes=0
produced block height=41468 tx_total=0 successes=0
produced block height=41469 tx_total=0 successes=0
produced block height=41470 tx_total=0 successes=0
produced block height=41471 tx_total=0 successes=0
produced block height=41472 tx_total=0 successes=0
produced block height=41473 tx_total=0 successes=0
produced block height=41474 tx_total=0 successes=0
produced block height=41475 tx_total=0 successes=0
produced block height=41476 tx_total=0 successes=0
produced block height=41477 tx_total=0 successes=0
produced block height=41478 tx_total=0 successes=0
produced block height=41479 tx_total=0 successes=0
produced block height=41480 tx_total=0 successes=0
produced block height=41481 tx_total=0 successes=0
produced block height=41482 tx_total=0 successes=0
produced block height=41483 tx_total=0 successes=0
produced block height=41484 tx_total=0 successes=0
produced block height=41485 tx_total=0 successes=0
produced block height=41486 tx_total=0 successes=0
produced block height=41487 tx_total=0 successes=0
produced block height=41488 tx_total=0 successes=0
produced block height=41489 tx_total=0 successes=0
produced block height=41490 tx_total=0 successes=0
produced block height=41491 tx_total=0 successes=0
produced block height=41492 tx_total=0 successes=0
produced block height=41493 tx_total=0 successes=0
produced block height=41494 tx_total=0 successes=0
produced block height=41495 tx_total=0 successes=0
produced block height=41496 tx_total=0 successes=0
produced block height=41497 tx_total=0 successes=0
produced block height=41498 tx_total=0 successes=0
produced block height=41499 tx_total=0 successes=0
produced block height=41500 tx_total=0 successes=0
produced block height=41501 tx_total=0 successes=0
produced block height=41502 tx_total=0 successes=0
produced block height=41503 tx_total=0 successes=0
produced block height=41504 tx_total=0 successes=0
produced block height=41505 tx_total=0 successes=0
produced block height=41506 tx_total=0 successes=0
produced block height=41507 tx_total=0 successes=0
produced block height=41508 tx_total=0 successes=0
produced block height=41509 tx_total=0 successes=0
produced block height=41510 tx_total=0 successes=0
produced block height=41511 tx_total=0 successes=0
produced block height=41512 tx_total=0 successes=0
produced block height=41513 tx_total=0 successes=0
produced block height=41514 tx_total=0 successes=0
produced block height=41515 tx_total=0 successes=0
produced block height=41516 tx_total=0 successes=0
produced block height=41517 tx_total=0 successes=0
produced block height=41518 tx_total=0 successes=0
produced block height=41519 tx_total=0 successes=0
produced block height=41520 tx_total=0 successes=0
produced block height=41521 tx_total=0 successes=0
produced block height=41522 tx_total=0 successes=0
produced block height=41523 tx_total=0 successes=0
produced block height=41524 tx_total=0 successes=0
produced block height=41525 tx_total=0 successes=0
produced block height=41526 tx_total=0 successes=0
produced block height=41527 tx_total=0 successes=0
produced block height=41528 tx_total=0 successes=0
produced block height=41529 tx_total=0 successes=0
produced block height=41530 tx_total=0 successes=0
produced block height=41531 tx_total=0 successes=0
produced block height=41532 tx_total=0 successes=0
produced block height=41533 tx_total=0 successes=0
produced block height=41534 tx_total=0 successes=0
produced block height=41535 tx_total=0 successes=0
produced block height=41536 tx_total=0 successes=0
produced block height=41537 tx_total=0 successes=0
produced block height=41538 tx_total=0 successes=0
produced block height=41539 tx_total=0 successes=0
produced block height=41540 tx_total=0 successes=0
produced block height=41541 tx_total=0 successes=0
produced block height=41542 tx_total=0 successes=0
produced block height=41543 tx_total=0 successes=0
produced block height=41544 tx_total=0 successes=0
produced block height=41545 tx_total=0 successes=0
produced block height=41546 tx_total=0 successes=0
produced block height=41547 tx_total=0 successes=0
produced block height=41548 tx_total=0 successes=0
produced block height=41549 tx_total=0 successes=0
produced block height=41550 tx_total=0 successes=0
produced block height=41551 tx_total=0 successes=0
produced block height=41552 tx_total=0 successes=0
produced block height=41553 tx_total=0 successes=0
produced block height=41554 tx_total=0 successes=0
produced block height=41555 tx_total=0 successes=0
produced block height=41556 tx_total=0 successes=0
produced block height=41557 tx_total=0 successes=0
produced block height=41558 tx_total=0 successes=0
produced block height=41559 tx_total=0 successes=0
produced block height=41560 tx_total=0 successes=0
produced block height=41561 tx_total=0 successes=0
produced block height=41562 tx_total=0 successes=0
produced block height=41563 tx_total=0 successes=0
produced block height=41564 tx_total=0 successes=0
produced block height=41565 tx_total=0 successes=0
produced block height=41566 tx_total=0 successes=0
produced block height=41567 tx_total=0 successes=0
produced block height=41568 tx_total=0 successes=0
produced block height=41569 tx_total=0 successes=0
produced block height=41570 tx_total=0 successes=0
produced block height=41571 tx_total=0 successes=0
produced block height=41572 tx_total=0 successes=0
produced block height=41573 tx_total=0 successes=0
produced block height=41574 tx_total=0 successes=0
produced block height=41575 tx_total=0 successes=0
produced block height=41576 tx_total=0 successes=0
produced block height=41577 tx_total=0 successes=0
produced block height=41578 tx_total=0 successes=0
produced block height=41579 tx_total=0 successes=0
produced block height=41580 tx_total=0 successes=0
produced block height=41581 tx_total=0 successes=0
produced block height=41582 tx_total=0 successes=0
produced block height=41583 tx_total=0 successes=0
produced block height=41584 tx_total=0 successes=0
produced block height=41585 tx_total=0 successes=0
produced block height=41586 tx_total=0 successes=0
produced block height=41587 tx_total=0 successes=0
produced block height=41588 tx_total=0 successes=0
produced block height=41589 tx_total=0 successes=0
produced block height=41590 tx_total=0 successes=0
produced block height=41591 tx_total=0 successes=0
produced block height=41592 tx_total=0 successes=0
produced block height=41593 tx_total=0 successes=0
produced block height=41594 tx_total=0 successes=0
produced block height=41595 tx_total=0 successes=0
produced block height=41596 tx_total=0 successes=0
produced block height=41597 tx_total=0 successes=0
produced block height=41598 tx_total=0 successes=0
produced block height=41599 tx_total=0 successes=0
produced block height=41600 tx_total=0 successes=0
produced block height=41601 tx_total=0 successes=0
produced block height=41602 tx_total=0 successes=0
produced block height=41603 tx_total=0 successes=0
produced block height=41604 tx_total=0 successes=0
produced block height=41605 tx_total=0 successes=0
produced block height=41606 tx_total=0 successes=0
produced block height=41607 tx_total=0 successes=0
produced block height=41608 tx_total=0 successes=0
produced block height=41609 tx_total=0 successes=0
produced block height=41610 tx_total=0 successes=0
produced block height=41611 tx_total=0 successes=0
produced block height=41612 tx_total=0 successes=0
produced block height=41613 tx_total=0 successes=0
produced block height=41614 tx_total=0 successes=0
produced block height=41615 tx_total=0 successes=0
produced block height=41616 tx_total=0 successes=0
produced block height=41617 tx_total=0 successes=0
produced block height=41618 tx_total=0 successes=0
produced block height=41619 tx_total=0 successes=0
produced block height=41620 tx_total=0 successes=0
produced block height=41621 tx_total=0 successes=0
produced block height=41622 tx_total=0 successes=0
produced block height=41623 tx_total=0 successes=0
produced block height=41624 tx_total=0 successes=0
produced block height=41625 tx_total=0 successes=0
produced block height=41626 tx_total=0 successes=0
produced block height=41627 tx_total=0 successes=0
produced block height=41628 tx_total=0 successes=0
produced block height=41629 tx_total=0 successes=0
produced block height=41630 tx_total=0 successes=0
produced block height=41631 tx_total=0 successes=0
produced block height=41632 tx_total=0 successes=0
produced block height=41633 tx_total=0 successes=0
produced block height=41634 tx_total=0 successes=0
produced block height=41635 tx_total=0 successes=0
produced block height=41636 tx_total=0 successes=0
produced block height=41637 tx_total=0 successes=0
produced block height=41638 tx_total=0 successes=0
produced block height=41639 tx_total=0 successes=0
produced block height=41640 tx_total=0 successes=0
produced block height=41641 tx_total=0 successes=0
produced block height=41642 tx_total=0 successes=0
produced block height=41643 tx_total=0 successes=0
produced block height=41644 tx_total=0 successes=0
produced block height=41645 tx_total=0 successes=0
produced block height=41646 tx_total=0 successes=0
produced block height=41647 tx_total=0 successes=0
produced block height=41648 tx_total=0 successes=0
produced block height=41649 tx_total=0 successes=0
produced block height=41650 tx_total=0 successes=0
produced block height=41651 tx_total=0 successes=0
produced block height=41652 tx_total=0 successes=0
produced block height=41653 tx_total=0 successes=0
produced block height=41654 tx_total=0 successes=0
produced block height=41655 tx_total=0 successes=0
produced block height=41656 tx_total=0 successes=0
produced block height=41657 tx_total=0 successes=0
produced block height=41658 tx_total=0 successes=0
produced block height=41659 tx_total=0 successes=0
produced block height=41660 tx_total=0 successes=0
produced block height=41661 tx_total=0 successes=0
produced block height=41662 tx_total=0 successes=0
produced block height=41663 tx_total=0 successes=0
produced block height=41664 tx_total=0 successes=0
produced block height=41665 tx_total=0 successes=0
produced block height=41666 tx_total=0 successes=0
produced block height=41667 tx_total=0 successes=0
produced block height=41668 tx_total=0 successes=0
produced block height=41669 tx_total=0 successes=0
produced block height=41670 tx_total=0 successes=0
produced block height=41671 tx_total=0 successes=0
produced block height=41672 tx_total=0 successes=0
produced block height=41673 tx_total=0 successes=0
produced block height=41674 tx_total=0 successes=0
produced block height=41675 tx_total=0 successes=0
produced block height=41676 tx_total=0 successes=0
produced block height=41677 tx_total=0 successes=0
produced block height=41678 tx_total=0 successes=0
produced block height=41679 tx_total=0 successes=0
produced block height=41680 tx_total=0 successes=0
produced block height=41681 tx_total=0 successes=0
produced block height=41682 tx_total=0 successes=0
produced block height=41683 tx_total=0 successes=0
produced block height=41684 tx_total=0 successes=0
produced block height=41685 tx_total=0 successes=0
produced block height=41686 tx_total=0 successes=0
produced block height=41687 tx_total=0 successes=0
produced block height=41688 tx_total=0 successes=0
produced block height=41689 tx_total=0 successes=0
produced block height=41690 tx_total=0 successes=0
produced block height=41691 tx_total=0 successes=0
produced block height=41692 tx_total=0 successes=0
produced block height=41693 tx_total=0 successes=0
produced block height=41694 tx_total=0 successes=0
produced block height=41695 tx_total=0 successes=0
produced block height=41696 tx_total=0 successes=0
produced block height=41697 tx_total=0 successes=0
produced block height=41698 tx_total=0 successes=0
produced block height=41699 tx_total=0 successes=0
produced block height=41700 tx_total=0 successes=0
produced block height=41701 tx_total=0 successes=0
produced block height=41702 tx_total=0 successes=0
produced block height=41703 tx_total=0 successes=0
produced block height=41704 tx_total=0 successes=0
produced block height=41705 tx_total=0 successes=0
produced block height=41706 tx_total=0 successes=0
produced block height=41707 tx_total=0 successes=0
produced block height=41708 tx_total=0 successes=0
produced block height=41709 tx_total=0 successes=0
produced block height=41710 tx_total=0 successes=0
produced block height=41711 tx_total=0 successes=0
produced block height=41712 tx_total=0 successes=0
produced block height=41713 tx_total=0 successes=0
produced block height=41714 tx_total=0 successes=0
produced block height=41715 tx_total=0 successes=0
produced block height=41716 tx_total=0 successes=0
produced block height=41717 tx_total=0 successes=0
produced block height=41718 tx_total=0 successes=0
produced block height=41719 tx_total=0 successes=0
produced block height=41720 tx_total=0 successes=0
produced block height=41721 tx_total=0 successes=0
produced block height=41722 tx_total=0 successes=0
produced block height=41723 tx_total=0 successes=0
produced block height=41724 tx_total=0 successes=0
produced block height=41725 tx_total=0 successes=0
produced block height=41726 tx_total=0 successes=0
produced block height=41727 tx_total=0 successes=0
produced block height=41728 tx_total=0 successes=0
produced block height=41729 tx_total=0 successes=0
produced block height=41730 tx_total=0 successes=0
produced block height=41731 tx_total=0 successes=0
produced block height=41732 tx_total=0 successes=0
produced block height=41733 tx_total=0 successes=0
produced block height=41734 tx_total=0 successes=0
produced block height=41735 tx_total=0 successes=0
produced block height=41736 tx_total=0 successes=0
produced block height=41737 tx_total=0 successes=0
produced block height=41738 tx_total=0 successes=0
produced block height=41739 tx_total=0 successes=0
produced block height=41740 tx_total=0 successes=0
produced block height=41741 tx_total=0 successes=0
produced block height=41742 tx_total=0 successes=0
produced block height=41743 tx_total=0 successes=0
produced block height=41744 tx_total=0 successes=0
produced block height=41745 tx_total=0 successes=0
produced block height=41746 tx_total=0 successes=0
produced block height=41747 tx_total=0 successes=0
produced block height=41748 tx_total=0 successes=0
produced block height=41749 tx_total=0 successes=0
produced block height=41750 tx_total=0 successes=0
produced block height=41751 tx_total=0 successes=0
produced block height=41752 tx_total=0 successes=0
produced block height=41753 tx_total=0 successes=0
produced block height=41754 tx_total=0 successes=0
produced block height=41755 tx_total=0 successes=0
produced block height=41756 tx_total=0 successes=0
produced block height=41757 tx_total=0 successes=0
produced block height=41758 tx_total=0 successes=0
produced block height=41759 tx_total=0 successes=0
produced block height=41760 tx_total=0 successes=0
produced block height=41761 tx_total=0 successes=0
produced block height=41762 tx_total=0 successes=0
produced block height=41763 tx_total=0 successes=0
produced block height=41764 tx_total=0 successes=0
produced block height=41765 tx_total=0 successes=0
produced block height=41766 tx_total=0 successes=0
produced block height=41767 tx_total=0 successes=0
produced block height=41768 tx_total=0 successes=0
produced block height=41769 tx_total=0 successes=0
produced block height=41770 tx_total=0 successes=0
produced block height=41771 tx_total=0 successes=0
produced block height=41772 tx_total=0 successes=0
produced block height=41773 tx_total=0 successes=0
produced block height=41774 tx_total=0 successes=0
produced block height=41775 tx_total=0 successes=0
produced block height=41776 tx_total=0 successes=0
produced block height=41777 tx_total=0 successes=0
produced block height=41778 tx_total=0 successes=0
produced block height=41779 tx_total=0 successes=0
produced block height=41780 tx_total=0 successes=0
produced block height=41781 tx_total=0 successes=0
produced block height=41782 tx_total=0 successes=0
produced block height=41783 tx_total=0 successes=0
produced block height=41784 tx_total=0 successes=0
produced block height=41785 tx_total=0 successes=0
produced block height=41786 tx_total=0 successes=0
produced block height=41787 tx_total=0 successes=0
produced block height=41788 tx_total=0 successes=0
produced block height=41789 tx_total=0 successes=0
produced block height=41790 tx_total=0 successes=0
produced block height=41791 tx_total=0 successes=0
produced block height=41792 tx_total=0 successes=0
produced block height=41793 tx_total=0 successes=0
produced block height=41794 tx_total=0 successes=0
produced block height=41795 tx_total=0 successes=0
produced block height=41796 tx_total=0 successes=0
produced block height=41797 tx_total=0 successes=0
produced block height=41798 tx_total=0 successes=0
produced block height=41799 tx_total=0 successes=0
produced block height=41800 tx_total=0 successes=0
produced block height=41801 tx_total=0 successes=0
produced block height=41802 tx_total=0 successes=0
produced block height=41803 tx_total=0 successes=0
produced block height=41804 tx_total=0 successes=0
produced block height=41805 tx_total=0 successes=0
produced block height=41806 tx_total=0 successes=0
produced block height=41807 tx_total=0 successes=0
produced block height=41808 tx_total=0 successes=0
produced block height=41809 tx_total=0 successes=0
produced block height=41810 tx_total=0 successes=0
produced block height=41811 tx_total=0 successes=0
produced block height=41812 tx_total=0 successes=0
produced block height=41813 tx_total=0 successes=0
produced block height=41814 tx_total=0 successes=0
produced block height=41815 tx_total=0 successes=0
produced block height=41816 tx_total=0 successes=0
produced block height=41817 tx_total=0 successes=0
produced block height=41818 tx_total=0 successes=0
produced block height=41819 tx_total=0 successes=0
produced block height=41820 tx_total=0 successes=0
produced block height=41821 tx_total=0 successes=0
produced block height=41822 tx_total=0 successes=0
produced block height=41823 tx_total=0 successes=0
produced block height=41824 tx_total=0 successes=0
produced block height=41825 tx_total=0 successes=0
produced block height=41826 tx_total=0 successes=0
produced block height=41827 tx_total=0 successes=0
produced block height=41828 tx_total=0 successes=0
produced block height=41829 tx_total=0 successes=0
produced block height=41830 tx_total=0 successes=0
produced block height=41831 tx_total=0 successes=0
produced block height=41832 tx_total=0 successes=0
produced block height=41833 tx_total=0 successes=0
produced block height=41834 tx_total=0 successes=0
produced block height=41835 tx_total=0 successes=0
produced block height=41836 tx_total=0 successes=0
produced block height=41837 tx_total=0 successes=0
produced block height=41838 tx_total=0 successes=0
produced block height=41839 tx_total=0 successes=0
produced block height=41840 tx_total=0 successes=0
produced block height=41841 tx_total=0 successes=0
produced block height=41842 tx_total=0 successes=0
produced block height=41843 tx_total=0 successes=0
produced block height=41844 tx_total=0 successes=0
produced block height=41845 tx_total=0 successes=0
produced block height=41846 tx_total=0 successes=0
produced block height=41847 tx_total=0 successes=0
produced block height=41848 tx_total=0 successes=0
produced block height=41849 tx_total=0 successes=0
produced block height=41850 tx_total=0 successes=0
produced block height=41851 tx_total=0 successes=0
produced block height=41852 tx_total=0 successes=0
produced block height=41853 tx_total=0 successes=0
produced block height=41854 tx_total=0 successes=0
produced block height=41855 tx_total=0 successes=0
produced block height=41856 tx_total=0 successes=0
produced block height=41857 tx_total=0 successes=0
produced block height=41858 tx_total=0 successes=0
produced block height=41859 tx_total=0 successes=0
produced block height=41860 tx_total=0 successes=0
produced block height=41861 tx_total=0 successes=0
produced block height=41862 tx_total=0 successes=0
produced block height=41863 tx_total=0 successes=0
produced block height=41864 tx_total=0 successes=0
produced block height=41865 tx_total=0 successes=0
produced block height=41866 tx_total=0 successes=0
produced block height=41867 tx_total=0 successes=0
produced block height=41868 tx_total=0 successes=0
produced block height=41869 tx_total=0 successes=0
produced block height=41870 tx_total=0 successes=0
produced block height=41871 tx_total=0 successes=0
produced block height=41872 tx_total=0 successes=0
produced block height=41873 tx_total=0 successes=0
produced block height=41874 tx_total=0 successes=0
produced block height=41875 tx_total=0 successes=0
produced block height=41876 tx_total=0 successes=0
produced block height=41877 tx_total=0 successes=0
produced block height=41878 tx_total=0 successes=0
produced block height=41879 tx_total=0 successes=0
produced block height=41880 tx_total=0 successes=0
produced block height=41881 tx_total=0 successes=0
produced block height=41882 tx_total=0 successes=0
produced block height=41883 tx_total=0 successes=0
produced block height=41884 tx_total=0 successes=0
produced block height=41885 tx_total=0 successes=0
produced block height=41886 tx_total=0 successes=0
produced block height=41887 tx_total=0 successes=0
produced block height=41888 tx_total=0 successes=0
produced block height=41889 tx_total=0 successes=0
produced block height=41890 tx_total=0 successes=0
produced block height=41891 tx_total=0 successes=0
produced block height=41892 tx_total=0 successes=0
produced block height=41893 tx_total=0 successes=0
produced block height=41894 tx_total=0 successes=0
produced block height=41895 tx_total=0 successes=0
produced block height=41896 tx_total=0 successes=0
produced block height=41897 tx_total=0 successes=0
produced block height=41898 tx_total=0 successes=0
produced block height=41899 tx_total=0 successes=0
produced block height=41900 tx_total=0 successes=0
produced block height=41901 tx_total=0 successes=0
produced block height=41902 tx_total=0 successes=0
produced block height=41903 tx_total=0 successes=0
produced block height=41904 tx_total=0 successes=0
produced block height=41905 tx_total=0 successes=0
produced block height=41906 tx_total=0 successes=0
produced block height=41907 tx_total=0 successes=0
produced block height=41908 tx_total=0 successes=0
produced block height=41909 tx_total=0 successes=0
produced block height=41910 tx_total=0 successes=0
produced block height=41911 tx_total=0 successes=0
produced block height=41912 tx_total=0 successes=0
produced block height=41913 tx_total=0 successes=0
produced block height=41914 tx_total=0 successes=0
produced block height=41915 tx_total=0 successes=0
produced block height=41916 tx_total=0 successes=0
produced block height=41917 tx_total=0 successes=0
produced block height=41918 tx_total=0 successes=0
produced block height=41919 tx_total=0 successes=0
produced block height=41920 tx_total=0 successes=0
produced block height=41921 tx_total=0 successes=0
produced block height=41922 tx_total=0 successes=0
produced block height=41923 tx_total=0 successes=0
produced block height=41924 tx_total=0 successes=0
produced block height=41925 tx_total=0 successes=0
produced block height=41926 tx_total=0 successes=0
produced block height=41927 tx_total=0 successes=0
produced block height=41928 tx_total=0 successes=0
produced block height=41929 tx_total=0 successes=0
produced block height=41930 tx_total=0 successes=0
produced block height=41931 tx_total=0 successes=0
produced block height=41932 tx_total=0 successes=0
produced block height=41933 tx_total=0 successes=0
produced block height=41934 tx_total=0 successes=0
produced block height=41935 tx_total=0 successes=0
produced block height=41936 tx_total=0 successes=0
produced block height=41937 tx_total=0 successes=0
produced block height=41938 tx_total=0 successes=0
produced block height=41939 tx_total=0 successes=0
produced block height=41940 tx_total=0 successes=0
produced block height=41941 tx_total=0 successes=0
produced block height=41942 tx_total=0 successes=0
produced block height=41943 tx_total=0 successes=0
produced block height=41944 tx_total=0 successes=0
produced block height=41945 tx_total=0 successes=0
produced block height=41946 tx_total=0 successes=0
produced block height=41947 tx_total=0 successes=0
produced block height=41948 tx_total=0 successes=0
produced block height=41949 tx_total=0 successes=0
produced block height=41950 tx_total=0 successes=0
produced block height=41951 tx_total=0 successes=0
produced block height=41952 tx_total=0 successes=0
produced block height=41953 tx_total=0 successes=0
produced block height=41954 tx_total=0 successes=0
produced block height=41955 tx_total=0 successes=0
produced block height=41956 tx_total=0 successes=0
produced block height=41957 tx_total=0 successes=0
produced block height=41958 tx_total=0 successes=0
produced block height=41959 tx_total=0 successes=0
produced block height=41960 tx_total=0 successes=0
produced block height=41961 tx_total=0 successes=0
produced block height=41962 tx_total=0 successes=0
produced block height=41963 tx_total=0 successes=0
produced block height=41964 tx_total=0 successes=0
produced block height=41965 tx_total=0 successes=0
produced block height=41966 tx_total=0 successes=0
produced block height=41967 tx_total=0 successes=0
produced block height=41968 tx_total=0 successes=0
produced block height=41969 tx_total=0 successes=0
produced block height=41970 tx_total=0 successes=0
produced block height=41971 tx_total=0 successes=0
produced block height=41972 tx_total=0 successes=0
produced block height=41973 tx_total=0 successes=0
produced block height=41974 tx_total=0 successes=0
produced block height=41975 tx_total=0 successes=0
produced block height=41976 tx_total=0 successes=0
produced block height=41977 tx_total=0 successes=0
produced block height=41978 tx_total=0 successes=0
produced block height=41979 tx_total=0 successes=0
produced block height=41980 tx_total=0 successes=0
produced block height=41981 tx_total=0 successes=0
produced block height=41982 tx_total=0 successes=0
produced block height=41983 tx_total=0 successes=0
produced block height=41984 tx_total=0 successes=0
produced block height=41985 tx_total=0 successes=0
produced block height=41986 tx_total=0 successes=0
produced block height=41987 tx_total=0 successes=0
produced block height=41988 tx_total=0 successes=0
produced block height=41989 tx_total=0 successes=0
produced block height=41990 tx_total=0 successes=0
produced block height=41991 tx_total=0 successes=0
produced block height=41992 tx_total=0 successes=0
produced block height=41993 tx_total=0 successes=0
produced block height=41994 tx_total=0 successes=0
produced block height=41995 tx_total=0 successes=0
produced block height=41996 tx_total=0 successes=0
produced block height=41997 tx_total=0 successes=0
produced block height=41998 tx_total=0 successes=0
produced block height=41999 tx_total=0 successes=0
produced block height=42000 tx_total=0 successes=0
produced block height=42001 tx_total=0 successes=0
produced block height=42002 tx_total=0 successes=0
produced block height=42003 tx_total=0 successes=0
produced block height=42004 tx_total=0 successes=0
produced block height=42005 tx_total=0 successes=0
produced block height=42006 tx_total=0 successes=0
produced block height=42007 tx_total=0 successes=0
produced block height=42008 tx_total=0 successes=0
produced block height=42009 tx_total=0 successes=0
produced block height=42010 tx_total=0 successes=0
produced block height=42011 tx_total=0 successes=0
produced block height=42012 tx_total=0 successes=0
produced block height=42013 tx_total=0 successes=0
produced block height=42014 tx_total=0 successes=0
produced block height=42015 tx_total=0 successes=0
produced block height=42016 tx_total=0 successes=0
produced block height=42017 tx_total=0 successes=0
produced block height=42018 tx_total=0 successes=0
produced block height=42019 tx_total=0 successes=0
produced block height=42020 tx_total=0 successes=0
produced block height=42021 tx_total=0 successes=0
produced block height=42022 tx_total=0 successes=0
produced block height=42023 tx_total=0 successes=0
produced block height=42024 tx_total=0 successes=0
produced block height=42025 tx_total=0 successes=0
produced block height=42026 tx_total=0 successes=0
produced block height=42027 tx_total=0 successes=0
produced block height=42028 tx_total=0 successes=0
produced block height=42029 tx_total=0 successes=0
produced block height=42030 tx_total=0 successes=0
produced block height=42031 tx_total=0 successes=0
produced block height=42032 tx_total=0 successes=0
produced block height=42033 tx_total=0 successes=0
produced block height=42034 tx_total=0 successes=0
produced block height=42035 tx_total=0 successes=0
produced block height=42036 tx_total=0 successes=0
produced block height=42037 tx_total=0 successes=0
produced block height=42038 tx_total=0 successes=0
produced block height=42039 tx_total=0 successes=0
produced block height=42040 tx_total=0 successes=0
produced block height=42041 tx_total=0 successes=0
produced block height=42042 tx_total=0 successes=0
produced block height=42043 tx_total=0 successes=0
produced block height=42044 tx_total=0 successes=0
produced block height=42045 tx_total=0 successes=0
produced block height=42046 tx_total=0 successes=0
produced block height=42047 tx_total=0 successes=0
produced block height=42048 tx_total=0 successes=0
produced block height=42049 tx_total=0 successes=0
produced block height=42050 tx_total=0 successes=0
produced block height=42051 tx_total=0 successes=0
produced block height=42052 tx_total=0 successes=0
produced block height=42053 tx_total=0 successes=0
produced block height=42054 tx_total=0 successes=0
produced block height=42055 tx_total=0 successes=0
produced block height=42056 tx_total=0 successes=0
produced block height=42057 tx_total=0 successes=0
produced block height=42058 tx_total=0 successes=0
produced block height=42059 tx_total=0 successes=0
produced block height=42060 tx_total=0 successes=0
produced block height=42061 tx_total=0 successes=0
produced block height=42062 tx_total=0 successes=0
produced block height=42063 tx_total=0 successes=0
produced block height=42064 tx_total=0 successes=0
produced block height=42065 tx_total=0 successes=0
produced block height=42066 tx_total=0 successes=0
produced block height=42067 tx_total=0 successes=0
produced block height=42068 tx_total=0 successes=0
produced block height=42069 tx_total=0 successes=0
produced block height=42070 tx_total=0 successes=0
produced block height=42071 tx_total=0 successes=0
produced block height=42072 tx_total=0 successes=0
produced block height=42073 tx_total=0 successes=0
produced block height=42074 tx_total=0 successes=0
produced block height=42075 tx_total=0 successes=0
produced block height=42076 tx_total=0 successes=0
produced block height=42077 tx_total=0 successes=0
produced block height=42078 tx_total=0 successes=0
produced block height=42079 tx_total=0 successes=0
produced block height=42080 tx_total=0 successes=0
produced block height=42081 tx_total=0 successes=0
produced block height=42082 tx_total=0 successes=0
produced block height=42083 tx_total=0 successes=0
produced block height=42084 tx_total=0 successes=0
produced block height=42085 tx_total=0 successes=0
produced block height=42086 tx_total=0 successes=0
produced block height=42087 tx_total=0 successes=0
produced block height=42088 tx_total=0 successes=0
produced block height=42089 tx_total=0 successes=0
produced block height=42090 tx_total=0 successes=0
produced block height=42091 tx_total=0 successes=0
produced block height=42092 tx_total=0 successes=0
produced block height=42093 tx_total=0 successes=0
produced block height=42094 tx_total=0 successes=0
produced block height=42095 tx_total=0 successes=0
produced block height=42096 tx_total=0 successes=0
produced block height=42097 tx_total=0 successes=0
produced block height=42098 tx_total=0 successes=0
produced block height=42099 tx_total=0 successes=0
produced block height=42100 tx_total=0 successes=0
produced block height=42101 tx_total=0 successes=0
produced block height=42102 tx_total=0 successes=0
produced block height=42103 tx_total=0 successes=0
produced block height=42104 tx_total=0 successes=0
produced block height=42105 tx_total=0 successes=0
produced block height=42106 tx_total=0 successes=0
produced block height=42107 tx_total=0 successes=0
produced block height=42108 tx_total=0 successes=0
produced block height=42109 tx_total=0 successes=0
produced block height=42110 tx_total=0 successes=0
produced block height=42111 tx_total=0 successes=0
produced block height=42112 tx_total=0 successes=0
produced block height=42113 tx_total=0 successes=0
produced block height=42114 tx_total=0 successes=0
produced block height=42115 tx_total=0 successes=0
produced block height=42116 tx_total=0 successes=0
produced block height=42117 tx_total=0 successes=0
produced block height=42118 tx_total=0 successes=0
produced block height=42119 tx_total=0 successes=0
produced block height=42120 tx_total=0 successes=0
produced block height=42121 tx_total=0 successes=0
produced block height=42122 tx_total=0 successes=0
produced block height=42123 tx_total=0 successes=0
produced block height=42124 tx_total=0 successes=0
produced block height=42125 tx_total=0 successes=0
produced block height=42126 tx_total=0 successes=0
produced block height=42127 tx_total=0 successes=0
produced block height=42128 tx_total=0 successes=0
produced block height=42129 tx_total=0 successes=0
produced block height=42130 tx_total=0 successes=0
produced block height=42131 tx_total=0 successes=0
produced block height=42132 tx_total=0 successes=0
produced block height=42133 tx_total=0 successes=0
produced block height=42134 tx_total=0 successes=0
produced block height=42135 tx_total=0 successes=0
produced block height=42136 tx_total=0 successes=0
produced block height=42137 tx_total=0 successes=0
produced block height=42138 tx_total=0 successes=0
produced block height=42139 tx_total=0 successes=0
produced block height=42140 tx_total=0 successes=0
produced block height=42141 tx_total=0 successes=0
produced block height=42142 tx_total=0 successes=0
produced block height=42143 tx_total=0 successes=0
produced block height=42144 tx_total=0 successes=0
produced block height=42145 tx_total=0 successes=0
produced block height=42146 tx_total=0 successes=0
produced block height=42147 tx_total=0 successes=0
produced block height=42148 tx_total=0 successes=0
produced block height=42149 tx_total=0 successes=0
produced block height=42150 tx_total=0 successes=0
produced block height=42151 tx_total=0 successes=0
produced block height=42152 tx_total=0 successes=0
produced block height=42153 tx_total=0 successes=0
produced block height=42154 tx_total=0 successes=0
produced block height=42155 tx_total=0 successes=0
produced block height=42156 tx_total=0 successes=0
produced block height=42157 tx_total=0 successes=0
produced block height=42158 tx_total=0 successes=0
produced block height=42159 tx_total=0 successes=0
produced block height=42160 tx_total=0 successes=0
produced block height=42161 tx_total=0 successes=0
produced block height=42162 tx_total=0 successes=0
produced block height=42163 tx_total=0 successes=0
produced block height=42164 tx_total=0 successes=0
produced block height=42165 tx_total=0 successes=0
produced block height=42166 tx_total=0 successes=0
produced block height=42167 tx_total=0 successes=0
produced block height=42168 tx_total=0 successes=0
produced block height=42169 tx_total=0 successes=0
produced block height=42170 tx_total=0 successes=0
produced block height=42171 tx_total=0 successes=0
produced block height=42172 tx_total=0 successes=0
produced block height=42173 tx_total=0 successes=0
produced block height=42174 tx_total=0 successes=0
produced block height=42175 tx_total=0 successes=0
produced block height=42176 tx_total=0 successes=0
produced block height=42177 tx_total=0 successes=0
produced block height=42178 tx_total=0 successes=0
produced block height=42179 tx_total=0 successes=0
produced block height=42180 tx_total=0 successes=0
produced block height=42181 tx_total=0 successes=0
produced block height=42182 tx_total=0 successes=0
produced block height=42183 tx_total=0 successes=0
produced block height=42184 tx_total=0 successes=0
produced block height=42185 tx_total=0 successes=0
produced block height=42186 tx_total=0 successes=0
produced block height=42187 tx_total=0 successes=0
produced block height=42188 tx_total=0 successes=0
produced block height=42189 tx_total=0 successes=0
produced block height=42190 tx_total=0 successes=0
produced block height=42191 tx_total=0 successes=0
produced block height=42192 tx_total=0 successes=0
produced block height=42193 tx_total=0 successes=0
produced block height=42194 tx_total=0 successes=0
produced block height=42195 tx_total=0 successes=0
produced block height=42196 tx_total=0 successes=0
produced block height=42197 tx_total=0 successes=0
produced block height=42198 tx_total=0 successes=0
produced block height=42199 tx_total=0 successes=0
produced block height=42200 tx_total=0 successes=0
produced block height=42201 tx_total=0 successes=0
produced block height=42202 tx_total=0 successes=0
produced block height=42203 tx_total=0 successes=0
produced block height=42204 tx_total=0 successes=0
produced block height=42205 tx_total=0 successes=0
produced block height=42206 tx_total=0 successes=0
produced block height=42207 tx_total=0 successes=0
produced block height=42208 tx_total=0 successes=0
produced block height=42209 tx_total=0 successes=0
produced block height=42210 tx_total=0 successes=0
produced block height=42211 tx_total=0 successes=0
produced block height=42212 tx_total=0 successes=0
produced block height=42213 tx_total=0 successes=0
produced block height=42214 tx_total=0 successes=0
produced block height=42215 tx_total=0 successes=0
produced block height=42216 tx_total=0 successes=0
produced block height=42217 tx_total=0 successes=0
produced block height=42218 tx_total=0 successes=0
produced block height=42219 tx_total=0 successes=0
produced block height=42220 tx_total=0 successes=0
produced block height=42221 tx_total=0 successes=0
produced block height=42222 tx_total=0 successes=0
produced block height=42223 tx_total=0 successes=0
produced block height=42224 tx_total=0 successes=0
produced block height=42225 tx_total=0 successes=0
produced block height=42226 tx_total=0 successes=0
produced block height=42227 tx_total=0 successes=0
produced block height=42228 tx_total=0 successes=0
produced block height=42229 tx_total=0 successes=0
produced block height=42230 tx_total=0 successes=0
produced block height=42231 tx_total=0 successes=0
produced block height=42232 tx_total=0 successes=0
produced block height=42233 tx_total=0 successes=0
produced block height=42234 tx_total=0 successes=0
produced block height=42235 tx_total=0 successes=0
produced block height=42236 tx_total=0 successes=0
produced block height=42237 tx_total=0 successes=0
produced block height=42238 tx_total=0 successes=0
produced block height=42239 tx_total=0 successes=0
produced block height=42240 tx_total=0 successes=0
produced block height=42241 tx_total=0 successes=0
produced block height=42242 tx_total=0 successes=0
produced block height=42243 tx_total=0 successes=0
produced block height=42244 tx_total=0 successes=0
produced block height=42245 tx_total=0 successes=0
produced block height=42246 tx_total=0 successes=0
produced block height=42247 tx_total=0 successes=0
produced block height=42248 tx_total=0 successes=0
produced block height=42249 tx_total=0 successes=0
produced block height=42250 tx_total=0 successes=0
produced block height=42251 tx_total=0 successes=0
produced block height=42252 tx_total=0 successes=0
produced block height=42253 tx_total=0 successes=0
produced block height=42254 tx_total=0 successes=0
produced block height=42255 tx_total=0 successes=0
produced block height=42256 tx_total=0 successes=0
produced block height=42257 tx_total=0 successes=0
produced block height=42258 tx_total=0 successes=0
produced block height=42259 tx_total=0 successes=0
produced block height=42260 tx_total=0 successes=0
produced block height=42261 tx_total=0 successes=0
produced block height=42262 tx_total=0 successes=0
produced block height=42263 tx_total=0 successes=0
produced block height=42264 tx_total=0 successes=0
produced block height=42265 tx_total=0 successes=0
produced block height=42266 tx_total=0 successes=0
produced block height=42267 tx_total=0 successes=0
produced block height=42268 tx_total=0 successes=0
produced block height=42269 tx_total=0 successes=0
produced block height=42270 tx_total=0 successes=0
produced block height=42271 tx_total=0 successes=0
produced block height=42272 tx_total=0 successes=0
produced block height=42273 tx_total=0 successes=0
produced block height=42274 tx_total=0 successes=0
produced block height=42275 tx_total=0 successes=0
produced block height=42276 tx_total=0 successes=0
produced block height=42277 tx_total=0 successes=0
produced block height=42278 tx_total=0 successes=0
produced block height=42279 tx_total=0 successes=0
produced block height=42280 tx_total=0 successes=0
produced block height=42281 tx_total=0 successes=0
produced block height=42282 tx_total=0 successes=0
produced block height=42283 tx_total=0 successes=0
produced block height=42284 tx_total=0 successes=0
produced block height=42285 tx_total=0 successes=0
produced block height=42286 tx_total=0 successes=0
produced block height=42287 tx_total=0 successes=0
produced block height=42288 tx_total=0 successes=0
produced block height=42289 tx_total=0 successes=0
produced block height=42290 tx_total=0 successes=0
produced block height=42291 tx_total=0 successes=0
produced block height=42292 tx_total=0 successes=0
produced block height=42293 tx_total=0 successes=0
produced block height=42294 tx_total=0 successes=0
produced block height=42295 tx_total=0 successes=0
produced block height=42296 tx_total=0 successes=0
produced block height=42297 tx_total=0 successes=0
produced block height=42298 tx_total=0 successes=0
produced block height=42299 tx_total=0 successes=0
produced block height=42300 tx_total=0 successes=0
produced block height=42301 tx_total=0 successes=0
produced block height=42302 tx_total=0 successes=0
produced block height=42303 tx_total=0 successes=0
produced block height=42304 tx_total=0 successes=0
produced block height=42305 tx_total=0 successes=0
produced block height=42306 tx_total=0 successes=0
produced block height=42307 tx_total=0 successes=0
produced block height=42308 tx_total=0 successes=0
produced block height=42309 tx_total=0 successes=0
produced block height=42310 tx_total=0 successes=0
produced block height=42311 tx_total=0 successes=0
produced block height=42312 tx_total=0 successes=0
produced block height=42313 tx_total=0 successes=0
produced block height=42314 tx_total=0 successes=0
produced block height=42315 tx_total=0 successes=0
produced block height=42316 tx_total=0 successes=0
produced block height=42317 tx_total=0 successes=0
produced block height=42318 tx_total=0 successes=0
produced block height=42319 tx_total=0 successes=0
produced block height=42320 tx_total=0 successes=0
produced block height=42321 tx_total=0 successes=0
produced block height=42322 tx_total=0 successes=0
produced block height=42323 tx_total=0 successes=0
produced block height=42324 tx_total=0 successes=0
produced block height=42325 tx_total=0 successes=0
produced block height=42326 tx_total=0 successes=0
produced block height=42327 tx_total=0 successes=0
produced block height=42328 tx_total=0 successes=0
produced block height=42329 tx_total=0 successes=0
produced block height=42330 tx_total=0 successes=0
produced block height=42331 tx_total=0 successes=0
produced block height=42332 tx_total=0 successes=0
produced block height=42333 tx_total=0 successes=0
produced block height=42334 tx_total=0 successes=0
produced block height=42335 tx_total=0 successes=0
produced block height=42336 tx_total=0 successes=0
produced block height=42337 tx_total=0 successes=0
produced block height=42338 tx_total=0 successes=0
produced block height=42339 tx_total=0 successes=0
produced block height=42340 tx_total=0 successes=0
produced block height=42341 tx_total=0 successes=0
produced block height=42342 tx_total=0 successes=0
produced block height=42343 tx_total=0 successes=0
produced block height=42344 tx_total=0 successes=0
produced block height=42345 tx_total=0 successes=0
produced block height=42346 tx_total=0 successes=0
produced block height=42347 tx_total=0 successes=0
produced block height=42348 tx_total=0 successes=0
produced block height=42349 tx_total=0 successes=0
produced block height=42350 tx_total=0 successes=0
produced block height=42351 tx_total=0 successes=0
produced block height=42352 tx_total=0 successes=0
produced block height=42353 tx_total=0 successes=0
produced block height=42354 tx_total=0 successes=0
produced block height=42355 tx_total=0 successes=0
produced block height=42356 tx_total=0 successes=0
produced block height=42357 tx_total=0 successes=0
produced block height=42358 tx_total=0 successes=0
produced block height=42359 tx_total=0 successes=0
produced block height=42360 tx_total=0 successes=0
produced block height=42361 tx_total=0 successes=0
produced block height=42362 tx_total=0 successes=0
produced block height=42363 tx_total=0 successes=0
produced block height=42364 tx_total=0 successes=0
produced block height=42365 tx_total=0 successes=0
produced block height=42366 tx_total=0 successes=0
produced block height=42367 tx_total=0 successes=0
produced block height=42368 tx_total=0 successes=0
produced block height=42369 tx_total=0 successes=0
produced block height=42370 tx_total=0 successes=0
produced block height=42371 tx_total=0 successes=0
produced block height=42372 tx_total=0 successes=0
produced block height=42373 tx_total=0 successes=0
produced block height=42374 tx_total=0 successes=0
produced block height=42375 tx_total=0 successes=0
produced block height=42376 tx_total=0 successes=0
produced block height=42377 tx_total=0 successes=0
produced block height=42378 tx_total=0 successes=0
produced block height=42379 tx_total=0 successes=0
produced block height=42380 tx_total=0 successes=0
produced block height=42381 tx_total=0 successes=0
produced block height=42382 tx_total=0 successes=0
produced block height=42383 tx_total=0 successes=0
produced block height=42384 tx_total=0 successes=0
produced block height=42385 tx_total=0 successes=0
produced block height=42386 tx_total=0 successes=0
produced block height=42387 tx_total=0 successes=0
produced block height=42388 tx_total=0 successes=0
produced block height=42389 tx_total=0 successes=0
produced block height=42390 tx_total=0 successes=0
produced block height=42391 tx_total=0 successes=0
produced block height=42392 tx_total=0 successes=0
produced block height=42393 tx_total=0 successes=0
produced block height=42394 tx_total=0 successes=0
produced block height=42395 tx_total=0 successes=0
produced block height=42396 tx_total=0 successes=0
produced block height=42397 tx_total=0 successes=0
produced block height=42398 tx_total=0 successes=0
produced block height=42399 tx_total=0 successes=0
produced block height=42400 tx_total=0 successes=0
produced block height=42401 tx_total=0 successes=0
produced block height=42402 tx_total=0 successes=0
produced block height=42403 tx_total=0 successes=0
produced block height=42404 tx_total=0 successes=0
produced block height=42405 tx_total=0 successes=0
produced block height=42406 tx_total=0 successes=0
produced block height=42407 tx_total=0 successes=0
produced block height=42408 tx_total=0 successes=0
produced block height=42409 tx_total=0 successes=0
produced block height=42410 tx_total=0 successes=0
produced block height=42411 tx_total=0 successes=0
produced block height=42412 tx_total=0 successes=0
produced block height=42413 tx_total=0 successes=0
produced block height=42414 tx_total=0 successes=0
produced block height=42415 tx_total=0 successes=0
produced block height=42416 tx_total=0 successes=0
produced block height=42417 tx_total=0 successes=0
produced block height=42418 tx_total=0 successes=0
produced block height=42419 tx_total=0 successes=0
produced block height=42420 tx_total=0 successes=0
produced block height=42421 tx_total=0 successes=0
produced block height=42422 tx_total=0 successes=0
produced block height=42423 tx_total=0 successes=0
produced block height=42424 tx_total=0 successes=0
produced block height=42425 tx_total=0 successes=0
produced block height=42426 tx_total=0 successes=0
produced block height=42427 tx_total=0 successes=0
produced block height=42428 tx_total=0 successes=0
produced block height=42429 tx_total=0 successes=0
produced block height=42430 tx_total=0 successes=0
produced block height=42431 tx_total=0 successes=0
produced block height=42432 tx_total=0 successes=0
produced block height=42433 tx_total=0 successes=0
produced block height=42434 tx_total=0 successes=0
produced block height=42435 tx_total=0 successes=0
produced block height=42436 tx_total=0 successes=0
produced block height=42437 tx_total=0 successes=0
produced block height=42438 tx_total=0 successes=0
produced block height=42439 tx_total=0 successes=0
produced block height=42440 tx_total=0 successes=0
produced block height=42441 tx_total=0 successes=0
produced block height=42442 tx_total=0 successes=0
produced block height=42443 tx_total=0 successes=0
produced block height=42444 tx_total=0 successes=0
produced block height=42445 tx_total=0 successes=0
produced block height=42446 tx_total=0 successes=0
produced block height=42447 tx_total=0 successes=0
produced block height=42448 tx_total=0 successes=0
produced block height=42449 tx_total=0 successes=0
produced block height=42450 tx_total=0 successes=0
produced block height=42451 tx_total=0 successes=0
produced block height=42452 tx_total=0 successes=0
produced block height=42453 tx_total=0 successes=0
produced block height=42454 tx_total=0 successes=0
produced block height=42455 tx_total=0 successes=0
produced block height=42456 tx_total=0 successes=0
produced block height=42457 tx_total=0 successes=0
produced block height=42458 tx_total=0 successes=0
produced block height=42459 tx_total=0 successes=0
produced block height=42460 tx_total=0 successes=0
produced block height=42461 tx_total=0 successes=0
produced block height=42462 tx_total=0 successes=0
produced block height=42463 tx_total=0 successes=0
produced block height=42464 tx_total=0 successes=0
produced block height=42465 tx_total=0 successes=0
produced block height=42466 tx_total=0 successes=0
produced block height=42467 tx_total=0 successes=0
produced block height=42468 tx_total=0 successes=0
produced block height=42469 tx_total=0 successes=0
produced block height=42470 tx_total=0 successes=0
produced block height=42471 tx_total=0 successes=0
produced block height=42472 tx_total=0 successes=0
produced block height=42473 tx_total=0 successes=0
produced block height=42474 tx_total=0 successes=0
produced block height=42475 tx_total=0 successes=0
produced block height=42476 tx_total=0 successes=0
produced block height=42477 tx_total=0 successes=0
produced block height=42478 tx_total=0 successes=0
produced block height=42479 tx_total=0 successes=0
produced block height=42480 tx_total=0 successes=0
produced block height=42481 tx_total=0 successes=0
produced block height=42482 tx_total=0 successes=0
produced block height=42483 tx_total=0 successes=0
produced block height=42484 tx_total=0 successes=0
produced block height=42485 tx_total=0 successes=0
produced block height=42486 tx_total=0 successes=0
produced block height=42487 tx_total=0 successes=0
produced block height=42488 tx_total=0 successes=0
produced block height=42489 tx_total=0 successes=0
produced block height=42490 tx_total=0 successes=0
produced block height=42491 tx_total=0 successes=0
produced block height=42492 tx_total=0 successes=0
produced block height=42493 tx_total=0 successes=0
produced block height=42494 tx_total=0 successes=0
produced block height=42495 tx_total=0 successes=0
produced block height=42496 tx_total=0 successes=0
produced block height=42497 tx_total=0 successes=0
produced block height=42498 tx_total=0 successes=0
produced block height=42499 tx_total=0 successes=0
produced block height=42500 tx_total=0 successes=0
produced block height=42501 tx_total=0 successes=0
produced block height=42502 tx_total=0 successes=0
produced block height=42503 tx_total=0 successes=0
produced block height=42504 tx_total=0 successes=0
produced block height=42505 tx_total=0 successes=0
produced block height=42506 tx_total=0 successes=0
produced block height=42507 tx_total=0 successes=0
produced block height=42508 tx_total=0 successes=0
produced block height=42509 tx_total=0 successes=0
produced block height=42510 tx_total=0 successes=0
produced block height=42511 tx_total=0 successes=0
produced block height=42512 tx_total=0 successes=0
produced block height=42513 tx_total=0 successes=0
produced block height=42514 tx_total=0 successes=0
produced block height=42515 tx_total=0 successes=0
produced block height=42516 tx_total=0 successes=0
produced block height=42517 tx_total=0 successes=0
produced block height=42518 tx_total=0 successes=0
produced block height=42519 tx_total=0 successes=0
produced block height=42520 tx_total=0 successes=0
produced block height=42521 tx_total=0 successes=0
produced block height=42522 tx_total=0 successes=0
produced block height=42523 tx_total=0 successes=0
produced block height=42524 tx_total=0 successes=0
produced block height=42525 tx_total=0 successes=0
produced block height=42526 tx_total=0 successes=0
produced block height=42527 tx_total=0 successes=0
produced block height=42528 tx_total=0 successes=0
produced block height=42529 tx_total=0 successes=0
produced block height=42530 tx_total=0 successes=0
produced block height=42531 tx_total=0 successes=0
produced block height=42532 tx_total=0 successes=0
produced block height=42533 tx_total=0 successes=0
produced block height=42534 tx_total=0 successes=0
produced block height=42535 tx_total=0 successes=0
produced block height=42536 tx_total=0 successes=0
produced block height=42537 tx_total=0 successes=0
produced block height=42538 tx_total=0 successes=0
produced block height=42539 tx_total=0 successes=0
produced block height=42540 tx_total=0 successes=0
produced block height=42541 tx_total=0 successes=0
produced block height=42542 tx_total=0 successes=0
produced block height=42543 tx_total=0 successes=0
produced block height=42544 tx_total=0 successes=0
produced block height=42545 tx_total=0 successes=0
produced block height=42546 tx_total=0 successes=0
produced block height=42547 tx_total=0 successes=0
produced block height=42548 tx_total=0 successes=0
produced block height=42549 tx_total=0 successes=0
produced block height=42550 tx_total=0 successes=0
produced block height=42551 tx_total=0 successes=0
produced block height=42552 tx_total=0 successes=0
produced block height=42553 tx_total=0 successes=0
produced block height=42554 tx_total=0 successes=0
produced block height=42555 tx_total=0 successes=0
produced block height=42556 tx_total=0 successes=0
produced block height=42557 tx_total=0 successes=0
produced block height=42558 tx_total=0 successes=0
produced block height=42559 tx_total=0 successes=0
produced block height=42560 tx_total=0 successes=0
produced block height=42561 tx_total=0 successes=0
produced block height=42562 tx_total=0 successes=0
produced block height=42563 tx_total=0 successes=0
produced block height=42564 tx_total=0 successes=0
produced block height=42565 tx_total=0 successes=0
produced block height=42566 tx_total=0 successes=0
produced block height=42567 tx_total=0 successes=0
produced block height=42568 tx_total=0 successes=0
produced block height=42569 tx_total=0 successes=0
produced block height=42570 tx_total=0 successes=0
produced block height=42571 tx_total=0 successes=0
produced block height=42572 tx_total=0 successes=0
produced block height=42573 tx_total=0 successes=0
produced block height=42574 tx_total=0 successes=0
produced block height=42575 tx_total=0 successes=0
produced block height=42576 tx_total=0 successes=0
produced block height=42577 tx_total=0 successes=0
produced block height=42578 tx_total=0 successes=0
produced block height=42579 tx_total=0 successes=0
produced block height=42580 tx_total=0 successes=0
produced block height=42581 tx_total=0 successes=0
produced block height=42582 tx_total=0 successes=0
produced block height=42583 tx_total=0 successes=0
produced block height=42584 tx_total=0 successes=0
produced block height=42585 tx_total=0 successes=0
produced block height=42586 tx_total=0 successes=0
produced block height=42587 tx_total=0 successes=0
produced block height=42588 tx_total=0 successes=0
produced block height=42589 tx_total=0 successes=0
produced block height=42590 tx_total=0 successes=0
produced block height=42591 tx_total=0 successes=0
produced block height=42592 tx_total=0 successes=0
produced block height=42593 tx_total=0 successes=0
produced block height=42594 tx_total=0 successes=0
produced block height=42595 tx_total=0 successes=0
produced block height=42596 tx_total=0 successes=0
produced block height=42597 tx_total=0 successes=0
produced block height=42598 tx_total=0 successes=0
produced block height=42599 tx_total=0 successes=0
produced block height=42600 tx_total=0 successes=0
produced block height=42601 tx_total=0 successes=0
produced block height=42602 tx_total=0 successes=0
produced block height=42603 tx_total=0 successes=0
produced block height=42604 tx_total=0 successes=0
produced block height=42605 tx_total=0 successes=0
produced block height=42606 tx_total=0 successes=0
produced block height=42607 tx_total=0 successes=0
produced block height=42608 tx_total=0 successes=0
produced block height=42609 tx_total=0 successes=0
produced block height=42610 tx_total=0 successes=0
produced block height=42611 tx_total=0 successes=0
produced block height=42612 tx_total=0 successes=0
produced block height=42613 tx_total=0 successes=0
produced block height=42614 tx_total=0 successes=0
produced block height=42615 tx_total=0 successes=0
produced block height=42616 tx_total=0 successes=0
produced block height=42617 tx_total=0 successes=0
produced block height=42618 tx_total=0 successes=0
produced block height=42619 tx_total=0 successes=0
produced block height=42620 tx_total=0 successes=0
produced block height=42621 tx_total=0 successes=0
produced block height=42622 tx_total=0 successes=0
produced block height=42623 tx_total=0 successes=0
produced block height=42624 tx_total=0 successes=0
produced block height=42625 tx_total=0 successes=0
produced block height=42626 tx_total=0 successes=0
produced block height=42627 tx_total=0 successes=0
produced block height=42628 tx_total=0 successes=0
produced block height=42629 tx_total=0 successes=0
produced block height=42630 tx_total=0 successes=0
produced block height=42631 tx_total=0 successes=0
produced block height=42632 tx_total=0 successes=0
produced block height=42633 tx_total=0 successes=0
produced block height=42634 tx_total=0 successes=0
produced block height=42635 tx_total=0 successes=0
produced block height=42636 tx_total=0 successes=0
produced block height=42637 tx_total=0 successes=0
produced block height=42638 tx_total=0 successes=0
produced block height=42639 tx_total=0 successes=0
produced block height=42640 tx_total=0 successes=0
produced block height=42641 tx_total=0 successes=0
produced block height=42642 tx_total=0 successes=0
produced block height=42643 tx_total=0 successes=0
produced block height=42644 tx_total=0 successes=0
produced block height=42645 tx_total=0 successes=0
produced block height=42646 tx_total=0 successes=0
produced block height=42647 tx_total=0 successes=0
produced block height=42648 tx_total=0 successes=0
produced block height=42649 tx_total=0 successes=0
produced block height=42650 tx_total=0 successes=0
produced block height=42651 tx_total=0 successes=0
produced block height=42652 tx_total=0 successes=0
produced block height=42653 tx_total=0 successes=0
produced block height=42654 tx_total=0 successes=0
produced block height=42655 tx_total=0 successes=0
produced block height=42656 tx_total=0 successes=0
produced block height=42657 tx_total=0 successes=0
produced block height=42658 tx_total=0 successes=0
produced block height=42659 tx_total=0 successes=0
produced block height=42660 tx_total=0 successes=0
produced block height=42661 tx_total=0 successes=0
produced block height=42662 tx_total=0 successes=0
produced block height=42663 tx_total=0 successes=0
produced block height=42664 tx_total=0 successes=0
produced block height=42665 tx_total=0 successes=0
produced block height=42666 tx_total=0 successes=0
produced block height=42667 tx_total=0 successes=0
produced block height=42668 tx_total=0 successes=0
produced block height=42669 tx_total=0 successes=0
produced block height=42670 tx_total=0 successes=0
produced block height=42671 tx_total=0 successes=0
produced block height=42672 tx_total=0 successes=0
produced block height=42673 tx_total=0 successes=0
produced block height=42674 tx_total=0 successes=0
produced block height=42675 tx_total=0 successes=0
produced block height=42676 tx_total=0 successes=0
produced block height=42677 tx_total=0 successes=0
produced block height=42678 tx_total=0 successes=0
produced block height=42679 tx_total=0 successes=0
produced block height=42680 tx_total=0 successes=0
produced block height=42681 tx_total=0 successes=0
produced block height=42682 tx_total=0 successes=0
produced block height=42683 tx_total=0 successes=0
produced block height=42684 tx_total=0 successes=0
produced block height=42685 tx_total=0 successes=0
produced block height=42686 tx_total=0 successes=0
produced block height=42687 tx_total=0 successes=0
produced block height=42688 tx_total=0 successes=0
produced block height=42689 tx_total=0 successes=0
produced block height=42690 tx_total=0 successes=0
produced block height=42691 tx_total=0 successes=0
produced block height=42692 tx_total=0 successes=0
produced block height=42693 tx_total=0 successes=0
produced block height=42694 tx_total=0 successes=0
produced block height=42695 tx_total=0 successes=0
produced block height=42696 tx_total=0 successes=0
produced block height=42697 tx_total=0 successes=0
produced block height=42698 tx_total=0 successes=0
produced block height=42699 tx_total=0 successes=0
produced block height=42700 tx_total=0 successes=0
produced block height=42701 tx_total=0 successes=0
produced block height=42702 tx_total=0 successes=0
produced block height=42703 tx_total=0 successes=0
produced block height=42704 tx_total=0 successes=0
produced block height=42705 tx_total=0 successes=0
produced block height=42706 tx_total=0 successes=0
produced block height=42707 tx_total=0 successes=0
produced block height=42708 tx_total=0 successes=0
produced block height=42709 tx_total=0 successes=0
produced block height=42710 tx_total=0 successes=0
produced block height=42711 tx_total=0 successes=0
produced block height=42712 tx_total=0 successes=0
produced block height=42713 tx_total=0 successes=0
produced block height=42714 tx_total=0 successes=0
produced block height=42715 tx_total=0 successes=0
produced block height=42716 tx_total=0 successes=0
produced block height=42717 tx_total=0 successes=0
produced block height=42718 tx_total=0 successes=0
produced block height=42719 tx_total=0 successes=0
produced block height=42720 tx_total=0 successes=0
produced block height=42721 tx_total=0 successes=0
produced block height=42722 tx_total=0 successes=0
produced block height=42723 tx_total=0 successes=0
produced block height=42724 tx_total=0 successes=0
produced block height=42725 tx_total=0 successes=0
produced block height=42726 tx_total=0 successes=0
produced block height=42727 tx_total=0 successes=0
produced block height=42728 tx_total=0 successes=0
produced block height=42729 tx_total=0 successes=0
produced block height=42730 tx_total=0 successes=0
produced block height=42731 tx_total=0 successes=0
produced block height=42732 tx_total=0 successes=0
produced block height=42733 tx_total=0 successes=0
produced block height=42734 tx_total=0 successes=0
produced block height=42735 tx_total=0 successes=0
produced block height=42736 tx_total=0 successes=0
produced block height=42737 tx_total=0 successes=0
produced block height=42738 tx_total=0 successes=0
produced block height=42739 tx_total=0 successes=0
produced block height=42740 tx_total=0 successes=0
produced block height=42741 tx_total=0 successes=0
produced block height=42742 tx_total=0 successes=0
produced block height=42743 tx_total=0 successes=0
produced block height=42744 tx_total=0 successes=0
produced block height=42745 tx_total=0 successes=0
produced block height=42746 tx_total=0 successes=0
produced block height=42747 tx_total=0 successes=0
produced block height=42748 tx_total=0 successes=0
produced block height=42749 tx_total=0 successes=0
produced block height=42750 tx_total=0 successes=0
produced block height=42751 tx_total=0 successes=0
produced block height=42752 tx_total=0 successes=0
produced block height=42753 tx_total=0 successes=0
produced block height=42754 tx_total=0 successes=0
produced block height=42755 tx_total=0 successes=0
produced block height=42756 tx_total=0 successes=0
produced block height=42757 tx_total=0 successes=0
produced block height=42758 tx_total=0 successes=0
produced block height=42759 tx_total=0 successes=0
produced block height=42760 tx_total=0 successes=0
produced block height=42761 tx_total=0 successes=0
produced block height=42762 tx_total=0 successes=0
produced block height=42763 tx_total=0 successes=0
produced block height=42764 tx_total=0 successes=0
produced block height=42765 tx_total=0 successes=0
produced block height=42766 tx_total=0 successes=0
produced block height=42767 tx_total=0 successes=0
produced block height=42768 tx_total=0 successes=0
produced block height=42769 tx_total=0 successes=0
produced block height=42770 tx_total=0 successes=0
produced block height=42771 tx_total=0 successes=0
produced block height=42772 tx_total=0 successes=0
produced block height=42773 tx_total=0 successes=0
produced block height=42774 tx_total=0 successes=0
produced block height=42775 tx_total=0 successes=0
produced block height=42776 tx_total=0 successes=0
produced block height=42777 tx_total=0 successes=0
produced block height=42778 tx_total=0 successes=0
produced block height=42779 tx_total=0 successes=0
produced block height=42780 tx_total=0 successes=0
produced block height=42781 tx_total=0 successes=0
produced block height=42782 tx_total=0 successes=0
produced block height=42783 tx_total=0 successes=0
produced block height=42784 tx_total=0 successes=0
produced block height=42785 tx_total=0 successes=0
produced block height=42786 tx_total=0 successes=0
produced block height=42787 tx_total=0 successes=0
produced block height=42788 tx_total=0 successes=0
produced block height=42789 tx_total=0 successes=0
produced block height=42790 tx_total=0 successes=0
produced block height=42791 tx_total=0 successes=0
produced block height=42792 tx_total=0 successes=0
produced block height=42793 tx_total=0 successes=0
produced block height=42794 tx_total=0 successes=0
produced block height=42795 tx_total=0 successes=0
produced block height=42796 tx_total=0 successes=0
produced block height=42797 tx_total=0 successes=0
produced block height=42798 tx_total=0 successes=0
produced block height=42799 tx_total=0 successes=0
produced block height=42800 tx_total=0 successes=0
produced block height=42801 tx_total=0 successes=0
produced block height=42802 tx_total=0 successes=0
produced block height=42803 tx_total=0 successes=0
produced block height=42804 tx_total=0 successes=0
produced block height=42805 tx_total=0 successes=0
produced block height=42806 tx_total=0 successes=0
produced block height=42807 tx_total=0 successes=0
produced block height=42808 tx_total=0 successes=0
produced block height=42809 tx_total=0 successes=0
produced block height=42810 tx_total=0 successes=0
produced block height=42811 tx_total=0 successes=0
produced block height=42812 tx_total=0 successes=0
produced block height=42813 tx_total=0 successes=0
produced block height=42814 tx_total=0 successes=0
produced block height=42815 tx_total=0 successes=0
produced block height=42816 tx_total=0 successes=0
produced block height=42817 tx_total=0 successes=0
produced block height=42818 tx_total=0 successes=0
produced block height=42819 tx_total=0 successes=0
produced block height=42820 tx_total=0 successes=0
produced block height=42821 tx_total=0 successes=0
produced block height=42822 tx_total=0 successes=0
produced block height=42823 tx_total=0 successes=0
produced block height=42824 tx_total=0 successes=0
produced block height=42825 tx_total=0 successes=0
produced block height=42826 tx_total=0 successes=0
produced block height=42827 tx_total=0 successes=0
produced block height=42828 tx_total=0 successes=0
produced block height=42829 tx_total=0 successes=0
produced block height=42830 tx_total=0 successes=0
produced block height=42831 tx_total=0 successes=0
produced block height=42832 tx_total=0 successes=0
produced block height=42833 tx_total=0 successes=0
produced block height=42834 tx_total=0 successes=0
produced block height=42835 tx_total=0 successes=0
produced block height=42836 tx_total=0 successes=0
produced block height=42837 tx_total=0 successes=0
produced block height=42838 tx_total=0 successes=0
produced block height=42839 tx_total=0 successes=0
produced block height=42840 tx_total=0 successes=0
produced block height=42841 tx_total=0 successes=0
produced block height=42842 tx_total=0 successes=0
produced block height=42843 tx_total=0 successes=0
produced block height=42844 tx_total=0 successes=0
produced block height=42845 tx_total=0 successes=0
produced block height=42846 tx_total=0 successes=0
produced block height=42847 tx_total=0 successes=0
produced block height=42848 tx_total=0 successes=0
produced block height=42849 tx_total=0 successes=0
produced block height=42850 tx_total=0 successes=0
produced block height=42851 tx_total=0 successes=0
produced block height=42852 tx_total=0 successes=0
produced block height=42853 tx_total=0 successes=0
produced block height=42854 tx_total=0 successes=0
produced block height=42855 tx_total=0 successes=0
produced block height=42856 tx_total=0 successes=0
produced block height=42857 tx_total=0 successes=0
produced block height=42858 tx_total=0 successes=0
produced block height=42859 tx_total=0 successes=0
produced block height=42860 tx_total=0 successes=0
produced block height=42861 tx_total=0 successes=0
produced block height=42862 tx_total=0 successes=0
produced block height=42863 tx_total=0 successes=0
produced block height=42864 tx_total=0 successes=0
produced block height=42865 tx_total=0 successes=0
produced block height=42866 tx_total=0 successes=0
produced block height=42867 tx_total=0 successes=0
produced block height=42868 tx_total=0 successes=0
produced block height=42869 tx_total=0 successes=0
produced block height=42870 tx_total=0 successes=0
produced block height=42871 tx_total=0 successes=0
produced block height=42872 tx_total=0 successes=0
produced block height=42873 tx_total=0 successes=0
produced block height=42874 tx_total=0 successes=0
produced block height=42875 tx_total=0 successes=0
produced block height=42876 tx_total=0 successes=0
produced block height=42877 tx_total=0 successes=0
produced block height=42878 tx_total=0 successes=0
produced block height=42879 tx_total=0 successes=0
produced block height=42880 tx_total=0 successes=0
produced block height=42881 tx_total=0 successes=0
produced block height=42882 tx_total=0 successes=0
produced block height=42883 tx_total=0 successes=0
produced block height=42884 tx_total=0 successes=0
produced block height=42885 tx_total=0 successes=0
produced block height=42886 tx_total=0 successes=0
produced block height=42887 tx_total=0 successes=0
produced block height=42888 tx_total=0 successes=0
produced block height=42889 tx_total=0 successes=0
produced block height=42890 tx_total=0 successes=0
produced block height=42891 tx_total=0 successes=0
produced block height=42892 tx_total=0 successes=0
produced block height=42893 tx_total=0 successes=0
produced block height=42894 tx_total=0 successes=0
produced block height=42895 tx_total=0 successes=0
produced block height=42896 tx_total=0 successes=0
produced block height=42897 tx_total=0 successes=0
produced block height=42898 tx_total=0 successes=0
produced block height=42899 tx_total=0 successes=0
produced block height=42900 tx_total=0 successes=0
produced block height=42901 tx_total=0 successes=0
produced block height=42902 tx_total=0 successes=0
produced block height=42903 tx_total=0 successes=0
produced block height=42904 tx_total=0 successes=0
produced block height=42905 tx_total=0 successes=0
produced block height=42906 tx_total=0 successes=0
produced block height=42907 tx_total=0 successes=0
produced block height=42908 tx_total=0 successes=0
produced block height=42909 tx_total=0 successes=0
produced block height=42910 tx_total=0 successes=0
produced block height=42911 tx_total=0 successes=0
produced block height=42912 tx_total=0 successes=0
produced block height=42913 tx_total=0 successes=0
produced block height=42914 tx_total=0 successes=0
produced block height=42915 tx_total=0 successes=0
produced block height=42916 tx_total=0 successes=0
produced block height=42917 tx_total=0 successes=0
produced block height=42918 tx_total=0 successes=0
produced block height=42919 tx_total=0 successes=0
produced block height=42920 tx_total=0 successes=0
produced block height=42921 tx_total=0 successes=0
produced block height=42922 tx_total=0 successes=0
produced block height=42923 tx_total=0 successes=0
produced block height=42924 tx_total=0 successes=0
produced block height=42925 tx_total=0 successes=0
produced block height=42926 tx_total=0 successes=0
produced block height=42927 tx_total=0 successes=0
produced block height=42928 tx_total=0 successes=0
produced block height=42929 tx_total=0 successes=0
produced block height=42930 tx_total=0 successes=0
produced block height=42931 tx_total=0 successes=0
produced block height=42932 tx_total=0 successes=0
produced block height=42933 tx_total=0 successes=0
produced block height=42934 tx_total=0 successes=0
produced block height=42935 tx_total=0 successes=0
produced block height=42936 tx_total=0 successes=0
produced block height=42937 tx_total=0 successes=0
produced block height=42938 tx_total=0 successes=0
produced block height=42939 tx_total=0 successes=0
produced block height=42940 tx_total=0 successes=0
produced block height=42941 tx_total=0 successes=0
produced block height=42942 tx_total=0 successes=0
produced block height=42943 tx_total=0 successes=0
produced block height=42944 tx_total=0 successes=0
produced block height=42945 tx_total=0 successes=0
produced block height=42946 tx_total=0 successes=0
produced block height=42947 tx_total=0 successes=0
produced block height=42948 tx_total=0 successes=0
produced block height=42949 tx_total=0 successes=0
produced block height=42950 tx_total=0 successes=0
produced block height=42951 tx_total=0 successes=0
produced block height=42952 tx_total=0 successes=0
produced block height=42953 tx_total=0 successes=0
produced block height=42954 tx_total=0 successes=0
produced block height=42955 tx_total=0 successes=0
produced block height=42956 tx_total=0 successes=0
produced block height=42957 tx_total=0 successes=0
produced block height=42958 tx_total=0 successes=0
produced block height=42959 tx_total=0 successes=0
produced block height=42960 tx_total=0 successes=0
produced block height=42961 tx_total=0 successes=0
produced block height=42962 tx_total=0 successes=0
produced block height=42963 tx_total=0 successes=0
produced block height=42964 tx_total=0 successes=0
produced block height=42965 tx_total=0 successes=0
produced block height=42966 tx_total=0 successes=0
produced block height=42967 tx_total=0 successes=0
produced block height=42968 tx_total=0 successes=0
produced block height=42969 tx_total=0 successes=0
produced block height=42970 tx_total=0 successes=0
produced block height=42971 tx_total=0 successes=0
produced block height=42972 tx_total=0 successes=0
produced block height=42973 tx_total=0 successes=0
produced block height=42974 tx_total=0 successes=0
produced block height=42975 tx_total=0 successes=0
produced block height=42976 tx_total=0 successes=0
produced block height=42977 tx_total=0 successes=0
produced block height=42978 tx_total=0 successes=0
produced block height=42979 tx_total=0 successes=0
produced block height=42980 tx_total=0 successes=0
produced block height=42981 tx_total=0 successes=0
produced block height=42982 tx_total=0 successes=0
produced block height=42983 tx_total=0 successes=0
produced block height=42984 tx_total=0 successes=0
produced block height=42985 tx_total=0 successes=0
produced block height=42986 tx_total=0 successes=0
produced block height=42987 tx_total=0 successes=0
produced block height=42988 tx_total=0 successes=0
produced block height=42989 tx_total=0 successes=0
produced block height=42990 tx_total=0 successes=0
produced block height=42991 tx_total=0 successes=0
produced block height=42992 tx_total=0 successes=0
produced block height=42993 tx_total=0 successes=0
produced block height=42994 tx_total=0 successes=0
produced block height=42995 tx_total=0 successes=0
produced block height=42996 tx_total=0 successes=0
produced block height=42997 tx_total=0 successes=0
produced block height=42998 tx_total=0 successes=0
produced block height=42999 tx_total=0 successes=0
produced block height=43000 tx_total=0 successes=0
produced block height=43001 tx_total=0 successes=0
produced block height=43002 tx_total=0 successes=0
produced block height=43003 tx_total=0 successes=0
produced block height=43004 tx_total=0 successes=0
produced block height=43005 tx_total=0 successes=0
produced block height=43006 tx_total=0 successes=0
produced block height=43007 tx_total=0 successes=0
produced block height=43008 tx_total=0 successes=0
produced block height=43009 tx_total=0 successes=0
produced block height=43010 tx_total=0 successes=0
produced block height=43011 tx_total=0 successes=0
produced block height=43012 tx_total=0 successes=0
produced block height=43013 tx_total=0 successes=0
produced block height=43014 tx_total=0 successes=0
produced block height=43015 tx_total=0 successes=0
produced block height=43016 tx_total=0 successes=0
produced block height=43017 tx_total=0 successes=0
produced block height=43018 tx_total=0 successes=0
produced block height=43019 tx_total=0 successes=0
produced block height=43020 tx_total=0 successes=0
produced block height=43021 tx_total=0 successes=0
produced block height=43022 tx_total=0 successes=0
produced block height=43023 tx_total=0 successes=0
produced block height=43024 tx_total=0 successes=0
produced block height=43025 tx_total=0 successes=0
produced block height=43026 tx_total=0 successes=0
produced block height=43027 tx_total=0 successes=0
produced block height=43028 tx_total=0 successes=0
produced block height=43029 tx_total=0 successes=0
produced block height=43030 tx_total=0 successes=0
produced block height=43031 tx_total=0 successes=0
produced block height=43032 tx_total=0 successes=0
produced block height=43033 tx_total=0 successes=0
produced block height=43034 tx_total=0 successes=0
produced block height=43035 tx_total=0 successes=0
produced block height=43036 tx_total=0 successes=0
produced block height=43037 tx_total=0 successes=0
produced block height=43038 tx_total=0 successes=0
produced block height=43039 tx_total=0 successes=0
produced block height=43040 tx_total=0 successes=0
produced block height=43041 tx_total=0 successes=0
produced block height=43042 tx_total=0 successes=0
produced block height=43043 tx_total=0 successes=0
produced block height=43044 tx_total=0 successes=0
produced block height=43045 tx_total=0 successes=0
produced block height=43046 tx_total=0 successes=0
produced block height=43047 tx_total=0 successes=0
produced block height=43048 tx_total=0 successes=0
produced block height=43049 tx_total=0 successes=0
produced block height=43050 tx_total=0 successes=0
produced block height=43051 tx_total=0 successes=0
produced block height=43052 tx_total=0 successes=0
produced block height=43053 tx_total=0 successes=0
produced block height=43054 tx_total=0 successes=0
produced block height=43055 tx_total=0 successes=0
produced block height=43056 tx_total=0 successes=0
produced block height=43057 tx_total=0 successes=0
produced block height=43058 tx_total=0 successes=0
produced block height=43059 tx_total=0 successes=0
produced block height=43060 tx_total=0 successes=0
produced block height=43061 tx_total=0 successes=0
produced block height=43062 tx_total=0 successes=0
produced block height=43063 tx_total=0 successes=0
produced block height=43064 tx_total=0 successes=0
produced block height=43065 tx_total=0 successes=0
produced block height=43066 tx_total=0 successes=0
produced block height=43067 tx_total=0 successes=0
produced block height=43068 tx_total=0 successes=0
produced block height=43069 tx_total=0 successes=0
produced block height=43070 tx_total=0 successes=0
produced block height=43071 tx_total=0 successes=0
produced block height=43072 tx_total=0 successes=0
produced block height=43073 tx_total=0 successes=0
produced block height=43074 tx_total=0 successes=0
produced block height=43075 tx_total=0 successes=0
produced block height=43076 tx_total=0 successes=0
produced block height=43077 tx_total=0 successes=0
produced block height=43078 tx_total=0 successes=0
produced block height=43079 tx_total=0 successes=0
produced block height=43080 tx_total=0 successes=0
produced block height=43081 tx_total=0 successes=0
produced block height=43082 tx_total=0 successes=0
produced block height=43083 tx_total=0 successes=0
produced block height=43084 tx_total=0 successes=0
produced block height=43085 tx_total=0 successes=0
produced block height=43086 tx_total=0 successes=0
produced block height=43087 tx_total=0 successes=0
produced block height=43088 tx_total=0 successes=0
produced block height=43089 tx_total=0 successes=0
produced block height=43090 tx_total=0 successes=0
produced block height=43091 tx_total=0 successes=0
produced block height=43092 tx_total=0 successes=0
produced block height=43093 tx_total=0 successes=0
produced block height=43094 tx_total=0 successes=0
produced block height=43095 tx_total=0 successes=0
produced block height=43096 tx_total=0 successes=0
produced block height=43097 tx_total=0 successes=0
produced block height=43098 tx_total=0 successes=0
produced block height=43099 tx_total=0 successes=0
produced block height=43100 tx_total=0 successes=0
produced block height=43101 tx_total=0 successes=0
produced block height=43102 tx_total=0 successes=0
produced block height=43103 tx_total=0 successes=0
produced block height=43104 tx_total=0 successes=0
produced block height=43105 tx_total=0 successes=0
produced block height=43106 tx_total=0 successes=0
produced block height=43107 tx_total=0 successes=0
produced block height=43108 tx_total=0 successes=0
produced block height=43109 tx_total=0 successes=0
produced block height=43110 tx_total=0 successes=0
produced block height=43111 tx_total=0 successes=0
produced block height=43112 tx_total=0 successes=0
produced block height=43113 tx_total=0 successes=0
produced block height=43114 tx_total=0 successes=0
produced block height=43115 tx_total=0 successes=0
produced block height=43116 tx_total=0 successes=0
produced block height=43117 tx_total=0 successes=0
produced block height=43118 tx_total=0 successes=0
produced block height=43119 tx_total=0 successes=0
produced block height=43120 tx_total=0 successes=0
produced block height=43121 tx_total=0 successes=0
produced block height=43122 tx_total=0 successes=0
produced block height=43123 tx_total=0 successes=0
produced block height=43124 tx_total=0 successes=0
produced block height=43125 tx_total=0 successes=0
produced block height=43126 tx_total=0 successes=0
produced block height=43127 tx_total=0 successes=0
produced block height=43128 tx_total=0 successes=0
produced block height=43129 tx_total=0 successes=0
produced block height=43130 tx_total=0 successes=0
produced block height=43131 tx_total=0 successes=0
produced block height=43132 tx_total=0 successes=0
produced block height=43133 tx_total=0 successes=0
produced block height=43134 tx_total=0 successes=0
produced block height=43135 tx_total=0 successes=0
produced block height=43136 tx_total=0 successes=0
produced block height=43137 tx_total=0 successes=0
produced block height=43138 tx_total=0 successes=0
produced block height=43139 tx_total=0 successes=0
produced block height=43140 tx_total=0 successes=0
produced block height=43141 tx_total=0 successes=0
produced block height=43142 tx_total=0 successes=0
produced block height=43143 tx_total=0 successes=0
produced block height=43144 tx_total=0 successes=0
produced block height=43145 tx_total=0 successes=0
produced block height=43146 tx_total=0 successes=0
produced block height=43147 tx_total=0 successes=0
produced block height=43148 tx_total=0 successes=0
produced block height=43149 tx_total=0 successes=0
produced block height=43150 tx_total=0 successes=0
produced block height=43151 tx_total=0 successes=0
produced block height=43152 tx_total=0 successes=0
produced block height=43153 tx_total=0 successes=0
produced block height=43154 tx_total=0 successes=0
produced block height=43155 tx_total=0 successes=0
produced block height=43156 tx_total=0 successes=0
produced block height=43157 tx_total=0 successes=0
produced block height=43158 tx_total=0 successes=0
produced block height=43159 tx_total=0 successes=0
produced block height=43160 tx_total=0 successes=0
produced block height=43161 tx_total=0 successes=0
produced block height=43162 tx_total=0 successes=0
produced block height=43163 tx_total=0 successes=0
produced block height=43164 tx_total=0 successes=0
produced block height=43165 tx_total=0 successes=0
produced block height=43166 tx_total=0 successes=0
produced block height=43167 tx_total=0 successes=0
produced block height=43168 tx_total=0 successes=0
produced block height=43169 tx_total=0 successes=0
produced block height=43170 tx_total=0 successes=0
produced block height=43171 tx_total=0 successes=0
produced block height=43172 tx_total=0 successes=0
produced block height=43173 tx_total=0 successes=0
produced block height=43174 tx_total=0 successes=0
produced block height=43175 tx_total=0 successes=0
produced block height=43176 tx_total=0 successes=0
produced block height=43177 tx_total=0 successes=0
produced block height=43178 tx_total=0 successes=0
produced block height=43179 tx_total=0 successes=0
produced block height=43180 tx_total=0 successes=0
produced block height=43181 tx_total=0 successes=0
produced block height=43182 tx_total=0 successes=0
produced block height=43183 tx_total=0 successes=0
produced block height=43184 tx_total=0 successes=0
produced block height=43185 tx_total=0 successes=0
produced block height=43186 tx_total=0 successes=0
produced block height=43187 tx_total=0 successes=0
produced block height=43188 tx_total=0 successes=0
produced block height=43189 tx_total=0 successes=0
produced block height=43190 tx_total=0 successes=0
produced block height=43191 tx_total=0 successes=0
produced block height=43192 tx_total=0 successes=0
produced block height=43193 tx_total=0 successes=0
produced block height=43194 tx_total=0 successes=0
produced block height=43195 tx_total=0 successes=0
produced block height=43196 tx_total=0 successes=0
produced block height=43197 tx_total=0 successes=0
produced block height=43198 tx_total=0 successes=0
produced block height=43199 tx_total=0 successes=0
produced block height=43200 tx_total=0 successes=0
produced block height=43201 tx_total=0 successes=0
produced block height=43202 tx_total=0 successes=0
produced block height=43203 tx_total=0 successes=0
produced block height=43204 tx_total=0 successes=0
produced block height=43205 tx_total=0 successes=0
produced block height=43206 tx_total=0 successes=0
produced block height=43207 tx_total=0 successes=0
produced block height=43208 tx_total=0 successes=0
produced block height=43209 tx_total=0 successes=0
produced block height=43210 tx_total=0 successes=0
produced block height=43211 tx_total=0 successes=0
produced block height=43212 tx_total=0 successes=0
produced block height=43213 tx_total=0 successes=0
produced block height=43214 tx_total=0 successes=0
produced block height=43215 tx_total=0 successes=0
produced block height=43216 tx_total=0 successes=0
produced block height=43217 tx_total=0 successes=0
produced block height=43218 tx_total=0 successes=0
produced block height=43219 tx_total=0 successes=0
produced block height=43220 tx_total=0 successes=0
produced block height=43221 tx_total=0 successes=0
produced block height=43222 tx_total=0 successes=0
produced block height=43223 tx_total=0 successes=0
produced block height=43224 tx_total=0 successes=0
produced block height=43225 tx_total=0 successes=0
produced block height=43226 tx_total=0 successes=0
produced block height=43227 tx_total=0 successes=0
produced block height=43228 tx_total=0 successes=0
produced block height=43229 tx_total=0 successes=0
produced block height=43230 tx_total=0 successes=0
produced block height=43231 tx_total=0 successes=0
produced block height=43232 tx_total=0 successes=0
produced block height=43233 tx_total=0 successes=0
produced block height=43234 tx_total=0 successes=0
produced block height=43235 tx_total=0 successes=0
produced block height=43236 tx_total=0 successes=0
produced block height=43237 tx_total=0 successes=0
produced block height=43238 tx_total=0 successes=0
produced block height=43239 tx_total=0 successes=0
produced block height=43240 tx_total=0 successes=0
produced block height=43241 tx_total=0 successes=0
produced block height=43242 tx_total=0 successes=0
produced block height=43243 tx_total=0 successes=0
produced block height=43244 tx_total=0 successes=0
produced block height=43245 tx_total=0 successes=0
produced block height=43246 tx_total=0 successes=0
produced block height=43247 tx_total=0 successes=0
produced block height=43248 tx_total=0 successes=0
produced block height=43249 tx_total=0 successes=0
produced block height=43250 tx_total=0 successes=0
produced block height=43251 tx_total=0 successes=0
produced block height=43252 tx_total=0 successes=0
produced block height=43253 tx_total=0 successes=0
produced block height=43254 tx_total=0 successes=0
produced block height=43255 tx_total=0 successes=0
produced block height=43256 tx_total=0 successes=0
produced block height=43257 tx_total=0 successes=0
produced block height=43258 tx_total=0 successes=0
produced block height=43259 tx_total=0 successes=0
produced block height=43260 tx_total=0 successes=0
produced block height=43261 tx_total=0 successes=0
produced block height=43262 tx_total=0 successes=0
produced block height=43263 tx_total=0 successes=0
produced block height=43264 tx_total=0 successes=0
produced block height=43265 tx_total=0 successes=0
produced block height=43266 tx_total=0 successes=0
produced block height=43267 tx_total=0 successes=0
produced block height=43268 tx_total=0 successes=0
produced block height=43269 tx_total=0 successes=0
produced block height=43270 tx_total=0 successes=0
produced block height=43271 tx_total=0 successes=0
produced block height=43272 tx_total=0 successes=0
produced block height=43273 tx_total=0 successes=0
produced block height=43274 tx_total=0 successes=0
produced block height=43275 tx_total=0 successes=0
produced block height=43276 tx_total=0 successes=0
produced block height=43277 tx_total=0 successes=0
produced block height=43278 tx_total=0 successes=0
produced block height=43279 tx_total=0 successes=0
produced block height=43280 tx_total=0 successes=0
produced block height=43281 tx_total=0 successes=0
produced block height=43282 tx_total=0 successes=0
produced block height=43283 tx_total=0 successes=0
produced block height=43284 tx_total=0 successes=0
produced block height=43285 tx_total=0 successes=0
produced block height=43286 tx_total=0 successes=0
produced block height=43287 tx_total=0 successes=0
produced block height=43288 tx_total=0 successes=0
produced block height=43289 tx_total=0 successes=0
produced block height=43290 tx_total=0 successes=0
produced block height=43291 tx_total=0 successes=0
produced block height=43292 tx_total=0 successes=0
produced block height=43293 tx_total=0 successes=0
produced block height=43294 tx_total=0 successes=0
produced block height=43295 tx_total=0 successes=0
produced block height=43296 tx_total=0 successes=0
produced block height=43297 tx_total=0 successes=0
produced block height=43298 tx_total=0 successes=0
produced block height=43299 tx_total=0 successes=0
produced block height=43300 tx_total=0 successes=0
produced block height=43301 tx_total=0 successes=0
produced block height=43302 tx_total=0 successes=0
produced block height=43303 tx_total=0 successes=0
produced block height=43304 tx_total=0 successes=0
produced block height=43305 tx_total=0 successes=0
produced block height=43306 tx_total=0 successes=0
produced block height=43307 tx_total=0 successes=0
produced block height=43308 tx_total=0 successes=0
produced block height=43309 tx_total=0 successes=0
produced block height=43310 tx_total=0 successes=0
produced block height=43311 tx_total=0 successes=0
produced block height=43312 tx_total=0 successes=0
produced block height=43313 tx_total=0 successes=0
produced block height=43314 tx_total=0 successes=0
produced block height=43315 tx_total=0 successes=0
produced block height=43316 tx_total=0 successes=0
produced block height=43317 tx_total=0 successes=0
produced block height=43318 tx_total=0 successes=0
produced block height=43319 tx_total=0 successes=0
produced block height=43320 tx_total=0 successes=0
produced block height=43321 tx_total=0 successes=0
produced block height=43322 tx_total=0 successes=0
produced block height=43323 tx_total=0 successes=0
produced block height=43324 tx_total=0 successes=0
produced block height=43325 tx_total=0 successes=0
produced block height=43326 tx_total=0 successes=0
produced block height=43327 tx_total=0 successes=0
produced block height=43328 tx_total=0 successes=0
produced block height=43329 tx_total=0 successes=0
produced block height=43330 tx_total=0 successes=0
produced block height=43331 tx_total=0 successes=0
produced block height=43332 tx_total=0 successes=0
produced block height=43333 tx_total=0 successes=0
produced block height=43334 tx_total=0 successes=0
produced block height=43335 tx_total=0 successes=0
produced block height=43336 tx_total=0 successes=0
produced block height=43337 tx_total=0 successes=0
produced block height=43338 tx_total=0 successes=0
produced block height=43339 tx_total=0 successes=0
produced block height=43340 tx_total=0 successes=0
produced block height=43341 tx_total=0 successes=0
produced block height=43342 tx_total=0 successes=0
produced block height=43343 tx_total=0 successes=0
produced block height=43344 tx_total=0 successes=0
produced block height=43345 tx_total=0 successes=0
produced block height=43346 tx_total=0 successes=0
produced block height=43347 tx_total=0 successes=0
produced block height=43348 tx_total=0 successes=0
produced block height=43349 tx_total=0 successes=0
produced block height=43350 tx_total=0 successes=0
produced block height=43351 tx_total=0 successes=0
produced block height=43352 tx_total=0 successes=0
produced block height=43353 tx_total=0 successes=0
produced block height=43354 tx_total=0 successes=0
produced block height=43355 tx_total=0 successes=0
produced block height=43356 tx_total=0 successes=0
produced block height=43357 tx_total=0 successes=0
produced block height=43358 tx_total=0 successes=0
produced block height=43359 tx_total=0 successes=0
produced block height=43360 tx_total=0 successes=0
produced block height=43361 tx_total=0 successes=0
produced block height=43362 tx_total=0 successes=0
produced block height=43363 tx_total=0 successes=0
produced block height=43364 tx_total=0 successes=0
produced block height=43365 tx_total=0 successes=0
produced block height=43366 tx_total=0 successes=0
produced block height=43367 tx_total=0 successes=0
produced block height=43368 tx_total=0 successes=0
produced block height=43369 tx_total=0 successes=0
produced block height=43370 tx_total=0 successes=0
produced block height=43371 tx_total=0 successes=0
produced block height=43372 tx_total=0 successes=0
produced block height=43373 tx_total=0 successes=0
produced block height=43374 tx_total=0 successes=0
produced block height=43375 tx_total=0 successes=0
produced block height=43376 tx_total=0 successes=0
produced block height=43377 tx_total=0 successes=0
produced block height=43378 tx_total=0 successes=0
produced block height=43379 tx_total=0 successes=0
produced block height=43380 tx_total=0 successes=0
produced block height=43381 tx_total=0 successes=0
produced block height=43382 tx_total=0 successes=0
produced block height=43383 tx_total=0 successes=0
produced block height=43384 tx_total=0 successes=0
produced block height=43385 tx_total=0 successes=0
produced block height=43386 tx_total=0 successes=0
produced block height=43387 tx_total=0 successes=0
produced block height=43388 tx_total=0 successes=0
produced block height=43389 tx_total=0 successes=0
produced block height=43390 tx_total=0 successes=0
produced block height=43391 tx_total=0 successes=0
produced block height=43392 tx_total=0 successes=0
produced block height=43393 tx_total=0 successes=0
produced block height=43394 tx_total=0 successes=0
produced block height=43395 tx_total=0 successes=0
produced block height=43396 tx_total=0 successes=0
produced block height=43397 tx_total=0 successes=0
produced block height=43398 tx_total=0 successes=0
produced block height=43399 tx_total=0 successes=0
produced block height=43400 tx_total=0 successes=0
produced block height=43401 tx_total=0 successes=0
produced block height=43402 tx_total=0 successes=0
produced block height=43403 tx_total=0 successes=0
produced block height=43404 tx_total=0 successes=0
produced block height=43405 tx_total=0 successes=0
produced block height=43406 tx_total=0 successes=0
produced block height=43407 tx_total=0 successes=0
produced block height=43408 tx_total=0 successes=0
produced block height=43409 tx_total=0 successes=0
produced block height=43410 tx_total=0 successes=0
produced block height=43411 tx_total=0 successes=0
produced block height=43412 tx_total=0 successes=0
produced block height=43413 tx_total=0 successes=0
produced block height=43414 tx_total=0 successes=0
produced block height=43415 tx_total=0 successes=0
produced block height=43416 tx_total=0 successes=0
produced block height=43417 tx_total=0 successes=0
produced block height=43418 tx_total=0 successes=0
produced block height=43419 tx_total=0 successes=0
produced block height=43420 tx_total=0 successes=0
produced block height=43421 tx_total=0 successes=0
produced block height=43422 tx_total=0 successes=0
produced block height=43423 tx_total=0 successes=0
produced block height=43424 tx_total=0 successes=0
produced block height=43425 tx_total=0 successes=0
produced block height=43426 tx_total=0 successes=0
produced block height=43427 tx_total=0 successes=0
produced block height=43428 tx_total=0 successes=0
produced block height=43429 tx_total=0 successes=0
produced block height=43430 tx_total=0 successes=0
produced block height=43431 tx_total=0 successes=0
produced block height=43432 tx_total=0 successes=0
produced block height=43433 tx_total=0 successes=0
produced block height=43434 tx_total=0 successes=0
produced block height=43435 tx_total=0 successes=0
produced block height=43436 tx_total=0 successes=0
produced block height=43437 tx_total=0 successes=0
produced block height=43438 tx_total=0 successes=0
produced block height=43439 tx_total=0 successes=0
produced block height=43440 tx_total=0 successes=0
produced block height=43441 tx_total=0 successes=0
produced block height=43442 tx_total=0 successes=0
produced block height=43443 tx_total=0 successes=0
produced block height=43444 tx_total=0 successes=0
produced block height=43445 tx_total=0 successes=0
produced block height=43446 tx_total=0 successes=0
produced block height=43447 tx_total=0 successes=0
produced block height=43448 tx_total=0 successes=0
produced block height=43449 tx_total=0 successes=0
produced block height=43450 tx_total=0 successes=0
produced block height=43451 tx_total=0 successes=0
produced block height=43452 tx_total=0 successes=0
produced block height=43453 tx_total=0 successes=0
produced block height=43454 tx_total=0 successes=0
produced block height=43455 tx_total=0 successes=0
produced block height=43456 tx_total=0 successes=0
produced block height=43457 tx_total=0 successes=0
produced block height=43458 tx_total=0 successes=0
produced block height=43459 tx_total=0 successes=0
produced block height=43460 tx_total=0 successes=0
produced block height=43461 tx_total=0 successes=0
produced block height=43462 tx_total=0 successes=0
produced block height=43463 tx_total=0 successes=0
produced block height=43464 tx_total=0 successes=0
produced block height=43465 tx_total=0 successes=0
produced block height=43466 tx_total=0 successes=0
produced block height=43467 tx_total=0 successes=0
produced block height=43468 tx_total=0 successes=0
produced block height=43469 tx_total=0 successes=0
produced block height=43470 tx_total=0 successes=0
produced block height=43471 tx_total=0 successes=0
produced block height=43472 tx_total=0 successes=0
produced block height=43473 tx_total=0 successes=0
produced block height=43474 tx_total=0 successes=0
produced block height=43475 tx_total=0 successes=0
produced block height=43476 tx_total=0 successes=0
produced block height=43477 tx_total=0 successes=0
produced block height=43478 tx_total=0 successes=0
produced block height=43479 tx_total=0 successes=0
produced block height=43480 tx_total=0 successes=0
produced block height=43481 tx_total=0 successes=0
produced block height=43482 tx_total=0 successes=0
produced block height=43483 tx_total=0 successes=0
produced block height=43484 tx_total=0 successes=0
produced block height=43485 tx_total=0 successes=0
produced block height=43486 tx_total=0 successes=0
produced block height=43487 tx_total=0 successes=0
produced block height=43488 tx_total=0 successes=0
produced block height=43489 tx_total=0 successes=0
produced block height=43490 tx_total=0 successes=0
produced block height=43491 tx_total=0 successes=0
produced block height=43492 tx_total=0 successes=0
produced block height=43493 tx_total=0 successes=0
produced block height=43494 tx_total=0 successes=0
produced block height=43495 tx_total=0 successes=0
produced block height=43496 tx_total=0 successes=0
produced block height=43497 tx_total=0 successes=0
produced block height=43498 tx_total=0 successes=0
produced block height=43499 tx_total=0 successes=0
produced block height=43500 tx_total=0 successes=0
produced block height=43501 tx_total=0 successes=0
produced block height=43502 tx_total=0 successes=0
produced block height=43503 tx_total=0 successes=0
produced block height=43504 tx_total=0 successes=0
produced block height=43505 tx_total=0 successes=0
produced block height=43506 tx_total=0 successes=0
produced block height=43507 tx_total=0 successes=0
produced block height=43508 tx_total=0 successes=0
produced block height=43509 tx_total=0 successes=0
produced block height=43510 tx_total=0 successes=0
produced block height=43511 tx_total=0 successes=0
produced block height=43512 tx_total=0 successes=0
produced block height=43513 tx_total=0 successes=0
produced block height=43514 tx_total=0 successes=0
produced block height=43515 tx_total=0 successes=0
produced block height=43516 tx_total=0 successes=0
produced block height=43517 tx_total=0 successes=0
produced block height=43518 tx_total=0 successes=0
produced block height=43519 tx_total=0 successes=0
produced block height=43520 tx_total=0 successes=0
produced block height=43521 tx_total=0 successes=0
produced block height=43522 tx_total=0 successes=0
produced block height=43523 tx_total=0 successes=0
produced block height=43524 tx_total=0 successes=0
produced block height=43525 tx_total=0 successes=0
produced block height=43526 tx_total=0 successes=0
produced block height=43527 tx_total=0 successes=0
produced block height=43528 tx_total=0 successes=0
produced block height=43529 tx_total=0 successes=0
produced block height=43530 tx_total=0 successes=0
produced block height=43531 tx_total=0 successes=0
produced block height=43532 tx_total=0 successes=0
produced block height=43533 tx_total=0 successes=0
produced block height=43534 tx_total=0 successes=0
produced block height=43535 tx_total=0 successes=0
produced block height=43536 tx_total=0 successes=0
produced block height=43537 tx_total=0 successes=0
produced block height=43538 tx_total=0 successes=0
produced block height=43539 tx_total=0 successes=0
produced block height=43540 tx_total=0 successes=0
produced block height=43541 tx_total=0 successes=0
produced block height=43542 tx_total=0 successes=0
produced block height=43543 tx_total=0 successes=0
produced block height=43544 tx_total=0 successes=0
produced block height=43545 tx_total=0 successes=0
produced block height=43546 tx_total=0 successes=0
produced block height=43547 tx_total=0 successes=0
produced block height=43548 tx_total=0 successes=0
produced block height=43549 tx_total=0 successes=0
produced block height=43550 tx_total=0 successes=0
produced block height=43551 tx_total=0 successes=0
produced block height=43552 tx_total=0 successes=0
produced block height=43553 tx_total=0 successes=0
produced block height=43554 tx_total=0 successes=0
produced block height=43555 tx_total=0 successes=0
produced block height=43556 tx_total=0 successes=0
produced block height=43557 tx_total=0 successes=0
produced block height=43558 tx_total=0 successes=0
produced block height=43559 tx_total=0 successes=0
produced block height=43560 tx_total=0 successes=0
produced block height=43561 tx_total=0 successes=0
produced block height=43562 tx_total=0 successes=0
produced block height=43563 tx_total=0 successes=0
produced block height=43564 tx_total=0 successes=0
produced block height=43565 tx_total=0 successes=0
produced block height=43566 tx_total=0 successes=0
produced block height=43567 tx_total=0 successes=0
produced block height=43568 tx_total=0 successes=0
produced block height=43569 tx_total=0 successes=0
produced block height=43570 tx_total=0 successes=0
produced block height=43571 tx_total=0 successes=0
produced block height=43572 tx_total=0 successes=0
produced block height=43573 tx_total=0 successes=0
produced block height=43574 tx_total=0 successes=0
produced block height=43575 tx_total=0 successes=0
produced block height=43576 tx_total=0 successes=0
produced block height=43577 tx_total=0 successes=0
produced block height=43578 tx_total=0 successes=0
produced block height=43579 tx_total=0 successes=0
produced block height=43580 tx_total=0 successes=0
produced block height=43581 tx_total=0 successes=0
produced block height=43582 tx_total=0 successes=0
produced block height=43583 tx_total=0 successes=0
produced block height=43584 tx_total=0 successes=0
produced block height=43585 tx_total=0 successes=0
produced block height=43586 tx_total=0 successes=0
produced block height=43587 tx_total=0 successes=0
produced block height=43588 tx_total=0 successes=0
produced block height=43589 tx_total=0 successes=0
produced block height=43590 tx_total=0 successes=0
produced block height=43591 tx_total=0 successes=0
produced block height=43592 tx_total=0 successes=0
produced block height=43593 tx_total=0 successes=0
produced block height=43594 tx_total=0 successes=0
produced block height=43595 tx_total=0 successes=0
produced block height=43596 tx_total=0 successes=0
produced block height=43597 tx_total=0 successes=0
produced block height=43598 tx_total=0 successes=0
produced block height=43599 tx_total=0 successes=0
produced block height=43600 tx_total=0 successes=0
produced block height=43601 tx_total=0 successes=0
produced block height=43602 tx_total=0 successes=0
produced block height=43603 tx_total=0 successes=0
produced block height=43604 tx_total=0 successes=0
produced block height=43605 tx_total=0 successes=0
produced block height=43606 tx_total=0 successes=0
produced block height=43607 tx_total=0 successes=0
produced block height=43608 tx_total=0 successes=0
produced block height=43609 tx_total=0 successes=0
produced block height=43610 tx_total=0 successes=0
produced block height=43611 tx_total=0 successes=0
produced block height=43612 tx_total=0 successes=0
produced block height=43613 tx_total=0 successes=0
produced block height=43614 tx_total=0 successes=0
produced block height=43615 tx_total=0 successes=0
produced block height=43616 tx_total=0 successes=0
produced block height=43617 tx_total=0 successes=0
produced block height=43618 tx_total=0 successes=0
produced block height=43619 tx_total=0 successes=0
produced block height=43620 tx_total=0 successes=0
produced block height=43621 tx_total=0 successes=0
produced block height=43622 tx_total=0 successes=0
produced block height=43623 tx_total=0 successes=0
produced block height=43624 tx_total=0 successes=0
produced block height=43625 tx_total=0 successes=0
produced block height=43626 tx_total=0 successes=0
produced block height=43627 tx_total=0 successes=0
produced block height=43628 tx_total=0 successes=0
produced block height=43629 tx_total=0 successes=0
produced block height=43630 tx_total=0 successes=0
produced block height=43631 tx_total=0 successes=0
produced block height=43632 tx_total=0 successes=0
produced block height=43633 tx_total=0 successes=0
produced block height=43634 tx_total=0 successes=0
produced block height=43635 tx_total=0 successes=0
produced block height=43636 tx_total=0 successes=0
produced block height=43637 tx_total=0 successes=0
produced block height=43638 tx_total=0 successes=0
produced block height=43639 tx_total=0 successes=0
produced block height=43640 tx_total=0 successes=0
produced block height=43641 tx_total=0 successes=0
produced block height=43642 tx_total=0 successes=0
produced block height=43643 tx_total=0 successes=0
produced block height=43644 tx_total=0 successes=0
produced block height=43645 tx_total=0 successes=0
produced block height=43646 tx_total=0 successes=0
produced block height=43647 tx_total=0 successes=0
produced block height=43648 tx_total=0 successes=0
produced block height=43649 tx_total=0 successes=0
produced block height=43650 tx_total=0 successes=0
produced block height=43651 tx_total=0 successes=0
produced block height=43652 tx_total=0 successes=0
produced block height=43653 tx_total=0 successes=0
produced block height=43654 tx_total=0 successes=0
produced block height=43655 tx_total=0 successes=0
produced block height=43656 tx_total=0 successes=0
produced block height=43657 tx_total=0 successes=0
produced block height=43658 tx_total=0 successes=0
produced block height=43659 tx_total=0 successes=0
produced block height=43660 tx_total=0 successes=0
produced block height=43661 tx_total=0 successes=0
produced block height=43662 tx_total=0 successes=0
produced block height=43663 tx_total=0 successes=0
produced block height=43664 tx_total=0 successes=0
produced block height=43665 tx_total=0 successes=0
produced block height=43666 tx_total=0 successes=0
produced block height=43667 tx_total=0 successes=0
produced block height=43668 tx_total=0 successes=0
produced block height=43669 tx_total=0 successes=0
produced block height=43670 tx_total=0 successes=0
produced block height=43671 tx_total=0 successes=0
produced block height=43672 tx_total=0 successes=0
produced block height=43673 tx_total=0 successes=0
produced block height=43674 tx_total=0 successes=0
produced block height=43675 tx_total=0 successes=0
produced block height=43676 tx_total=0 successes=0
produced block height=43677 tx_total=0 successes=0
produced block height=43678 tx_total=0 successes=0
produced block height=43679 tx_total=0 successes=0
produced block height=43680 tx_total=0 successes=0
produced block height=43681 tx_total=0 successes=0
produced block height=43682 tx_total=0 successes=0
produced block height=43683 tx_total=0 successes=0
produced block height=43684 tx_total=0 successes=0
produced block height=43685 tx_total=0 successes=0
produced block height=43686 tx_total=0 successes=0
produced block height=43687 tx_total=0 successes=0
produced block height=43688 tx_total=0 successes=0
produced block height=43689 tx_total=0 successes=0
produced block height=43690 tx_total=0 successes=0
produced block height=43691 tx_total=0 successes=0
produced block height=43692 tx_total=0 successes=0
produced block height=43693 tx_total=0 successes=0
produced block height=43694 tx_total=0 successes=0
produced block height=43695 tx_total=0 successes=0
produced block height=43696 tx_total=0 successes=0
produced block height=43697 tx_total=0 successes=0
produced block height=43698 tx_total=0 successes=0
produced block height=43699 tx_total=0 successes=0
produced block height=43700 tx_total=0 successes=0
produced block height=43701 tx_total=0 successes=0
produced block height=43702 tx_total=0 successes=0
produced block height=43703 tx_total=0 successes=0
produced block height=43704 tx_total=0 successes=0
produced block height=43705 tx_total=0 successes=0
produced block height=43706 tx_total=0 successes=0
produced block height=43707 tx_total=0 successes=0
produced block height=43708 tx_total=0 successes=0
produced block height=43709 tx_total=0 successes=0
produced block height=43710 tx_total=0 successes=0
produced block height=43711 tx_total=0 successes=0
produced block height=43712 tx_total=0 successes=0
produced block height=43713 tx_total=0 successes=0
produced block height=43714 tx_total=0 successes=0
produced block height=43715 tx_total=0 successes=0
produced block height=43716 tx_total=0 successes=0
produced block height=43717 tx_total=0 successes=0
produced block height=43718 tx_total=0 successes=0
produced block height=43719 tx_total=0 successes=0
produced block height=43720 tx_total=0 successes=0
produced block height=43721 tx_total=0 successes=0
produced block height=43722 tx_total=0 successes=0
produced block height=43723 tx_total=0 successes=0
produced block height=43724 tx_total=0 successes=0
produced block height=43725 tx_total=0 successes=0
produced block height=43726 tx_total=0 successes=0
produced block height=43727 tx_total=0 successes=0
produced block height=43728 tx_total=0 successes=0
produced block height=43729 tx_total=0 successes=0
produced block height=43730 tx_total=0 successes=0
produced block height=43731 tx_total=0 successes=0
produced block height=43732 tx_total=0 successes=0
produced block height=43733 tx_total=0 successes=0
produced block height=43734 tx_total=0 successes=0
produced block height=43735 tx_total=0 successes=0
produced block height=43736 tx_total=0 successes=0
produced block height=43737 tx_total=0 successes=0
produced block height=43738 tx_total=0 successes=0
produced block height=43739 tx_total=0 successes=0
produced block height=43740 tx_total=0 successes=0
produced block height=43741 tx_total=0 successes=0
produced block height=43742 tx_total=0 successes=0
produced block height=43743 tx_total=0 successes=0
produced block height=43744 tx_total=0 successes=0
produced block height=43745 tx_total=0 successes=0
produced block height=43746 tx_total=0 successes=0
produced block height=43747 tx_total=0 successes=0
produced block height=43748 tx_total=0 successes=0
produced block height=43749 tx_total=0 successes=0
produced block height=43750 tx_total=0 successes=0
produced block height=43751 tx_total=0 successes=0
produced block height=43752 tx_total=0 successes=0
produced block height=43753 tx_total=0 successes=0
produced block height=43754 tx_total=0 successes=0
produced block height=43755 tx_total=0 successes=0
produced block height=43756 tx_total=0 successes=0
produced block height=43757 tx_total=0 successes=0
produced block height=43758 tx_total=0 successes=0
produced block height=43759 tx_total=0 successes=0
produced block height=43760 tx_total=0 successes=0
produced block height=43761 tx_total=0 successes=0
produced block height=43762 tx_total=0 successes=0
produced block height=43763 tx_total=0 successes=0
produced block height=43764 tx_total=0 successes=0
produced block height=43765 tx_total=0 successes=0
produced block height=43766 tx_total=0 successes=0
produced block height=43767 tx_total=0 successes=0
produced block height=43768 tx_total=0 successes=0
produced block height=43769 tx_total=0 successes=0
produced block height=43770 tx_total=0 successes=0
produced block height=43771 tx_total=0 successes=0
produced block height=43772 tx_total=0 successes=0
produced block height=43773 tx_total=0 successes=0
produced block height=43774 tx_total=0 successes=0
produced block height=43775 tx_total=0 successes=0
produced block height=43776 tx_total=0 successes=0
produced block height=43777 tx_total=0 successes=0
produced block height=43778 tx_total=0 successes=0
produced block height=43779 tx_total=0 successes=0
produced block height=43780 tx_total=0 successes=0
produced block height=43781 tx_total=0 successes=0
produced block height=43782 tx_total=0 successes=0
produced block height=43783 tx_total=0 successes=0
produced block height=43784 tx_total=0 successes=0
produced block height=43785 tx_total=0 successes=0
produced block height=43786 tx_total=0 successes=0
produced block height=43787 tx_total=0 successes=0
produced block height=43788 tx_total=0 successes=0
produced block height=43789 tx_total=0 successes=0
produced block height=43790 tx_total=0 successes=0
produced block height=43791 tx_total=0 successes=0
produced block height=43792 tx_total=0 successes=0
produced block height=43793 tx_total=0 successes=0
produced block height=43794 tx_total=0 successes=0
produced block height=43795 tx_total=0 successes=0
produced block height=43796 tx_total=0 successes=0
produced block height=43797 tx_total=0 successes=0
produced block height=43798 tx_total=0 successes=0
produced block height=43799 tx_total=0 successes=0
produced block height=43800 tx_total=0 successes=0
produced block height=43801 tx_total=0 successes=0
produced block height=43802 tx_total=0 successes=0
produced block height=43803 tx_total=0 successes=0
produced block height=43804 tx_total=0 successes=0
produced block height=43805 tx_total=0 successes=0
produced block height=43806 tx_total=0 successes=0
produced block height=43807 tx_total=0 successes=0
produced block height=43808 tx_total=0 successes=0
produced block height=43809 tx_total=0 successes=0
produced block height=43810 tx_total=0 successes=0
produced block height=43811 tx_total=0 successes=0
produced block height=43812 tx_total=0 successes=0
produced block height=43813 tx_total=0 successes=0
produced block height=43814 tx_total=0 successes=0
produced block height=43815 tx_total=0 successes=0
produced block height=43816 tx_total=0 successes=0
produced block height=43817 tx_total=0 successes=0
produced block height=43818 tx_total=0 successes=0
produced block height=43819 tx_total=0 successes=0
produced block height=43820 tx_total=0 successes=0
produced block height=43821 tx_total=0 successes=0
produced block height=43822 tx_total=0 successes=0
produced block height=43823 tx_total=0 successes=0
produced block height=43824 tx_total=0 successes=0
produced block height=43825 tx_total=0 successes=0
produced block height=43826 tx_total=0 successes=0
produced block height=43827 tx_total=0 successes=0
produced block height=43828 tx_total=0 successes=0
produced block height=43829 tx_total=0 successes=0
produced block height=43830 tx_total=0 successes=0
produced block height=43831 tx_total=0 successes=0
produced block height=43832 tx_total=0 successes=0
produced block height=43833 tx_total=0 successes=0
produced block height=43834 tx_total=0 successes=0
produced block height=43835 tx_total=0 successes=0
produced block height=43836 tx_total=0 successes=0
produced block height=43837 tx_total=0 successes=0
produced block height=43838 tx_total=0 successes=0
produced block height=43839 tx_total=0 successes=0
produced block height=43840 tx_total=0 successes=0
produced block height=43841 tx_total=0 successes=0
produced block height=43842 tx_total=0 successes=0
produced block height=43843 tx_total=0 successes=0
produced block height=43844 tx_total=0 successes=0
produced block height=43845 tx_total=0 successes=0
produced block height=43846 tx_total=0 successes=0
produced block height=43847 tx_total=0 successes=0
produced block height=43848 tx_total=0 successes=0
produced block height=43849 tx_total=0 successes=0
produced block height=43850 tx_total=0 successes=0
produced block height=43851 tx_total=0 successes=0
produced block height=43852 tx_total=0 successes=0
produced block height=43853 tx_total=0 successes=0
produced block height=43854 tx_total=0 successes=0
produced block height=43855 tx_total=0 successes=0
produced block height=43856 tx_total=0 successes=0
produced block height=43857 tx_total=0 successes=0
produced block height=43858 tx_total=0 successes=0
produced block height=43859 tx_total=0 successes=0
produced block height=43860 tx_total=0 successes=0
produced block height=43861 tx_total=0 successes=0
produced block height=43862 tx_total=0 successes=0
produced block height=43863 tx_total=0 successes=0
produced block height=43864 tx_total=0 successes=0
produced block height=43865 tx_total=0 successes=0
produced block height=43866 tx_total=0 successes=0
produced block height=43867 tx_total=0 successes=0
produced block height=43868 tx_total=0 successes=0
produced block height=43869 tx_total=0 successes=0
produced block height=43870 tx_total=0 successes=0
produced block height=43871 tx_total=0 successes=0
produced block height=43872 tx_total=0 successes=0
produced block height=43873 tx_total=0 successes=0
produced block height=43874 tx_total=0 successes=0
produced block height=43875 tx_total=0 successes=0
produced block height=43876 tx_total=0 successes=0
produced block height=43877 tx_total=0 successes=0
produced block height=43878 tx_total=0 successes=0
produced block height=43879 tx_total=0 successes=0
produced block height=43880 tx_total=0 successes=0
produced block height=43881 tx_total=0 successes=0
produced block height=43882 tx_total=0 successes=0
produced block height=43883 tx_total=0 successes=0
produced block height=43884 tx_total=0 successes=0
produced block height=43885 tx_total=0 successes=0
produced block height=43886 tx_total=0 successes=0
produced block height=43887 tx_total=0 successes=0
produced block height=43888 tx_total=0 successes=0
produced block height=43889 tx_total=0 successes=0
produced block height=43890 tx_total=0 successes=0
produced block height=43891 tx_total=0 successes=0
produced block height=43892 tx_total=0 successes=0
produced block height=43893 tx_total=0 successes=0
produced block height=43894 tx_total=0 successes=0
produced block height=43895 tx_total=0 successes=0
produced block height=43896 tx_total=0 successes=0
produced block height=43897 tx_total=0 successes=0
produced block height=43898 tx_total=0 successes=0
produced block height=43899 tx_total=0 successes=0
produced block height=43900 tx_total=0 successes=0
produced block height=43901 tx_total=0 successes=0
produced block height=43902 tx_total=0 successes=0
produced block height=43903 tx_total=0 successes=0
produced block height=43904 tx_total=0 successes=0
produced block height=43905 tx_total=0 successes=0
produced block height=43906 tx_total=0 successes=0
produced block height=43907 tx_total=0 successes=0
produced block height=43908 tx_total=0 successes=0
produced block height=43909 tx_total=0 successes=0
produced block height=43910 tx_total=0 successes=0
produced block height=43911 tx_total=0 successes=0
produced block height=43912 tx_total=0 successes=0
produced block height=43913 tx_total=0 successes=0
produced block height=43914 tx_total=0 successes=0
produced block height=43915 tx_total=0 successes=0
produced block height=43916 tx_total=0 successes=0
produced block height=43917 tx_total=0 successes=0
produced block height=43918 tx_total=0 successes=0
produced block height=43919 tx_total=0 successes=0
produced block height=43920 tx_total=0 successes=0
produced block height=43921 tx_total=0 successes=0
produced block height=43922 tx_total=0 successes=0
produced block height=43923 tx_total=0 successes=0
produced block height=43924 tx_total=0 successes=0
produced block height=43925 tx_total=0 successes=0
produced block height=43926 tx_total=0 successes=0
produced block height=43927 tx_total=0 successes=0
produced block height=43928 tx_total=0 successes=0
produced block height=43929 tx_total=0 successes=0
produced block height=43930 tx_total=0 successes=0
produced block height=43931 tx_total=0 successes=0
produced block height=43932 tx_total=0 successes=0
produced block height=43933 tx_total=0 successes=0
produced block height=43934 tx_total=0 successes=0
produced block height=43935 tx_total=0 successes=0
produced block height=43936 tx_total=0 successes=0
produced block height=43937 tx_total=0 successes=0
produced block height=43938 tx_total=0 successes=0
produced block height=43939 tx_total=0 successes=0
produced block height=43940 tx_total=0 successes=0
produced block height=43941 tx_total=0 successes=0
produced block height=43942 tx_total=0 successes=0
produced block height=43943 tx_total=0 successes=0
produced block height=43944 tx_total=0 successes=0
produced block height=43945 tx_total=0 successes=0
produced block height=43946 tx_total=0 successes=0
produced block height=43947 tx_total=0 successes=0
produced block height=43948 tx_total=0 successes=0
produced block height=43949 tx_total=0 successes=0
produced block height=43950 tx_total=0 successes=0
produced block height=43951 tx_total=0 successes=0
produced block height=43952 tx_total=0 successes=0
produced block height=43953 tx_total=0 successes=0
produced block height=43954 tx_total=0 successes=0
produced block height=43955 tx_total=0 successes=0
produced block height=43956 tx_total=0 successes=0
produced block height=43957 tx_total=0 successes=0
produced block height=43958 tx_total=0 successes=0
produced block height=43959 tx_total=0 successes=0
produced block height=43960 tx_total=0 successes=0
produced block height=43961 tx_total=0 successes=0
produced block height=43962 tx_total=0 successes=0
produced block height=43963 tx_total=0 successes=0
produced block height=43964 tx_total=0 successes=0
produced block height=43965 tx_total=0 successes=0
produced block height=43966 tx_total=0 successes=0
produced block height=43967 tx_total=0 successes=0
produced block height=43968 tx_total=0 successes=0
produced block height=43969 tx_total=0 successes=0
produced block height=43970 tx_total=0 successes=0
produced block height=43971 tx_total=0 successes=0
produced block height=43972 tx_total=0 successes=0
produced block height=43973 tx_total=0 successes=0
produced block height=43974 tx_total=0 successes=0
produced block height=43975 tx_total=0 successes=0
produced block height=43976 tx_total=0 successes=0
produced block height=43977 tx_total=0 successes=0
produced block height=43978 tx_total=0 successes=0
produced block height=43979 tx_total=0 successes=0
produced block height=43980 tx_total=0 successes=0
produced block height=43981 tx_total=0 successes=0
produced block height=43982 tx_total=0 successes=0
produced block height=43983 tx_total=0 successes=0
produced block height=43984 tx_total=0 successes=0
produced block height=43985 tx_total=0 successes=0
produced block height=43986 tx_total=0 successes=0
produced block height=43987 tx_total=0 successes=0
produced block height=43988 tx_total=0 successes=0
produced block height=43989 tx_total=0 successes=0
produced block height=43990 tx_total=0 successes=0
produced block height=43991 tx_total=0 successes=0
produced block height=43992 tx_total=0 successes=0
produced block height=43993 tx_total=0 successes=0
produced block height=43994 tx_total=0 successes=0
produced block height=43995 tx_total=0 successes=0
produced block height=43996 tx_total=0 successes=0
produced block height=43997 tx_total=0 successes=0
produced block height=43998 tx_total=0 successes=0
produced block height=43999 tx_total=0 successes=0
produced block height=44000 tx_total=0 successes=0
produced block height=44001 tx_total=0 successes=0
produced block height=44002 tx_total=0 successes=0
produced block height=44003 tx_total=0 successes=0
produced block height=44004 tx_total=0 successes=0
produced block height=44005 tx_total=0 successes=0
produced block height=44006 tx_total=0 successes=0
produced block height=44007 tx_total=0 successes=0
produced block height=44008 tx_total=0 successes=0
produced block height=44009 tx_total=0 successes=0
produced block height=44010 tx_total=0 successes=0
produced block height=44011 tx_total=0 successes=0
produced block height=44012 tx_total=0 successes=0
produced block height=44013 tx_total=0 successes=0
produced block height=44014 tx_total=0 successes=0
produced block height=44015 tx_total=0 successes=0
produced block height=44016 tx_total=0 successes=0
produced block height=44017 tx_total=0 successes=0
produced block height=44018 tx_total=0 successes=0
produced block height=44019 tx_total=0 successes=0
produced block height=44020 tx_total=0 successes=0
produced block height=44021 tx_total=0 successes=0
produced block height=44022 tx_total=0 successes=0
produced block height=44023 tx_total=0 successes=0
produced block height=44024 tx_total=0 successes=0
produced block height=44025 tx_total=0 successes=0
produced block height=44026 tx_total=0 successes=0
produced block height=44027 tx_total=0 successes=0
produced block height=44028 tx_total=0 successes=0
produced block height=44029 tx_total=0 successes=0
produced block height=44030 tx_total=0 successes=0
produced block height=44031 tx_total=0 successes=0
produced block height=44032 tx_total=0 successes=0
produced block height=44033 tx_total=0 successes=0
produced block height=44034 tx_total=0 successes=0
produced block height=44035 tx_total=0 successes=0
produced block height=44036 tx_total=0 successes=0
produced block height=44037 tx_total=0 successes=0
produced block height=44038 tx_total=0 successes=0
produced block height=44039 tx_total=0 successes=0
produced block height=44040 tx_total=0 successes=0
produced block height=44041 tx_total=0 successes=0
produced block height=44042 tx_total=0 successes=0
produced block height=44043 tx_total=0 successes=0
produced block height=44044 tx_total=0 successes=0
produced block height=44045 tx_total=0 successes=0
produced block height=44046 tx_total=0 successes=0
produced block height=44047 tx_total=0 successes=0
produced block height=44048 tx_total=0 successes=0
produced block height=44049 tx_total=0 successes=0
produced block height=44050 tx_total=0 successes=0
produced block height=44051 tx_total=0 successes=0
produced block height=44052 tx_total=0 successes=0
produced block height=44053 tx_total=0 successes=0
produced block height=44054 tx_total=0 successes=0
produced block height=44055 tx_total=0 successes=0
produced block height=44056 tx_total=0 successes=0
produced block height=44057 tx_total=0 successes=0
produced block height=44058 tx_total=0 successes=0
produced block height=44059 tx_total=0 successes=0
produced block height=44060 tx_total=0 successes=0
produced block height=44061 tx_total=0 successes=0
produced block height=44062 tx_total=0 successes=0
produced block height=44063 tx_total=0 successes=0
produced block height=44064 tx_total=0 successes=0
produced block height=44065 tx_total=0 successes=0
produced block height=44066 tx_total=0 successes=0
produced block height=44067 tx_total=0 successes=0
produced block height=44068 tx_total=0 successes=0
produced block height=44069 tx_total=0 successes=0
produced block height=44070 tx_total=0 successes=0
produced block height=44071 tx_total=0 successes=0
produced block height=44072 tx_total=0 successes=0
produced block height=44073 tx_total=0 successes=0
produced block height=44074 tx_total=0 successes=0
produced block height=44075 tx_total=0 successes=0
produced block height=44076 tx_total=0 successes=0
produced block height=44077 tx_total=0 successes=0
produced block height=44078 tx_total=0 successes=0
produced block height=44079 tx_total=0 successes=0
produced block height=44080 tx_total=0 successes=0
produced block height=44081 tx_total=0 successes=0
produced block height=44082 tx_total=0 successes=0
produced block height=44083 tx_total=0 successes=0
produced block height=44084 tx_total=0 successes=0
produced block height=44085 tx_total=0 successes=0
produced block height=44086 tx_total=0 successes=0
produced block height=44087 tx_total=0 successes=0
produced block height=44088 tx_total=0 successes=0
produced block height=44089 tx_total=0 successes=0
produced block height=44090 tx_total=0 successes=0
produced block height=44091 tx_total=0 successes=0
produced block height=44092 tx_total=0 successes=0
produced block height=44093 tx_total=0 successes=0
produced block height=44094 tx_total=0 successes=0
produced block height=44095 tx_total=0 successes=0
produced block height=44096 tx_total=0 successes=0
produced block height=44097 tx_total=0 successes=0
produced block height=44098 tx_total=0 successes=0
produced block height=44099 tx_total=0 successes=0
produced block height=44100 tx_total=0 successes=0
produced block height=44101 tx_total=0 successes=0
produced block height=44102 tx_total=0 successes=0
produced block height=44103 tx_total=0 successes=0
produced block height=44104 tx_total=0 successes=0
produced block height=44105 tx_total=0 successes=0
produced block height=44106 tx_total=0 successes=0
produced block height=44107 tx_total=0 successes=0
produced block height=44108 tx_total=0 successes=0
produced block height=44109 tx_total=0 successes=0
produced block height=44110 tx_total=0 successes=0
produced block height=44111 tx_total=0 successes=0
produced block height=44112 tx_total=0 successes=0
produced block height=44113 tx_total=0 successes=0
produced block height=44114 tx_total=0 successes=0
produced block height=44115 tx_total=0 successes=0
produced block height=44116 tx_total=0 successes=0
produced block height=44117 tx_total=0 successes=0
produced block height=44118 tx_total=0 successes=0
produced block height=44119 tx_total=0 successes=0
produced block height=44120 tx_total=0 successes=0
produced block height=44121 tx_total=0 successes=0
produced block height=44122 tx_total=0 successes=0
produced block height=44123 tx_total=0 successes=0
produced block height=44124 tx_total=0 successes=0
produced block height=44125 tx_total=0 successes=0
produced block height=44126 tx_total=0 successes=0
produced block height=44127 tx_total=0 successes=0
produced block height=44128 tx_total=0 successes=0
produced block height=44129 tx_total=0 successes=0
produced block height=44130 tx_total=0 successes=0
produced block height=44131 tx_total=0 successes=0
produced block height=44132 tx_total=0 successes=0
